,season,total_votes,n_lines,n_directions,n_words,n_speak_char,andy,angela,darryl,dwight,erin,holly,jan,jim,kelly,kevin,meredith,michael,oscar,pam,phyllis,ryan,stanley,toby,andy_perc,angela_perc,darryl_perc,dwight_perc,erin_perc,holly_perc,jan_perc,jim_perc,kelly_perc,kevin_perc,meredith_perc,michael_perc,oscar_perc,pam_perc,phyllis_perc,ryan_perc,stanley_perc,toby_perc,multi_part,Alex Hardcastle_dummy,Amy Heckerling_dummy,Asaad Kelada_dummy,B.J. Novak_dummy,Brent Forrester_dummy,Brian Baumgartner_dummy,Bryan Cranston_dummy,Bryan Gordon_dummy,Charles McDougal_dummy,Charles McDougall_dummy,Charlie Grandy_dummy,Claire Scanlon_dummy,Claire Scanlong_dummy,Craig Zisk_dummy,Daniel Chun_dummy,Danny Leiner_dummy,David Rogers_dummy,Dean Holland_dummy,Dennie Gordon_dummy,Ed Helms_dummy,Eric Appel_dummy,Gene Stupnitsky_dummy,Greg Daneils_dummy,Greg Daniels_dummy,Harold Ramis_dummy,J.J. Abrams_dummy,Jason Reitman_dummy,Jeffrey Blitz_dummy,Jennifer Celotta_dummy,Jesse Peretz_dummy,John Krasinski_dummy,John Scott_dummy,Jon Favreau_dummy,Joss Whedon_dummy,Julian Farino_dummy,Kelly Cantley-Kashima_dummy,Ken Kwapis_dummy,Ken Whittingham_dummy,Ken Wittingham_dummy,Lee Eisenberg_dummy,Lee Kirk_dummy,Marc Webb_dummy,Matt Sohn_dummy,Michael Spiller_dummy,Miguel Arteta_dummy,Mindy Kaling_dummy,Paul Feig_dummy,Paul Lieberstein_dummy,Paul Lieerstein_dummy,Rainn Wilson_dummy,Randall Einhorn_dummy,Reginald Hudlin_dummy,Rodman Flender_dummy,Roger Nygard_dummy,Seth Gordon_dummy,Stephen Merchant_dummy,Steve Carell_dummy,Troy Miller_dummy,Tucker Gates_dummy,Victor Nelli Jr._dummy,Aaron Shure_dummy,Allison Silverman_dummy,Amelie Gillette_dummy,Anthony Q. Farrell_dummy,B.J. Novak_dummy,Brent Forrester_dummy,Caroline Williams_dummy,Carrie Kemper_dummy,Charlie Grandy_dummy,Dan Greaney_dummy,Dan Sterling_dummy,Daniel Chun_dummy,Gabe Miller_dummy,Gene Stupnitsky_dummy,Graham Wagner_dummy,Greg Daniels_dummy,Halsted Sullivan_dummy,Jason Kessler_dummy,Jennifer Celotta_dummy,Jon Vitti_dummy,Jonathan Green_dummy,Jonathan Huges_dummy,Justin Spitzer_dummy,Larry Willmore_dummy,Lee Eisenberg_dummy,Lester Lewis_dummy,Michael Schur_dummy,Mindy Kaling_dummy,Nicki Schwartz-Wright_dummy,Owen Ellickson_dummy,Paul Lieberstein_dummy,Peter Ocko_dummy,Ricky Gervais_dummy,Robert Padnick_dummy,Ryan Koh_dummy,Stephen Merchant_dummy,Steve Carell_dummy,Steve Hely_dummy,Tim McAuliffe_dummy,Warren Lieberstein_dummy,Andy_dummy,Angela_dummy,Creed_dummy,Darryl_dummy,Dwight_dummy,Erin_dummy,Jim_dummy,Kelly_dummy,Kevin_dummy,Meredith_dummy,Michael_dummy,Oscar_dummy,Pam_dummy,Phyllis_dummy,Ryan_dummy,Stanley_dummy,Toby_dummy
151,8,1478,329,44,3177,23,41.0,31.0,5.0,57.0,12.0,0.0,0.0,59.0,2.0,12.0,2.0,0.0,24.0,24.0,11.0,2.0,4.0,5.0,0.1553030303030303,0.11742424242424243,0.01893939393939394,0.2159090909090909,0.045454545454545456,0.0,0.0,0.22348484848484848,0.007575757575757576,0.045454545454545456,0.007575757575757576,0.0,0.09090909090909091,0.09090909090909091,0.041666666666666664,0.007575757575757576,0.015151515151515152,0.01893939393939394,0,0,0,0,0,0,0,0,0,0,0,0,0,0,0,0,0,0,0,0,0,1,0,0,0,0,0,0,0,0,0,0,0,0,0,0,0,0,0,0,0,0,0,0,0,0,0,0,0,0,0,0,0,0,0,0,0,0,0,0,0,1,0,0,0,0,0,0,0,0,0,0,0,0,0,0,0,0,0,0,0,0,0,0,0,0,0,0,0,0,0,0,0,0,0,0,0,0,0,0,0,1,1,1,1,1,1,1,1,1,1,0,1,1,1,1,1,1
155,8,1478,259,32,3164,29,28.0,9.0,4.0,53.0,10.0,0.0,0.0,28.0,9.0,8.0,3.0,0.0,6.0,10.0,2.0,17.0,1.0,18.0,0.10071942446043165,0.03237410071942446,0.014388489208633094,0.1906474820143885,0.03597122302158273,0.0,0.0,0.10071942446043165,0.03237410071942446,0.02877697841726619,0.01079136690647482,0.0,0.02158273381294964,0.03597122302158273,0.007194244604316547,0.06115107913669065,0.0035971223021582736,0.06474820143884892,0,0,0,0,0,1,0,0,0,0,0,0,0,0,0,0,0,0,0,0,0,0,0,0,0,0,0,0,0,0,0,0,0,0,0,0,0,0,0,0,0,0,0,0,0,0,0,0,0,0,0,0,0,0,0,0,0,0,0,0,0,0,0,0,0,0,0,0,0,0,0,0,0,0,0,0,0,0,0,0,0,0,0,0,0,0,0,0,1,0,0,0,0,0,0,0,0,0,0,0,0,1,1,1,1,1,1,1,1,1,1,0,1,1,1,1,1,1
170,9,1438,322,42,2890,19,0.0,52.0,6.0,57.0,6.0,0.0,0.0,29.0,0.0,16.0,8.0,0.0,22.0,17.0,12.0,0.0,14.0,8.0,0.0,0.10379241516966067,0.011976047904191617,0.11377245508982035,0.011976047904191617,0.0,0.0,0.05788423153692615,0.0,0.031936127744510975,0.015968063872255488,0.0,0.043912175648702596,0.033932135728542916,0.023952095808383235,0.0,0.027944111776447105,0.015968063872255488,0,0,0,0,0,1,0,0,0,0,0,0,0,0,0,0,0,0,0,0,0,0,0,0,0,0,0,0,0,0,0,0,0,0,0,0,0,0,0,0,0,0,0,0,0,0,0,0,0,0,0,0,0,0,0,0,0,0,0,0,0,0,0,0,0,0,0,0,0,0,0,0,0,0,0,1,0,0,0,0,0,0,0,0,0,0,0,0,0,0,0,0,0,0,0,0,0,0,0,0,0,0,1,1,1,1,1,1,0,1,1,0,1,1,1,0,1,1
63,4,1977,188,55,2256,20,13.0,4.0,6.0,10.0,0.0,0.0,0.0,19.0,1.0,7.0,1.0,45.0,5.0,33.0,2.0,0.0,0.0,0.0,0.04609929078014184,0.014184397163120567,0.02127659574468085,0.03546099290780142,0.0,0.0,0.0,0.0673758865248227,0.0035460992907801418,0.024822695035460994,0.0035460992907801418,0.1595744680851064,0.01773049645390071,0.11702127659574468,0.0070921985815602835,0.0,0.0,0.0,0,0,0,0,0,0,0,0,0,0,0,0,0,0,0,0,0,0,0,0,0,0,0,0,0,0,0,0,0,0,0,0,0,0,0,0,0,0,0,0,0,0,0,0,0,0,0,0,0,0,0,0,0,0,0,0,0,0,0,1,0,0,0,0,0,0,0,0,0,0,0,0,0,0,1,0,0,0,0,0,0,0,0,0,0,1,0,0,0,0,0,0,0,0,0,0,0,0,0,0,0,1,1,1,1,1,0,1,1,1,1,1,1,1,1,0,0,0
129,7,1736,352,50,2876,20,37.0,9.0,16.0,24.0,38.0,38.0,0.0,23.0,1.0,13.0,1.0,73.0,17.0,24.0,3.0,6.0,1.0,0.0,0.12937062937062938,0.03146853146853147,0.055944055944055944,0.08391608391608392,0.13286713286713286,0.13286713286713286,0.0,0.08041958041958042,0.0034965034965034965,0.045454545454545456,0.0034965034965034965,0.25524475524475526,0.05944055944055944,0.08391608391608392,0.01048951048951049,0.02097902097902098,0.0034965034965034965,0.0,0,0,0,0,0,0,0,0,0,0,0,0,0,0,0,0,0,0,0,0,0,0,0,0,1,0,0,0,0,0,0,0,0,0,0,0,0,0,0,0,0,0,0,0,0,0,0,0,0,0,0,0,0,0,0,0,0,0,0,0,0,0,0,0,0,0,0,0,0,0,0,0,0,0,0,0,0,0,0,0,0,0,0,0,0,0,0,0,0,0,0,0,0,0,1,0,0,0,0,0,0,1,1,1,1,1,1,1,1,1,1,1,1,1,1,1,1,0
77,5,5948,416,93,4855,26,23.0,16.0,6.0,73.0,0.0,0.0,0.0,35.0,3.0,8.0,3.0,118.0,11.0,32.0,11.0,0.0,28.0,0.0,0.06267029972752043,0.043596730245231606,0.01634877384196185,0.1989100817438692,0.0,0.0,0.0,0.09536784741144415,0.008174386920980926,0.021798365122615803,0.008174386920980926,0.3215258855585831,0.02997275204359673,0.08719346049046321,0.02997275204359673,0.0,0.07629427792915532,0.0,1,0,0,0,0,0,0,0,0,0,0,0,0,0,0,0,0,0,0,0,0,0,0,0,0,0,0,0,1,0,0,0,0,0,0,0,0,0,0,0,0,0,0,0,0,0,0,0,0,0,0,0,0,0,0,0,0,0,0,0,0,0,0,0,0,0,0,0,0,0,0,0,0,0,0,0,0,0,0,0,0,0,0,0,0,0,0,0,0,0,0,1,0,0,0,0,0,0,0,0,0,1,1,1,1,1,0,1,1,1,1,1,1,1,1,0,1,0
15,2,2755,283,42,2788,20,0.0,9.0,11.0,42.0,0.0,0.0,0.0,28.0,8.0,11.0,10.0,87.0,8.0,17.0,5.0,15.0,5.0,3.0,0.0,0.03180212014134275,0.038869257950530034,0.14840989399293286,0.0,0.0,0.0,0.0989399293286219,0.028268551236749116,0.038869257950530034,0.0353356890459364,0.30742049469964666,0.028268551236749116,0.06007067137809187,0.0176678445229682,0.053003533568904596,0.0176678445229682,0.01060070671378092,0,0,0,0,0,0,0,0,0,0,1,0,0,0,0,0,0,0,0,0,0,0,0,0,0,0,0,0,0,0,0,0,0,0,0,0,0,0,0,0,0,0,0,0,0,0,0,0,0,0,0,0,0,0,0,0,0,0,0,0,0,0,0,0,0,0,0,0,0,0,0,0,0,0,0,0,0,0,0,0,0,0,0,0,0,0,0,1,0,0,0,0,0,0,0,0,0,0,0,0,0,0,1,1,1,1,0,1,1,1,1,1,1,1,1,1,1,1
117,7,1802,229,33,2334,17,49.0,16.0,11.0,17.0,19.0,0.0,0.0,19.0,2.0,0.0,1.0,43.0,1.0,17.0,4.0,0.0,2.0,0.0,0.16896551724137931,0.05517241379310345,0.03793103448275862,0.05862068965517241,0.06551724137931035,0.0,0.0,0.06551724137931035,0.006896551724137931,0.0,0.0034482758620689655,0.1482758620689655,0.0034482758620689655,0.05862068965517241,0.013793103448275862,0.0,0.006896551724137931,0.0,0,0,0,0,0,0,0,0,0,0,0,0,0,0,0,0,0,0,0,0,0,0,0,0,0,0,0,0,0,0,0,0,1,0,0,0,0,0,0,0,0,0,0,0,0,0,0,0,0,0,0,0,0,0,0,0,0,0,0,0,0,0,0,0,0,0,0,0,0,1,0,0,0,0,0,0,0,0,0,0,0,0,0,0,0,0,0,0,0,0,0,0,0,0,0,0,0,0,0,0,0,1,1,1,1,1,1,1,1,0,1,1,1,1,1,0,1,0
10,2,2561,269,40,2659,16,0.0,13.0,0.0,33.0,0.0,0.0,0.0,30.0,3.0,2.0,0.0,108.0,7.0,27.0,3.0,1.0,3.0,0.0,0.0,0.04924242424242424,0.0,0.125,0.0,0.0,0.0,0.11363636363636363,0.011363636363636364,0.007575757575757576,0.0,0.4090909090909091,0.026515151515151516,0.10227272727272728,0.011363636363636364,0.003787878787878788,0.011363636363636364,0.0,0,0,0,0,0,0,0,0,0,0,0,0,0,0,0,0,0,0,0,0,0,0,0,0,0,0,0,0,0,0,0,0,0,0,0,0,0,0,0,0,0,0,0,0,0,0,0,1,0,0,0,0,0,0,0,0,0,0,0,0,0,0,0,0,0,0,0,0,0,0,0,0,0,0,0,0,1,0,0,0,0,0,0,0,0,0,0,0,0,0,0,0,0,0,0,0,0,0,0,0,0,0,1,1,0,1,0,1,1,1,0,1,1,1,1,1,1,0
83,5,1864,267,37,2638,18,14.0,6.0,0.0,12.0,0.0,0.0,0.0,26.0,6.0,13.0,2.0,88.0,12.0,38.0,3.0,0.0,7.0,1.0,0.05343511450381679,0.022900763358778626,0.0,0.04580152671755725,0.0,0.0,0.0,0.09923664122137404,0.022900763358778626,0.04961832061068702,0.007633587786259542,0.33587786259541985,0.04580152671755725,0.1450381679389313,0.011450381679389313,0.0,0.026717557251908396,0.003816793893129771,0,0,0,0,0,0,0,0,0,0,0,0,0,0,0,0,0,0,0,0,0,0,0,0,0,0,0,0,0,0,0,0,0,0,0,0,0,0,0,0,0,0,0,0,0,0,0,0,1,0,0,0,0,0,0,0,0,0,0,0,0,1,0,0,0,0,0,0,0,0,0,0,0,0,0,0,0,0,0,0,0,0,0,0,0,0,0,0,0,0,0,0,0,0,0,0,0,0,0,0,0,1,1,1,0,1,0,1,1,1,1,1,1,1,1,0,1,1
86,5,1913,276,46,2900,14,25.0,0.0,0.0,83.0,0.0,0.0,0.0,22.0,1.0,1.0,0.0,90.0,0.0,15.0,5.0,6.0,1.0,0.0,0.0992063492063492,0.0,0.0,0.32936507936507936,0.0,0.0,0.0,0.0873015873015873,0.003968253968253968,0.003968253968253968,0.0,0.35714285714285715,0.0,0.05952380952380952,0.01984126984126984,0.023809523809523808,0.003968253968253968,0.0,0,0,0,0,0,0,0,0,0,0,0,0,0,0,0,0,0,0,0,0,0,0,0,0,0,0,0,0,0,0,0,0,0,0,0,0,0,0,1,0,0,0,0,0,0,0,0,0,0,0,0,0,0,0,0,0,0,0,0,0,0,0,0,0,0,0,0,0,0,0,0,0,0,0,0,0,0,0,0,0,0,0,0,0,0,0,0,0,0,0,0,0,0,0,0,1,0,0,0,0,0,1,0,0,0,1,0,1,1,1,0,1,0,1,1,1,1,0
163,9,1577,225,24,2638,23,33.0,16.0,3.0,42.0,4.0,0.0,0.0,21.0,2.0,7.0,2.0,0.0,9.0,19.0,1.0,1.0,3.0,11.0,0.14666666666666667,0.07111111111111111,0.013333333333333334,0.18666666666666668,0.017777777777777778,0.0,0.0,0.09333333333333334,0.008888888888888889,0.03111111111111111,0.008888888888888889,0.0,0.04,0.08444444444444445,0.0044444444444444444,0.0044444444444444444,0.013333333333333334,0.04888888888888889,0,0,0,0,0,0,0,0,0,0,0,0,0,0,0,0,0,0,0,0,0,0,0,0,1,0,0,0,0,0,0,0,0,0,0,0,0,0,0,0,0,0,0,0,0,0,0,0,0,0,0,0,0,0,0,0,0,0,0,0,0,0,0,0,0,0,0,0,0,0,0,0,0,0,0,0,1,0,0,0,0,0,0,0,0,0,0,0,0,0,0,0,0,0,0,0,0,0,0,0,0,1,1,1,1,1,1,1,1,1,1,0,1,1,1,1,1,1
36,3,2373,191,23,2419,17,17.0,10.0,0.0,4.0,0.0,0.0,7.0,31.0,0.0,13.0,1.0,54.0,0.0,16.0,1.0,3.0,2.0,4.0,0.03346456692913386,0.01968503937007874,0.0,0.007874015748031496,0.0,0.0,0.013779527559055118,0.0610236220472441,0.0,0.025590551181102362,0.001968503937007874,0.1062992125984252,0.0,0.031496062992125984,0.001968503937007874,0.005905511811023622,0.003937007874015748,0.007874015748031496,0,0,0,0,0,0,0,0,0,0,0,0,0,0,0,0,0,0,0,0,0,0,0,0,0,0,0,0,1,0,0,0,0,0,0,0,0,0,0,0,0,0,0,0,0,0,0,0,0,0,0,0,0,0,0,0,0,0,0,0,0,0,0,0,0,0,0,0,0,0,0,0,0,0,0,0,0,0,0,0,0,0,0,0,0,0,0,0,0,0,0,0,0,1,0,0,1,0,0,0,0,1,1,1,0,1,0,1,0,1,1,1,0,1,1,1,1,1
4,1,3179,230,49,2437,18,0.0,3.0,15.0,25.0,0.0,0.0,0.0,21.0,0.0,1.0,0.0,104.0,2.0,14.0,4.0,8.0,3.0,0.0,0.0,0.013043478260869565,0.06521739130434782,0.10869565217391304,0.0,0.0,0.0,0.09130434782608696,0.0,0.004347826086956522,0.0,0.45217391304347826,0.008695652173913044,0.06086956521739131,0.017391304347826087,0.034782608695652174,0.013043478260869565,0.0,0,0,0,0,0,0,0,0,0,0,0,0,0,0,0,0,0,0,0,0,0,0,0,0,1,0,0,0,0,0,0,0,0,0,0,0,0,0,0,0,0,0,0,0,0,0,0,0,0,0,0,0,0,0,0,0,0,0,0,0,0,0,0,0,0,0,0,0,0,0,0,0,0,0,0,0,1,0,0,0,0,0,0,0,0,0,0,0,0,0,0,0,0,0,0,0,0,0,0,0,0,0,1,0,1,1,0,1,0,1,0,1,1,1,1,1,1,0
85,5,2032,256,38,2623,17,18.0,0.0,0.0,28.0,16.0,0.0,0.0,28.0,5.0,2.0,1.0,46.0,5.0,45.0,1.0,25.0,3.0,3.0,0.0759493670886076,0.0,0.0,0.11814345991561181,0.06751054852320675,0.0,0.0,0.11814345991561181,0.02109704641350211,0.008438818565400843,0.004219409282700422,0.1940928270042194,0.02109704641350211,0.189873417721519,0.004219409282700422,0.10548523206751055,0.012658227848101266,0.012658227848101266,0,0,0,0,0,0,0,0,0,0,0,0,0,0,0,0,0,0,0,0,0,0,1,0,0,0,0,0,0,0,0,0,0,0,0,0,0,0,0,0,1,0,0,0,0,0,0,0,0,0,0,0,0,0,0,0,0,0,0,0,0,0,0,0,0,0,0,0,0,0,0,0,0,0,0,0,0,0,0,0,0,0,0,1,0,0,0,0,0,0,0,0,0,0,0,0,0,0,0,0,0,1,0,1,0,1,1,1,1,1,1,1,1,1,1,1,1,1
158,8,1489,307,60,3087,26,48.0,8.0,1.0,22.0,25.0,0.0,0.0,39.0,0.0,3.0,0.0,0.0,11.0,32.0,9.0,3.0,1.0,0.0,0.1458966565349544,0.0243161094224924,0.00303951367781155,0.0668693009118541,0.07598784194528875,0.0,0.0,0.11854103343465046,0.0,0.00911854103343465,0.0,0.0,0.03343465045592705,0.0972644376899696,0.02735562310030395,0.00911854103343465,0.00303951367781155,0.0,0,0,0,0,0,0,0,0,0,0,0,0,0,0,0,0,0,0,0,0,1,0,0,0,0,0,0,0,0,0,0,0,0,0,0,0,0,0,0,0,0,0,0,0,0,0,0,0,0,0,0,0,0,0,0,0,0,0,0,0,0,0,0,0,0,0,0,0,0,0,0,0,0,0,0,0,0,0,0,0,0,0,0,0,0,0,0,0,0,0,0,0,0,0,0,0,0,0,1,0,0,1,1,1,1,1,1,1,0,1,1,0,1,1,1,1,1,0
95,6,1829,353,41,3297,19,57.0,0.0,0.0,50.0,7.0,0.0,0.0,14.0,0.0,17.0,3.0,122.0,18.0,5.0,1.0,4.0,0.0,3.0,0.17378048780487804,0.0,0.0,0.1524390243902439,0.021341463414634148,0.0,0.0,0.042682926829268296,0.0,0.051829268292682924,0.009146341463414634,0.3719512195121951,0.054878048780487805,0.01524390243902439,0.003048780487804878,0.012195121951219513,0.0,0.009146341463414634,0,0,0,0,0,0,0,0,0,0,0,0,0,0,0,0,0,1,0,0,0,0,0,0,0,0,0,0,0,0,0,0,0,0,0,0,0,0,0,0,0,0,0,0,0,0,0,0,0,0,0,0,0,0,0,0,0,0,0,0,0,0,0,0,0,0,1,0,0,0,0,0,0,0,0,0,0,0,0,0,0,0,0,0,0,0,0,0,0,0,0,0,0,0,0,0,0,0,0,0,0,1,0,1,0,1,1,1,0,1,1,1,1,1,1,1,0,1
94,6,3579,552,83,5580,33,33.0,12.0,0.0,84.0,10.0,0.0,0.0,56.0,3.0,30.0,6.0,129.0,9.0,70.0,3.0,3.0,7.0,4.0,0.12359550561797752,0.0449438202247191,0.0,0.3146067415730337,0.03745318352059925,0.0,0.0,0.20973782771535582,0.011235955056179775,0.11235955056179775,0.02247191011235955,0.48314606741573035,0.033707865168539325,0.26217228464419473,0.011235955056179775,0.011235955056179775,0.026217228464419477,0.0149812734082397,1,0,0,0,0,0,0,0,0,0,0,0,0,0,0,0,0,0,0,0,0,0,0,0,0,0,0,0,0,0,0,0,0,0,0,0,0,0,0,0,0,0,0,0,0,0,0,1,0,0,0,0,0,0,0,0,0,0,0,0,0,0,0,0,0,0,0,0,0,0,0,0,0,0,0,0,1,0,0,0,0,0,0,0,0,0,0,0,1,0,0,0,0,0,0,0,0,0,0,0,0,1,1,0,0,1,1,1,1,1,1,1,1,1,1,1,1,1
147,8,1553,278,49,2979,16,57.0,2.0,24.0,48.0,7.0,0.0,0.0,26.0,1.0,2.0,0.0,0.0,11.0,0.0,3.0,3.0,0.0,3.0,0.19322033898305085,0.006779661016949152,0.08135593220338982,0.16271186440677965,0.023728813559322035,0.0,0.0,0.08813559322033898,0.003389830508474576,0.006779661016949152,0.0,0.0,0.03728813559322034,0.0,0.010169491525423728,0.010169491525423728,0.0,0.010169491525423728,0,0,0,0,0,0,0,0,0,0,0,1,0,0,0,0,0,0,0,0,0,0,0,0,0,0,0,0,0,0,0,0,0,0,0,0,0,0,0,0,0,0,0,0,0,0,0,0,0,0,0,0,0,0,0,0,0,0,0,0,0,0,0,0,0,0,0,0,0,0,1,0,0,0,0,0,0,0,0,0,0,0,0,0,0,0,0,0,0,0,0,0,0,0,0,0,0,0,0,0,0,1,1,1,1,1,1,1,1,1,0,0,1,0,1,1,0,1
184,9,2860,501,54,4965,30,44.0,39.0,30.0,87.0,22.0,0.0,0.0,89.0,0.0,30.0,9.0,0.0,28.0,34.0,7.0,0.0,4.0,0.0,0.16923076923076924,0.15,0.11538461538461539,0.3346153846153846,0.08461538461538462,0.0,0.0,0.3423076923076923,0.0,0.11538461538461539,0.03461538461538462,0.0,0.1076923076923077,0.13076923076923078,0.026923076923076925,0.0,0.015384615384615385,0.0,0,0,0,0,0,0,0,0,0,0,0,0,0,0,0,0,0,1,0,0,0,0,0,0,0,0,0,0,0,0,0,0,0,0,0,0,0,0,0,0,0,0,0,0,0,0,0,0,0,0,0,0,0,0,0,0,0,0,0,0,0,0,0,0,0,0,1,0,0,0,0,0,0,0,0,0,0,0,0,0,0,0,0,0,0,0,0,0,0,0,0,0,0,0,0,0,0,0,0,0,0,1,1,1,1,1,1,1,0,1,1,0,1,1,1,0,1,0
116,7,1684,268,19,2976,20,13.0,4.0,4.0,48.0,4.0,0.0,0.0,34.0,6.0,0.0,0.0,31.0,7.0,39.0,3.0,3.0,3.0,35.0,0.021739130434782608,0.006688963210702341,0.006688963210702341,0.0802675585284281,0.006688963210702341,0.0,0.0,0.056856187290969896,0.010033444816053512,0.0,0.0,0.051839464882943144,0.011705685618729096,0.06521739130434782,0.005016722408026756,0.005016722408026756,0.005016722408026756,0.05852842809364549,0,0,0,0,0,0,0,0,0,0,0,0,0,0,0,0,0,0,0,0,0,0,0,0,0,0,0,0,1,0,0,0,0,0,0,0,0,0,0,0,0,0,0,0,0,0,0,0,0,0,0,0,0,0,0,0,0,0,0,0,0,0,0,0,0,1,0,0,0,0,0,0,0,0,0,0,0,0,0,0,0,0,0,0,0,0,0,0,0,0,0,0,0,0,0,0,0,0,0,0,0,1,1,1,1,1,1,1,1,0,0,1,1,1,1,1,1,1
72,5,2089,298,41,2876,20,6.0,2.0,0.0,38.0,0.0,0.0,0.0,31.0,10.0,2.0,2.0,90.0,3.0,26.0,3.0,18.0,0.0,29.0,0.02197802197802198,0.007326007326007326,0.0,0.1391941391941392,0.0,0.0,0.0,0.11355311355311355,0.03663003663003663,0.007326007326007326,0.007326007326007326,0.32967032967032966,0.01098901098901099,0.09523809523809523,0.01098901098901099,0.06593406593406594,0.0,0.10622710622710622,0,0,0,0,0,0,0,0,0,0,0,0,0,0,0,0,0,0,0,0,0,0,0,0,0,0,0,1,0,0,0,0,0,0,0,0,0,0,0,0,0,0,0,0,0,0,0,0,0,0,0,0,0,0,0,0,0,0,0,0,0,0,0,0,0,0,0,0,0,0,0,0,0,0,0,0,0,0,0,0,0,0,0,0,0,0,0,0,1,0,0,0,0,0,0,0,0,0,0,0,0,1,1,1,0,1,0,1,1,1,1,1,1,1,1,1,0,1
49,3,2783,281,55,3469,18,18.0,8.0,0.0,38.0,0.0,0.0,0.0,22.0,9.0,5.0,2.0,105.0,5.0,23.0,1.0,3.0,12.0,4.0,0.1,0.044444444444444446,0.0,0.2111111111111111,0.0,0.0,0.0,0.12222222222222222,0.05,0.027777777777777776,0.011111111111111112,0.5833333333333334,0.027777777777777776,0.12777777777777777,0.005555555555555556,0.016666666666666666,0.06666666666666667,0.022222222222222223,0,0,0,0,0,0,0,0,0,0,0,0,0,0,0,0,0,0,0,0,0,0,0,0,0,1,0,0,0,0,0,0,0,0,0,0,0,0,0,0,0,0,0,0,0,0,0,0,0,0,0,0,0,0,0,0,0,0,0,0,0,0,0,0,0,0,0,0,0,0,0,0,0,0,0,0,1,0,0,1,0,0,0,0,0,0,0,0,0,0,0,0,0,0,0,0,0,0,0,0,0,1,1,1,0,1,0,1,1,1,1,1,1,1,1,1,1,1
20,2,2323,281,20,3063,21,0.0,5.0,27.0,12.0,0.0,0.0,55.0,22.0,9.0,4.0,5.0,76.0,0.0,26.0,9.0,2.0,1.0,0.0,0.0,0.01968503937007874,0.1062992125984252,0.047244094488188976,0.0,0.0,0.21653543307086615,0.08661417322834646,0.03543307086614173,0.015748031496062992,0.01968503937007874,0.2992125984251969,0.0,0.10236220472440945,0.03543307086614173,0.007874015748031496,0.003937007874015748,0.0,0,0,0,0,0,0,0,0,0,0,0,0,0,0,0,0,0,0,0,1,0,0,0,0,0,0,0,0,0,0,0,0,0,0,0,0,0,0,0,0,0,0,0,0,0,0,0,0,0,0,0,0,0,0,0,0,0,0,0,0,0,0,0,0,0,1,0,0,0,0,0,0,0,0,0,0,0,0,0,0,0,0,0,0,0,0,0,0,0,0,0,0,0,0,0,0,0,0,0,0,0,0,1,0,1,1,0,1,1,1,1,1,0,1,1,1,1,0
35,3,2376,474,52,3984,21,41.0,4.0,0.0,73.0,0.0,0.0,6.0,66.0,6.0,7.0,2.0,125.0,0.0,36.0,8.0,9.0,4.0,16.0,0.14590747330960854,0.014234875444839857,0.0,0.2597864768683274,0.0,0.0,0.021352313167259787,0.23487544483985764,0.021352313167259787,0.02491103202846975,0.0071174377224199285,0.44483985765124556,0.0,0.12811387900355872,0.028469750889679714,0.03202846975088968,0.014234875444839857,0.05693950177935943,0,0,0,0,0,0,0,0,0,0,0,0,0,0,0,0,0,0,0,0,0,0,0,0,0,0,0,0,0,0,0,0,0,0,0,0,0,0,1,0,0,0,0,0,0,0,0,0,0,0,0,0,0,0,0,0,0,0,0,0,0,0,0,0,0,0,1,0,0,0,0,0,0,0,0,0,0,0,0,0,0,0,0,0,0,0,0,0,0,0,0,0,0,0,0,0,0,0,0,0,0,1,1,1,0,1,0,1,1,1,1,1,0,1,1,1,1,1
70,5,2018,367,78,3214,15,26.0,6.0,1.0,85.0,0.0,0.0,0.0,104.0,23.0,2.0,0.0,63.0,0.0,30.0,0.0,6.0,0.0,0.0,0.08150470219435736,0.018808777429467086,0.003134796238244514,0.2664576802507837,0.0,0.0,0.0,0.32601880877742945,0.07210031347962383,0.006269592476489028,0.0,0.1974921630094044,0.0,0.09404388714733543,0.0,0.018808777429467086,0.0,0.0,0,0,0,0,0,0,0,0,0,0,0,0,0,0,0,0,0,0,0,0,0,0,0,0,0,0,0,0,0,0,0,0,0,0,0,0,0,0,0,0,0,0,0,0,0,0,0,0,0,0,0,0,0,0,0,0,1,0,0,0,0,0,0,0,0,0,0,0,0,0,0,0,0,0,0,0,0,0,0,0,0,0,0,0,0,0,1,0,0,0,0,0,0,0,0,0,0,0,0,0,0,1,1,0,1,1,0,1,1,1,0,1,0,1,0,1,0,0
81,5,1987,311,67,3223,13,12.0,0.0,3.0,71.0,0.0,0.0,0.0,39.0,0.0,10.0,0.0,113.0,7.0,24.0,0.0,0.0,1.0,0.0,0.05,0.0,0.0125,0.29583333333333334,0.0,0.0,0.0,0.1625,0.0,0.041666666666666664,0.0,0.4708333333333333,0.029166666666666667,0.1,0.0,0.0,0.004166666666666667,0.0,0,0,0,0,0,0,0,0,0,0,0,0,0,0,0,0,0,0,0,0,0,0,0,0,0,0,0,0,0,0,0,0,0,0,0,0,0,0,0,0,0,0,0,0,0,0,0,0,0,0,0,1,0,0,0,0,0,0,0,0,0,0,0,0,0,0,0,0,0,0,0,0,0,0,0,0,0,0,0,0,0,0,0,0,0,0,0,0,1,0,0,0,0,0,0,0,0,0,0,0,0,1,0,1,1,1,0,1,0,1,0,1,1,1,0,0,1,0
29,3,2275,299,11,2563,21,0.0,9.0,0.0,37.0,0.0,0.0,12.0,32.0,8.0,3.0,1.0,108.0,0.0,30.0,2.0,3.0,1.0,6.0,0.0,0.041666666666666664,0.0,0.1712962962962963,0.0,0.0,0.05555555555555555,0.14814814814814814,0.037037037037037035,0.013888888888888888,0.004629629629629629,0.5,0.0,0.1388888888888889,0.009259259259259259,0.013888888888888888,0.004629629629629629,0.027777777777777776,0,0,0,0,0,0,0,0,0,0,0,0,0,0,0,0,0,0,0,0,0,0,0,0,0,0,0,0,0,0,0,0,0,0,0,0,0,0,1,0,0,0,0,0,0,0,0,0,0,0,0,0,0,0,0,0,0,0,0,0,0,0,0,0,0,0,0,0,0,0,0,0,0,0,1,0,0,0,0,0,0,0,0,0,0,1,0,0,0,0,0,0,0,0,0,0,0,0,0,0,0,0,1,1,0,1,0,1,1,1,1,1,0,1,1,1,1,1
60,4,2095,220,61,2680,20,14.0,1.0,0.0,17.0,0.0,0.0,0.0,21.0,0.0,20.0,0.0,72.0,2.0,35.0,9.0,0.0,1.0,0.0,0.0498220640569395,0.0035587188612099642,0.0,0.060498220640569395,0.0,0.0,0.0,0.07473309608540925,0.0,0.0711743772241993,0.0,0.25622775800711745,0.0071174377224199285,0.12455516014234876,0.03202846975088968,0.0,0.0035587188612099642,0.0,0,0,0,0,0,0,0,0,0,0,0,0,0,0,0,0,0,0,0,0,0,0,0,0,0,0,0,0,1,0,0,0,0,0,0,0,0,0,0,0,0,0,0,0,0,0,0,0,0,0,0,0,0,0,0,0,0,0,0,0,0,0,0,0,0,1,0,0,0,0,0,0,0,0,0,0,0,0,0,0,0,0,0,0,0,0,0,0,0,0,0,0,0,0,0,0,0,0,0,0,0,1,1,1,0,1,0,1,0,1,0,1,1,1,1,0,1,0
119,7,1612,390,47,3405,19,38.0,2.0,23.0,56.0,2.0,0.0,0.0,59.0,3.0,12.0,15.0,85.0,16.0,10.0,8.0,3.0,5.0,0.0,0.1450381679389313,0.007633587786259542,0.08778625954198473,0.21374045801526717,0.007633587786259542,0.0,0.0,0.22519083969465647,0.011450381679389313,0.04580152671755725,0.05725190839694656,0.3244274809160305,0.061068702290076333,0.03816793893129771,0.030534351145038167,0.011450381679389313,0.019083969465648856,0.0,0,0,0,0,0,0,0,0,0,0,0,0,0,0,0,0,0,0,0,0,0,0,0,0,0,0,0,0,0,0,0,0,0,0,0,0,0,0,0,0,0,0,0,0,0,0,0,0,0,0,0,1,0,0,0,0,0,0,0,0,0,0,0,0,0,0,0,0,0,0,0,0,0,0,0,0,0,0,0,0,0,0,0,0,0,0,0,0,1,0,0,0,0,0,0,0,0,0,0,0,0,1,1,1,1,1,1,1,1,1,1,1,1,1,1,1,1,0
69,5,1962,295,44,2791,17,40.0,0.0,29.0,36.0,0.0,32.0,0.0,25.0,5.0,1.0,1.0,59.0,1.0,25.0,4.0,4.0,1.0,0.0,0.1388888888888889,0.0,0.10069444444444445,0.125,0.0,0.1111111111111111,0.0,0.08680555555555555,0.017361111111111112,0.003472222222222222,0.003472222222222222,0.2048611111111111,0.003472222222222222,0.08680555555555555,0.013888888888888888,0.013888888888888888,0.003472222222222222,0.0,0,0,0,0,0,0,0,0,0,0,0,0,0,0,0,0,0,1,0,0,0,0,0,0,0,0,0,0,0,0,0,0,0,0,0,0,0,0,0,0,0,0,0,0,0,0,0,0,0,0,0,0,0,0,0,0,0,0,0,0,0,0,0,0,1,0,0,0,0,0,0,0,0,0,0,0,0,0,0,0,0,0,0,0,0,0,0,0,0,0,0,0,0,0,0,0,0,0,0,0,0,1,0,1,1,1,0,1,1,1,1,1,1,1,1,1,1,0
52,4,2248,551,108,5567,20,14.0,23.0,0.0,67.0,0.0,0.0,16.0,41.0,20.0,13.0,0.0,139.0,3.0,50.0,13.0,78.0,5.0,18.0,0.045454545454545456,0.07467532467532467,0.0,0.21753246753246752,0.0,0.0,0.05194805194805195,0.1331168831168831,0.06493506493506493,0.04220779220779221,0.0,0.4512987012987013,0.00974025974025974,0.16233766233766234,0.04220779220779221,0.2532467532467532,0.016233766233766232,0.05844155844155844,1,0,0,0,0,0,0,0,0,0,0,0,0,0,1,0,0,0,0,0,0,0,0,0,0,0,0,0,0,0,0,0,0,0,0,0,0,0,0,0,0,0,0,0,0,0,0,0,0,0,0,0,0,0,0,0,0,0,0,0,0,0,0,0,0,0,0,0,0,0,0,0,0,0,0,0,0,0,0,0,0,0,0,0,0,0,0,1,0,0,0,0,0,0,0,0,0,0,0,0,0,1,1,1,0,1,0,1,1,1,0,1,1,1,1,1,1,1
22,2,2463,206,27,2612,16,0.0,4.0,0.0,49.0,0.0,0.0,0.0,35.0,5.0,4.0,0.0,52.0,3.0,19.0,4.0,7.0,5.0,4.0,0.0,0.014545454545454545,0.0,0.1781818181818182,0.0,0.0,0.0,0.12727272727272726,0.01818181818181818,0.014545454545454545,0.0,0.1890909090909091,0.01090909090909091,0.06909090909090909,0.014545454545454545,0.025454545454545455,0.01818181818181818,0.014545454545454545,0,0,0,0,0,0,0,0,0,1,0,0,0,0,0,0,0,0,0,0,0,0,0,0,0,0,0,0,0,0,0,0,0,0,0,0,0,0,0,0,0,0,0,0,0,0,0,0,0,0,0,0,0,0,0,0,0,0,0,0,0,0,0,0,0,0,0,0,0,0,0,0,0,0,0,0,0,0,0,0,0,0,0,0,0,0,0,0,0,0,0,1,0,0,0,0,0,0,0,0,0,0,1,1,0,1,0,1,1,1,0,1,1,1,1,1,1,1
113,6,1571,326,46,3304,21,41.0,17.0,4.0,36.0,11.0,0.0,0.0,21.0,5.0,6.0,3.0,82.0,3.0,30.0,8.0,11.0,2.0,5.0,0.14695340501792115,0.06093189964157706,0.014336917562724014,0.12903225806451613,0.03942652329749104,0.0,0.0,0.07526881720430108,0.017921146953405017,0.021505376344086023,0.010752688172043012,0.2939068100358423,0.010752688172043012,0.10752688172043011,0.02867383512544803,0.03942652329749104,0.007168458781362007,0.017921146953405017,0,0,0,0,0,0,0,0,0,0,0,0,0,0,0,0,0,0,0,0,0,0,0,0,0,0,0,0,0,0,0,0,0,0,0,0,0,0,0,0,0,0,0,0,0,0,0,0,0,0,0,1,0,0,0,0,0,0,0,0,0,1,0,0,0,0,0,0,0,0,0,0,0,0,0,0,0,0,0,0,0,0,0,0,0,0,0,0,0,0,0,0,0,0,0,0,0,0,0,0,0,1,1,1,1,1,1,1,1,1,1,1,1,1,1,1,1,1
75,5,2011,291,63,2476,15,65.0,22.0,0.0,66.0,0.0,0.0,0.0,34.0,2.0,8.0,6.0,52.0,10.0,9.0,3.0,0.0,2.0,0.0,0.24253731343283583,0.08208955223880597,0.0,0.2462686567164179,0.0,0.0,0.0,0.12686567164179105,0.007462686567164179,0.029850746268656716,0.022388059701492536,0.19402985074626866,0.03731343283582089,0.033582089552238806,0.011194029850746268,0.0,0.007462686567164179,0.0,0,0,0,0,0,0,0,0,0,0,0,0,0,0,0,0,0,0,1,0,0,0,0,0,0,0,0,0,0,0,0,0,0,0,0,0,0,0,0,0,0,0,0,0,0,0,0,0,0,0,0,0,0,0,0,0,0,0,0,0,0,0,0,0,0,0,0,0,0,0,0,0,0,0,0,0,0,0,0,1,0,0,0,0,0,0,0,0,0,0,0,0,0,0,0,0,0,0,0,0,0,1,1,1,0,1,0,1,1,1,1,1,1,1,1,0,1,0
143,8,1543,264,39,2804,19,34.0,4.0,9.0,18.0,36.0,0.0,0.0,25.0,12.0,9.0,5.0,0.0,7.0,24.0,7.0,3.0,3.0,7.0,0.11074918566775244,0.013029315960912053,0.029315960912052116,0.05863192182410423,0.11726384364820847,0.0,0.0,0.08143322475570032,0.03908794788273615,0.029315960912052116,0.016286644951140065,0.0,0.02280130293159609,0.0781758957654723,0.02280130293159609,0.009771986970684038,0.009771986970684038,0.02280130293159609,0,0,0,0,0,0,0,0,0,0,0,0,0,0,0,0,0,0,0,0,0,0,0,0,0,0,0,0,0,0,0,0,0,0,0,0,0,0,0,0,0,0,0,0,0,0,0,0,0,0,0,1,0,0,0,0,0,0,0,0,0,0,0,0,0,0,0,0,1,0,0,0,0,0,0,0,0,0,0,0,0,0,0,0,0,0,0,0,0,0,0,0,0,0,0,0,0,0,0,0,0,1,1,1,1,1,1,1,1,1,1,0,1,1,1,1,1,1
37,3,2541,480,142,4672,29,28.0,37.0,3.0,61.0,0.0,0.0,0.0,44.0,5.0,14.0,3.0,108.0,1.0,57.0,12.0,8.0,3.0,8.0,0.09364548494983277,0.12374581939799331,0.010033444816053512,0.2040133779264214,0.0,0.0,0.0,0.14715719063545152,0.016722408026755852,0.046822742474916385,0.010033444816053512,0.3612040133779264,0.0033444816053511705,0.19063545150501673,0.04013377926421405,0.026755852842809364,0.010033444816053512,0.026755852842809364,1,0,0,0,0,0,0,0,0,0,0,0,0,0,0,0,0,0,0,0,0,0,0,0,0,1,0,0,0,0,0,0,0,0,0,0,0,0,0,0,0,0,0,0,0,0,0,0,0,0,0,0,0,0,0,0,0,0,0,0,0,0,0,0,0,0,0,0,0,0,0,0,0,0,0,0,0,0,0,1,0,0,0,0,0,0,0,0,0,0,0,0,0,0,0,0,0,0,0,0,0,1,1,1,1,1,0,1,1,1,1,1,1,1,1,1,1,1
179,9,1656,218,61,2451,25,5.0,8.0,1.0,51.0,4.0,0.0,0.0,6.0,0.0,12.0,3.0,0.0,11.0,21.0,8.0,0.0,2.0,0.0,0.017421602787456445,0.027874564459930314,0.003484320557491289,0.17770034843205576,0.013937282229965157,0.0,0.0,0.020905923344947737,0.0,0.041811846689895474,0.010452961672473868,0.0,0.03832752613240418,0.07317073170731707,0.027874564459930314,0.0,0.006968641114982578,0.0,0,0,0,0,0,0,0,0,0,0,0,0,0,0,0,0,0,0,0,0,0,0,0,0,0,0,0,0,0,0,0,0,0,0,0,0,0,0,0,0,0,0,0,0,0,0,0,0,1,0,0,0,0,0,0,0,0,0,0,0,0,0,0,0,0,0,0,0,0,0,0,0,0,0,0,0,0,0,0,0,0,0,0,0,0,0,0,0,0,0,0,1,0,0,0,0,0,0,0,0,0,1,1,1,1,1,1,1,0,1,1,0,1,1,1,0,1,0
92,6,1755,268,37,3192,21,7.0,3.0,15.0,32.0,3.0,0.0,0.0,19.0,3.0,1.0,6.0,72.0,7.0,24.0,2.0,5.0,2.0,26.0,0.026415094339622643,0.011320754716981131,0.05660377358490566,0.12075471698113208,0.011320754716981131,0.0,0.0,0.07169811320754717,0.011320754716981131,0.0037735849056603774,0.022641509433962263,0.27169811320754716,0.026415094339622643,0.09056603773584905,0.007547169811320755,0.018867924528301886,0.007547169811320755,0.09811320754716982,0,0,0,0,0,0,0,0,0,0,0,0,0,0,0,0,0,0,0,0,0,0,0,0,0,0,0,0,0,0,0,0,0,0,0,0,0,0,0,0,0,0,0,0,0,0,0,0,0,0,0,1,0,0,0,0,0,0,0,0,0,1,0,0,0,0,0,0,0,0,0,0,0,0,0,0,0,0,0,0,0,0,0,0,0,0,0,0,0,0,0,0,0,0,0,0,0,0,0,0,0,1,1,1,1,1,1,1,1,1,1,1,1,1,1,1,1,1
181,9,1484,273,59,2965,24,31.0,4.0,0.0,61.0,10.0,0.0,0.0,15.0,0.0,5.0,2.0,0.0,7.0,9.0,5.0,0.0,21.0,15.0,0.11567164179104478,0.014925373134328358,0.0,0.22761194029850745,0.03731343283582089,0.0,0.0,0.055970149253731345,0.0,0.018656716417910446,0.007462686567164179,0.0,0.026119402985074626,0.033582089552238806,0.018656716417910446,0.0,0.07835820895522388,0.055970149253731345,0,0,0,0,0,0,0,0,0,0,0,0,0,0,0,0,0,0,0,0,0,0,0,0,0,0,0,0,0,0,0,0,0,0,0,0,0,0,0,0,0,0,0,1,0,0,0,0,0,0,0,0,0,0,0,0,0,0,0,0,0,0,0,0,0,0,0,0,0,0,0,1,0,0,0,0,0,0,0,0,0,0,0,0,0,0,0,0,0,0,0,0,0,0,0,0,0,0,0,0,0,1,1,1,0,1,1,1,0,1,1,0,1,1,1,0,1,1
64,4,3010,516,96,4960,22,7.0,14.0,2.0,37.0,0.0,68.0,24.0,59.0,4.0,23.0,4.0,159.0,1.0,42.0,16.0,5.0,1.0,37.0,0.031818181818181815,0.06363636363636363,0.00909090909090909,0.16818181818181818,0.0,0.3090909090909091,0.10909090909090909,0.2681818181818182,0.01818181818181818,0.10454545454545454,0.01818181818181818,0.7227272727272728,0.004545454545454545,0.19090909090909092,0.07272727272727272,0.022727272727272728,0.004545454545454545,0.16818181818181818,1,0,0,0,0,0,0,0,0,0,0,0,0,0,0,0,0,0,0,0,0,0,0,0,0,0,0,0,0,0,0,0,0,0,0,0,0,0,0,0,0,0,0,0,0,0,0,1,0,0,0,0,0,0,0,0,0,0,0,0,0,0,0,0,0,0,0,0,0,0,0,0,0,0,0,0,0,0,0,1,0,0,0,0,0,0,0,0,0,0,0,1,0,0,0,0,0,0,0,0,0,1,1,1,1,1,0,1,1,1,1,1,1,1,1,1,1,1
165,9,1461,243,48,2707,17,44.0,2.0,31.0,24.0,21.0,0.0,0.0,19.0,0.0,3.0,1.0,0.0,7.0,34.0,3.0,0.0,2.0,0.0,0.2018348623853211,0.009174311926605505,0.14220183486238533,0.11009174311926606,0.0963302752293578,0.0,0.0,0.0871559633027523,0.0,0.013761467889908258,0.0045871559633027525,0.0,0.03211009174311927,0.1559633027522936,0.013761467889908258,0.0,0.009174311926605505,0.0,0,0,0,0,0,0,0,0,0,0,0,0,0,0,0,0,0,1,0,0,0,0,0,0,0,0,0,0,0,0,0,0,0,0,0,0,0,0,0,0,0,0,0,0,0,0,0,0,0,0,0,0,0,0,0,0,0,0,0,0,0,0,0,0,0,0,0,0,0,0,0,0,0,1,0,0,0,0,0,0,0,1,0,0,0,0,0,0,0,0,0,0,0,0,0,0,0,0,0,0,0,1,1,0,1,1,1,1,0,1,1,0,1,1,1,0,1,0
169,9,1406,294,56,3042,24,9.0,21.0,3.0,53.0,18.0,0.0,25.0,22.0,0.0,3.0,4.0,0.0,21.0,45.0,14.0,0.0,0.0,5.0,0.02356020942408377,0.0549738219895288,0.007853403141361256,0.1387434554973822,0.04712041884816754,0.0,0.06544502617801047,0.05759162303664921,0.0,0.007853403141361256,0.010471204188481676,0.0,0.0549738219895288,0.11780104712041885,0.03664921465968586,0.0,0.0,0.013089005235602094,0,0,0,0,0,0,0,0,0,0,0,0,0,0,0,0,0,0,0,0,0,0,0,0,0,0,0,0,0,0,0,0,0,0,0,0,0,0,0,0,0,0,0,0,0,0,0,0,0,0,0,0,0,1,0,0,0,0,0,0,0,0,0,0,0,0,0,0,1,0,0,0,0,0,0,0,0,0,0,0,0,0,0,0,0,0,0,0,0,0,0,0,0,0,0,0,0,0,0,0,0,1,1,1,1,1,1,1,0,1,1,0,1,1,1,0,0,1
177,9,1407,260,70,3076,21,62.0,4.0,3.0,32.0,26.0,0.0,8.0,26.0,0.0,6.0,2.0,0.0,7.0,28.0,6.0,0.0,1.0,0.0,0.2108843537414966,0.013605442176870748,0.01020408163265306,0.10884353741496598,0.08843537414965986,0.0,0.027210884353741496,0.08843537414965986,0.0,0.02040816326530612,0.006802721088435374,0.0,0.023809523809523808,0.09523809523809523,0.02040816326530612,0.0,0.003401360544217687,0.0,0,0,0,0,0,0,0,0,0,0,0,0,0,0,0,0,0,0,0,0,0,0,0,0,0,0,0,0,0,0,0,0,0,0,0,0,0,0,0,0,0,0,0,0,0,0,0,0,0,0,0,0,0,0,0,0,0,0,1,0,0,0,1,0,0,0,0,0,0,0,0,0,0,0,0,0,0,0,0,0,0,0,0,0,0,0,0,0,0,0,0,0,0,0,0,0,0,0,0,0,0,1,1,0,1,1,1,1,0,1,1,0,1,1,1,0,1,0
161,8,1393,288,38,2865,20,28.0,3.0,0.0,56.0,8.0,0.0,0.0,48.0,0.0,1.0,0.0,0.0,1.0,23.0,1.0,0.0,1.0,7.0,0.08259587020648967,0.008849557522123894,0.0,0.16519174041297935,0.02359882005899705,0.0,0.0,0.1415929203539823,0.0,0.0029498525073746312,0.0,0.0,0.0029498525073746312,0.06784660766961652,0.0029498525073746312,0.0,0.0029498525073746312,0.02064896755162242,0,0,0,0,0,0,0,0,0,0,0,0,0,0,0,1,0,0,0,0,0,0,0,0,0,0,0,0,0,0,0,0,0,0,0,0,0,0,0,0,0,0,0,0,0,0,0,0,0,0,0,0,0,0,0,0,0,0,0,0,0,0,0,0,0,0,0,0,0,0,0,0,0,0,0,0,0,1,0,0,0,0,0,0,0,0,0,0,0,0,0,0,0,0,0,0,0,0,0,0,1,1,1,1,0,1,1,1,0,1,0,0,1,1,1,0,1,1
180,9,1445,318,55,2707,28,11.0,32.0,12.0,37.0,3.0,0.0,0.0,31.0,0.0,9.0,3.0,0.0,29.0,42.0,6.0,0.0,5.0,2.0,0.043478260869565216,0.12648221343873517,0.04743083003952569,0.14624505928853754,0.011857707509881422,0.0,0.0,0.1225296442687747,0.0,0.03557312252964427,0.011857707509881422,0.0,0.11462450592885376,0.16600790513833993,0.023715415019762844,0.0,0.019762845849802372,0.007905138339920948,0,0,0,0,0,0,0,0,0,0,0,0,0,0,0,0,0,0,0,0,0,0,0,0,0,0,0,0,0,1,0,0,0,0,0,0,0,0,0,0,0,0,0,0,0,0,0,0,0,0,0,0,0,0,0,0,0,0,0,0,0,0,0,0,0,0,0,0,0,0,0,0,0,0,0,0,0,0,0,0,0,0,0,0,0,0,0,0,0,0,0,0,0,0,0,0,0,0,0,1,0,1,1,0,1,1,1,1,0,1,1,0,1,1,1,0,1,1
84,5,1863,309,55,2885,21,16.0,3.0,0.0,17.0,0.0,0.0,0.0,35.0,1.0,10.0,0.0,78.0,1.0,65.0,2.0,11.0,4.0,0.0,0.038461538461538464,0.007211538461538462,0.0,0.040865384615384616,0.0,0.0,0.0,0.08413461538461539,0.002403846153846154,0.02403846153846154,0.0,0.1875,0.002403846153846154,0.15625,0.004807692307692308,0.026442307692307692,0.009615384615384616,0.0,0,0,0,0,0,0,0,0,0,0,0,0,0,0,0,0,0,0,0,0,0,0,0,0,0,0,0,0,0,0,0,0,0,0,0,0,0,0,0,0,0,0,0,0,0,0,0,1,0,0,0,0,0,0,0,0,0,0,0,0,0,0,0,0,0,1,0,0,0,0,0,0,0,0,0,0,0,0,0,0,0,0,0,0,0,0,0,0,0,0,0,0,0,0,0,0,0,0,0,0,0,1,1,1,0,1,0,1,1,1,0,1,1,1,1,1,1,0
132,7,2742,290,22,2902,20,17.0,1.0,10.0,31.0,0.0,47.0,0.0,24.0,3.0,18.0,3.0,72.0,7.0,32.0,3.0,9.0,1.0,0.0,0.054838709677419356,0.0032258064516129032,0.03225806451612903,0.1,0.0,0.15161290322580645,0.0,0.07741935483870968,0.00967741935483871,0.05806451612903226,0.00967741935483871,0.23225806451612904,0.02258064516129032,0.1032258064516129,0.00967741935483871,0.02903225806451613,0.0032258064516129032,0.0,0,0,0,0,0,0,0,0,0,0,0,0,0,0,0,0,0,0,0,0,0,0,0,0,0,0,0,0,0,0,0,0,0,0,0,0,0,0,0,0,0,0,0,0,0,0,0,0,0,0,0,0,0,0,0,0,0,1,0,0,0,0,0,0,0,0,0,0,0,0,0,0,0,0,0,0,0,0,0,0,1,0,0,0,0,0,0,0,0,0,0,0,0,0,0,0,0,0,0,0,0,1,1,0,1,1,0,1,1,1,1,1,1,1,1,1,1,0
168,9,1455,283,67,3074,19,54.0,12.0,4.0,34.0,40.0,0.0,0.0,9.0,0.0,25.0,3.0,0.0,27.0,11.0,0.0,0.0,0.0,9.0,0.23076923076923078,0.05128205128205128,0.017094017094017096,0.1452991452991453,0.17094017094017094,0.0,0.0,0.038461538461538464,0.0,0.10683760683760683,0.01282051282051282,0.0,0.11538461538461539,0.04700854700854701,0.0,0.0,0.0,0.038461538461538464,0,0,0,0,0,0,0,0,0,0,0,0,0,0,0,0,0,0,0,0,0,0,0,0,0,0,0,0,0,0,0,1,0,0,0,0,0,0,0,0,0,0,0,0,0,0,0,0,0,0,0,0,0,0,0,0,0,0,0,0,0,0,0,0,0,0,0,0,0,0,0,1,0,0,0,0,0,0,0,0,0,0,0,0,0,0,0,0,0,0,0,0,0,0,0,0,0,0,0,0,0,1,1,1,1,1,1,1,0,1,1,0,1,1,0,0,0,1
162,8,1464,295,35,2667,30,49.0,20.0,15.0,27.0,9.0,0.0,0.0,31.0,4.0,3.0,2.0,0.0,11.0,22.0,5.0,0.0,1.0,5.0,0.1891891891891892,0.07722007722007722,0.05791505791505792,0.10424710424710425,0.03474903474903475,0.0,0.0,0.11969111969111969,0.015444015444015444,0.011583011583011582,0.007722007722007722,0.0,0.04247104247104247,0.08494208494208494,0.019305019305019305,0.0,0.003861003861003861,0.019305019305019305,0,0,0,0,1,0,0,0,0,0,0,0,0,0,0,0,0,0,0,0,0,0,0,0,0,0,0,0,0,0,0,0,0,0,0,0,0,0,0,0,0,0,0,0,0,0,0,0,0,0,0,0,0,0,0,0,0,0,0,0,0,0,0,0,0,1,0,0,0,0,0,0,0,0,0,0,0,0,0,0,0,0,0,0,0,0,0,0,0,0,0,0,0,0,0,0,0,0,0,0,0,1,1,1,1,1,1,1,1,1,1,0,1,1,1,0,1,1
125,7,2138,598,79,5993,26,28.0,26.0,23.0,38.0,18.0,50.0,0.0,50.0,14.0,15.0,10.0,130.0,12.0,69.0,13.0,11.0,5.0,25.0,0.1222707423580786,0.11353711790393013,0.10043668122270742,0.16593886462882096,0.07860262008733625,0.2183406113537118,0.0,0.2183406113537118,0.0611353711790393,0.06550218340611354,0.043668122270742356,0.5676855895196506,0.05240174672489083,0.30131004366812225,0.056768558951965066,0.048034934497816595,0.021834061135371178,0.1091703056768559,1,0,0,0,0,0,0,0,0,0,0,0,0,0,0,0,0,0,0,0,0,0,0,0,0,0,0,0,0,0,0,0,0,0,0,0,0,0,0,0,0,0,0,0,0,0,0,0,0,0,1,0,0,0,0,0,0,0,0,0,0,0,0,0,0,0,0,0,0,0,0,0,0,0,0,0,0,0,0,0,0,0,0,0,0,0,0,0,1,0,0,0,0,0,0,0,0,0,0,0,0,1,1,1,1,1,1,1,1,1,1,1,1,1,1,1,1,1
172,9,1470,253,52,2925,21,0.0,16.0,15.0,18.0,26.0,0.0,0.0,28.0,0.0,14.0,22.0,0.0,10.0,44.0,8.0,0.0,4.0,0.0,0.0,0.05405405405405406,0.05067567567567568,0.060810810810810814,0.08783783783783784,0.0,0.0,0.0945945945945946,0.0,0.0472972972972973,0.07432432432432433,0.0,0.033783783783783786,0.14864864864864866,0.02702702702702703,0.0,0.013513513513513514,0.0,0,0,0,0,0,0,0,0,0,0,0,0,0,0,0,0,0,0,0,0,0,0,0,0,0,0,0,0,0,0,0,0,0,0,0,0,0,0,0,0,0,0,0,0,0,0,0,0,0,0,0,0,0,1,0,0,0,0,0,0,0,0,0,0,0,0,0,0,0,0,0,0,0,0,0,0,0,0,0,0,0,0,0,0,0,0,0,0,0,1,0,0,0,0,0,0,0,0,0,0,0,0,1,1,1,1,1,1,0,1,1,0,1,1,1,0,1,0
76,5,1954,262,58,2464,23,5.0,3.0,0.0,73.0,0.0,0.0,0.0,14.0,2.0,14.0,2.0,90.0,3.0,5.0,4.0,0.0,5.0,0.0,0.01694915254237288,0.010169491525423728,0.0,0.24745762711864408,0.0,0.0,0.0,0.04745762711864407,0.006779661016949152,0.04745762711864407,0.006779661016949152,0.3050847457627119,0.010169491525423728,0.01694915254237288,0.013559322033898305,0.0,0.01694915254237288,0.0,0,0,0,1,0,0,0,0,0,0,0,0,0,0,0,0,0,0,0,0,0,0,0,0,0,0,0,0,0,0,0,0,0,0,0,0,0,0,0,0,0,0,0,0,0,0,0,0,0,0,0,0,0,0,0,0,0,0,0,0,0,0,0,0,0,1,0,0,0,0,0,0,0,0,0,0,0,0,0,0,0,0,0,0,0,0,0,0,0,0,0,0,0,0,0,0,0,0,0,0,0,1,1,1,0,1,0,1,1,1,1,1,1,1,1,0,1,0
32,3,2254,262,16,2519,18,5.0,4.0,0.0,45.0,0.0,0.0,7.0,45.0,6.0,3.0,0.0,33.0,0.0,52.0,2.0,36.0,6.0,1.0,0.017241379310344827,0.013793103448275862,0.0,0.15517241379310345,0.0,0.0,0.02413793103448276,0.15517241379310345,0.020689655172413793,0.010344827586206896,0.0,0.11379310344827587,0.0,0.1793103448275862,0.006896551724137931,0.12413793103448276,0.020689655172413793,0.0034482758620689655,0,0,0,0,0,0,0,0,0,0,0,0,0,0,0,0,0,0,0,0,0,0,0,0,0,0,0,0,0,0,0,0,0,0,0,0,0,0,0,0,0,0,0,0,0,0,0,0,0,0,0,1,0,0,0,0,0,0,0,0,0,0,0,0,0,1,0,0,0,0,0,0,0,0,0,0,0,0,0,0,0,0,0,0,0,0,0,0,0,0,0,0,0,0,0,0,0,0,0,0,0,1,1,0,0,1,0,1,1,1,0,1,0,1,1,1,1,1
130,7,3525,194,81,2245,28,2.0,0.0,0.0,4.0,1.0,15.0,4.0,6.0,1.0,4.0,0.0,75.0,2.0,8.0,0.0,2.0,0.0,0.0,0.007194244604316547,0.0,0.0,0.014388489208633094,0.0035971223021582736,0.0539568345323741,0.014388489208633094,0.02158273381294964,0.0035971223021582736,0.014388489208633094,0.0,0.2697841726618705,0.007194244604316547,0.02877697841726619,0.0,0.007194244604316547,0.0,0.0,0,0,0,0,0,0,0,0,0,0,0,0,0,0,0,0,0,0,0,0,0,0,0,0,0,0,0,0,0,0,0,0,0,0,0,0,0,0,0,0,0,0,0,0,0,0,0,0,0,0,0,0,0,0,0,0,0,0,0,1,0,0,0,0,0,1,0,0,0,0,0,0,0,0,0,0,0,0,0,0,0,0,0,0,0,0,0,0,0,0,0,0,0,0,0,0,0,0,0,0,0,1,0,1,0,1,1,1,1,1,0,1,1,1,0,1,0,0
106,6,1750,625,53,5950,27,25.0,19.0,0.0,47.0,35.0,0.0,0.0,134.0,3.0,29.0,6.0,117.0,3.0,126.0,6.0,2.0,3.0,1.0,0.10121457489878542,0.07692307692307693,0.0,0.1902834008097166,0.1417004048582996,0.0,0.0,0.5425101214574899,0.012145748987854251,0.11740890688259109,0.024291497975708502,0.47368421052631576,0.012145748987854251,0.5101214574898786,0.024291497975708502,0.008097165991902834,0.012145748987854251,0.004048582995951417,1,0,0,0,0,0,0,0,0,0,0,0,0,0,0,0,0,0,0,0,0,0,0,0,0,1,0,0,0,0,0,0,0,0,0,0,0,0,0,0,0,0,0,0,0,0,0,0,0,0,0,0,0,0,0,1,0,0,0,0,0,0,0,0,0,0,0,0,0,1,0,0,1,0,0,0,0,0,0,0,0,0,0,0,0,0,0,0,0,0,0,0,0,0,0,0,0,0,0,0,0,1,1,1,0,1,1,1,1,1,1,1,1,1,1,1,1,1
109,6,1873,359,45,2766,24,35.0,17.0,10.0,34.0,16.0,0.0,0.0,33.0,4.0,7.0,1.0,74.0,20.0,31.0,6.0,5.0,1.0,0.0,0.26717557251908397,0.1297709923664122,0.07633587786259542,0.2595419847328244,0.12213740458015267,0.0,0.0,0.25190839694656486,0.030534351145038167,0.05343511450381679,0.007633587786259542,0.5648854961832062,0.15267175572519084,0.2366412213740458,0.04580152671755725,0.03816793893129771,0.007633587786259542,0.0,0,0,0,0,0,0,0,0,0,0,0,0,0,0,0,0,0,0,0,0,0,0,0,0,0,0,0,0,0,0,0,0,0,0,0,0,0,0,0,0,0,0,0,1,0,0,0,0,0,0,0,0,0,0,0,0,0,0,0,0,0,0,0,0,0,1,0,0,0,0,0,0,0,0,0,0,0,0,0,0,0,0,0,0,0,0,0,0,0,0,0,0,0,0,0,0,0,0,0,0,0,1,1,1,1,1,1,1,1,1,1,1,1,1,1,1,1,0
13,2,2416,273,30,2869,14,0.0,5.0,0.0,42.0,0.0,0.0,52.0,26.0,2.0,4.0,0.0,103.0,1.0,30.0,1.0,1.0,4.0,1.0,0.0,0.019455252918287938,0.0,0.16342412451361868,0.0,0.0,0.20233463035019456,0.10116731517509728,0.007782101167315175,0.01556420233463035,0.0,0.40077821011673154,0.0038910505836575876,0.11673151750972763,0.0038910505836575876,0.0038910505836575876,0.01556420233463035,0.0038910505836575876,0,0,0,0,0,0,0,0,0,0,0,0,0,0,0,0,0,0,0,0,0,0,0,0,0,0,0,0,0,0,0,0,0,0,0,0,0,0,0,0,0,0,0,0,0,0,0,1,0,0,0,0,0,0,0,0,0,0,0,0,0,0,0,0,0,0,0,0,0,0,0,0,0,0,0,0,0,0,0,0,0,0,0,0,1,0,0,0,0,0,0,0,0,0,0,0,0,0,0,0,0,0,1,1,0,1,0,1,1,1,0,1,1,1,1,1,1,1
24,2,2337,248,47,2331,19,0.0,12.0,0.0,43.0,0.0,0.0,5.0,22.0,4.0,14.0,1.0,87.0,7.0,26.0,2.0,3.0,3.0,8.0,0.0,0.053811659192825115,0.0,0.19282511210762332,0.0,0.0,0.02242152466367713,0.09865470852017937,0.017937219730941704,0.06278026905829596,0.004484304932735426,0.3901345291479821,0.03139013452914798,0.11659192825112108,0.008968609865470852,0.013452914798206279,0.013452914798206279,0.03587443946188341,0,0,0,0,0,0,0,0,0,0,0,0,0,0,0,0,0,0,0,0,0,0,0,0,0,0,0,0,0,0,0,0,0,0,0,0,0,0,0,1,0,0,0,0,0,0,0,0,0,0,0,0,0,0,0,0,0,0,0,0,0,0,0,0,0,0,0,0,0,0,0,0,0,0,1,0,0,0,0,0,0,0,0,0,0,1,0,0,0,0,0,0,0,0,0,0,0,0,0,0,0,0,1,0,0,1,0,1,1,1,1,1,1,1,1,1,1,1
59,4,4095,282,51,2805,15,10.0,12.0,0.0,16.0,0.0,0.0,73.0,38.0,0.0,0.0,0.0,89.0,0.0,28.0,1.0,0.0,1.0,0.0,0.04807692307692308,0.057692307692307696,0.0,0.07692307692307693,0.0,0.0,0.35096153846153844,0.18269230769230768,0.0,0.0,0.0,0.42788461538461536,0.0,0.1346153846153846,0.004807692307692308,0.0,0.004807692307692308,0.0,0,0,0,0,0,0,0,0,0,0,0,0,0,0,0,0,0,0,0,0,0,0,0,0,0,0,0,0,0,0,0,0,0,0,0,0,0,0,0,0,0,0,0,0,0,0,0,1,0,0,0,0,0,0,0,0,0,0,0,0,0,0,0,0,0,0,0,0,0,0,0,0,0,0,1,0,0,0,0,0,0,0,0,0,0,1,0,0,0,0,0,0,0,0,0,0,0,0,0,0,0,1,1,0,0,1,0,1,0,0,0,1,0,1,1,0,1,0
45,3,2555,355,47,3556,19,2.0,11.0,43.0,18.0,0.0,0.0,30.0,41.0,14.0,8.0,0.0,106.0,4.0,16.0,4.0,9.0,4.0,17.0,0.004166666666666667,0.022916666666666665,0.08958333333333333,0.0375,0.0,0.0,0.0625,0.08541666666666667,0.029166666666666667,0.016666666666666666,0.0,0.22083333333333333,0.008333333333333333,0.03333333333333333,0.008333333333333333,0.01875,0.008333333333333333,0.035416666666666666,0,0,0,0,0,0,0,0,0,0,0,0,0,0,0,0,0,0,0,0,0,0,0,0,0,0,0,0,1,0,0,0,0,0,0,0,0,0,0,0,0,0,0,0,0,0,0,0,0,0,0,0,0,0,0,0,0,0,0,0,0,0,0,0,0,0,0,0,0,0,0,0,0,0,0,0,0,0,0,0,0,0,0,0,0,0,0,1,0,0,0,0,0,0,0,0,0,0,0,0,0,1,1,1,1,1,0,1,1,1,0,1,1,1,1,1,1,1
34,3,2260,260,42,2537,20,5.0,7.0,4.0,40.0,0.0,0.0,32.0,21.0,2.0,12.0,0.0,69.0,0.0,22.0,8.0,7.0,1.0,3.0,0.017482517482517484,0.024475524475524476,0.013986013986013986,0.13986013986013987,0.0,0.0,0.11188811188811189,0.07342657342657342,0.006993006993006993,0.04195804195804196,0.0,0.24125874125874125,0.0,0.07692307692307693,0.027972027972027972,0.024475524475524476,0.0034965034965034965,0.01048951048951049,0,0,0,0,0,0,0,0,0,0,0,0,0,0,0,0,0,0,0,0,0,0,0,0,0,0,0,0,0,0,0,0,0,0,0,0,0,0,0,0,0,0,0,0,0,0,0,0,0,0,0,0,0,0,0,0,0,0,0,1,0,0,0,0,0,0,0,0,0,0,0,0,0,0,0,0,0,0,0,0,0,0,0,0,0,0,0,1,0,0,0,0,0,0,0,0,0,0,0,0,0,1,1,0,1,1,0,1,1,1,0,1,0,1,1,1,1,1
159,8,1585,292,37,3141,22,53.0,7.0,5.0,16.0,24.0,0.0,0.0,19.0,13.0,9.0,1.0,0.0,7.0,29.0,10.0,30.0,1.0,1.0,0.18275862068965518,0.02413793103448276,0.017241379310344827,0.05517241379310345,0.08275862068965517,0.0,0.0,0.06551724137931035,0.04482758620689655,0.03103448275862069,0.0034482758620689655,0.0,0.02413793103448276,0.1,0.034482758620689655,0.10344827586206896,0.0034482758620689655,0.0034482758620689655,0,0,0,0,0,0,0,0,0,0,0,0,1,0,0,0,0,0,0,0,0,0,0,0,0,0,0,0,0,0,0,0,0,0,0,0,0,0,0,0,0,0,0,0,0,0,0,0,0,0,0,0,0,0,0,0,0,0,0,0,0,0,0,0,0,0,0,0,0,0,0,0,0,0,0,0,0,0,0,0,0,0,0,1,0,0,0,0,0,0,0,0,0,0,0,0,0,0,0,0,0,1,1,1,1,1,1,1,1,1,1,0,1,1,1,1,1,1
138,7,2040,494,166,6076,34,26.0,11.0,27.0,44.0,23.0,0.0,0.0,90.0,17.0,14.0,6.0,0.0,22.0,32.0,20.0,11.0,4.0,13.0,0.08306709265175719,0.03514376996805112,0.08626198083067092,0.14057507987220447,0.07348242811501597,0.0,0.0,0.28753993610223644,0.054313099041533544,0.04472843450479233,0.019169329073482427,0.0,0.07028753993610223,0.10223642172523961,0.06389776357827476,0.03514376996805112,0.012779552715654952,0.04153354632587859,1,0,0,0,0,0,0,0,0,0,0,0,0,0,0,0,0,0,0,0,0,0,0,0,0,0,0,0,1,0,0,0,0,0,0,0,0,0,0,0,0,0,0,0,0,0,0,0,0,0,0,0,0,0,0,0,0,0,0,0,0,0,0,0,0,0,0,0,0,0,0,0,0,0,0,0,0,0,0,0,0,0,0,0,0,0,0,0,0,0,0,1,0,0,0,0,0,0,0,0,0,1,1,1,1,1,1,1,1,1,1,0,1,1,1,1,1,1
47,3,2409,257,45,2760,18,34.0,12.0,0.0,31.0,0.0,0.0,0.0,46.0,10.0,8.0,0.0,53.0,6.0,14.0,1.0,2.0,1.0,0.0,0.1642512077294686,0.057971014492753624,0.0,0.1497584541062802,0.0,0.0,0.0,0.2222222222222222,0.04830917874396135,0.03864734299516908,0.0,0.2560386473429952,0.028985507246376812,0.06763285024154589,0.004830917874396135,0.00966183574879227,0.004830917874396135,0.0,0,0,0,0,0,0,0,0,0,0,0,0,0,0,0,0,0,0,0,0,0,0,0,0,0,0,0,0,0,0,0,0,0,0,0,0,0,0,0,0,0,0,0,0,0,0,0,0,0,0,0,1,0,0,0,0,0,0,0,0,0,0,0,0,0,0,1,0,0,0,0,0,0,0,0,0,0,0,0,0,0,0,0,1,0,0,0,0,0,0,0,0,0,0,0,0,0,0,0,0,0,1,1,1,0,1,0,1,1,1,0,1,1,1,1,1,1,0
149,8,1488,237,44,2628,23,36.0,1.0,10.0,34.0,5.0,0.0,0.0,17.0,2.0,15.0,6.0,0.0,17.0,0.0,3.0,6.0,4.0,0.0,0.125,0.003472222222222222,0.034722222222222224,0.11805555555555555,0.017361111111111112,0.0,0.0,0.059027777777777776,0.006944444444444444,0.052083333333333336,0.020833333333333332,0.0,0.059027777777777776,0.0,0.010416666666666666,0.020833333333333332,0.013888888888888888,0.0,0,0,0,0,1,0,0,0,0,0,0,0,0,0,0,0,0,0,0,0,0,0,0,0,0,0,0,0,0,0,0,0,0,0,0,0,0,0,0,0,0,0,0,0,0,0,0,0,0,0,0,0,0,0,0,0,0,0,0,0,0,0,0,0,0,0,0,0,0,0,0,0,0,0,0,0,0,0,0,0,0,0,0,0,0,0,0,0,0,0,0,0,0,0,0,0,0,0,1,0,0,1,1,1,1,1,1,1,1,1,1,0,1,0,1,1,1,0
9,2,2713,319,34,2766,16,0.0,17.0,0.0,65.0,0.0,0.0,0.0,51.0,4.0,5.0,4.0,69.0,4.0,22.0,6.0,40.0,5.0,0.0,0.0,0.0825242718446602,0.0,0.3155339805825243,0.0,0.0,0.0,0.24757281553398058,0.019417475728155338,0.024271844660194174,0.019417475728155338,0.33495145631067963,0.019417475728155338,0.10679611650485436,0.02912621359223301,0.1941747572815534,0.024271844660194174,0.0,0,0,0,0,0,0,0,0,0,0,0,0,0,0,0,0,0,0,0,0,0,0,0,0,0,0,0,0,0,0,0,0,0,0,0,0,0,1,0,0,0,0,0,0,0,0,0,0,0,0,0,0,0,0,0,0,0,0,0,0,0,0,0,0,0,1,0,0,0,0,0,0,0,0,0,0,0,0,0,0,0,0,0,0,0,0,0,0,0,0,0,0,0,0,0,0,0,0,0,0,0,0,1,0,0,1,0,1,1,1,1,1,1,1,1,1,1,0
152,8,1432,290,36,3205,21,45.0,8.0,23.0,67.0,15.0,0.0,0.0,30.0,8.0,5.0,2.0,0.0,4.0,29.0,2.0,12.0,7.0,2.0,0.15306122448979592,0.027210884353741496,0.0782312925170068,0.22789115646258504,0.05102040816326531,0.0,0.0,0.10204081632653061,0.027210884353741496,0.017006802721088437,0.006802721088435374,0.0,0.013605442176870748,0.09863945578231292,0.006802721088435374,0.04081632653061224,0.023809523809523808,0.006802721088435374,0,0,0,0,0,0,0,0,0,0,0,0,0,0,0,0,0,1,0,0,0,0,0,0,0,0,0,0,0,0,0,0,0,0,0,0,0,0,0,0,0,0,0,0,0,0,0,0,0,0,0,0,0,0,0,0,0,0,0,0,0,0,0,1,0,0,0,0,0,0,0,0,0,0,0,0,0,0,0,0,0,0,0,0,0,0,0,0,0,0,0,0,0,0,0,0,0,0,0,0,0,1,1,1,1,1,1,1,1,1,1,0,1,1,1,1,1,1
14,2,2527,275,39,2585,19,0.0,13.0,0.0,34.0,0.0,0.0,0.0,53.0,1.0,8.0,0.0,80.0,6.0,38.0,4.0,2.0,2.0,0.0,0.0,0.035326086956521736,0.0,0.09239130434782608,0.0,0.0,0.0,0.14402173913043478,0.002717391304347826,0.021739130434782608,0.0,0.21739130434782608,0.016304347826086956,0.10326086956521739,0.010869565217391304,0.005434782608695652,0.005434782608695652,0.0,0,0,0,0,0,0,0,0,0,0,0,0,0,0,0,0,0,0,0,0,0,0,0,0,0,0,0,0,0,0,0,0,0,0,0,0,0,0,0,0,0,0,0,0,0,0,0,1,0,0,0,0,0,0,0,0,0,0,0,0,0,0,0,0,0,0,0,0,0,0,0,0,0,0,0,0,0,0,0,1,0,0,0,0,0,0,0,0,0,0,0,0,0,0,0,0,0,0,0,0,0,0,1,0,0,1,0,1,1,1,0,1,1,1,1,1,1,0
96,6,1917,315,84,2862,17,9.0,5.0,0.0,30.0,12.0,0.0,0.0,60.0,10.0,6.0,4.0,85.0,6.0,60.0,2.0,8.0,1.0,15.0,0.02922077922077922,0.016233766233766232,0.0,0.09740259740259741,0.03896103896103896,0.0,0.0,0.19480519480519481,0.032467532467532464,0.01948051948051948,0.012987012987012988,0.275974025974026,0.01948051948051948,0.19480519480519481,0.006493506493506494,0.025974025974025976,0.003246753246753247,0.048701298701298704,0,0,0,0,0,0,0,0,0,0,0,0,0,0,0,0,0,0,0,0,0,0,1,0,0,0,0,0,0,0,0,0,0,0,0,0,0,0,0,0,1,0,0,0,0,0,0,0,0,0,0,0,0,0,0,0,0,0,0,0,0,0,0,0,0,0,0,0,0,0,0,0,0,0,1,0,0,0,0,0,0,0,0,0,0,1,0,0,0,0,0,0,0,0,0,0,0,0,0,0,0,1,1,1,0,1,1,1,1,1,1,1,1,1,1,1,1,1
16,2,2679,223,11,2534,16,0.0,1.0,3.0,22.0,0.0,0.0,0.0,29.0,4.0,0.0,3.0,75.0,1.0,17.0,4.0,2.0,8.0,0.0,0.0,0.0035587188612099642,0.010676156583629894,0.07829181494661921,0.0,0.0,0.0,0.10320284697508897,0.014234875444839857,0.0,0.010676156583629894,0.2669039145907473,0.0035587188612099642,0.060498220640569395,0.014234875444839857,0.0071174377224199285,0.028469750889679714,0.0,0,0,0,0,0,0,0,0,0,0,0,0,0,0,0,0,0,0,0,0,0,0,0,0,0,0,0,0,0,0,0,0,0,0,0,0,0,1,0,0,0,0,0,0,0,0,0,0,0,0,0,0,0,0,0,0,0,0,0,0,0,0,0,0,0,0,0,0,0,0,0,0,0,0,0,0,1,0,0,0,0,0,0,0,0,0,0,0,0,0,0,0,0,0,0,0,0,0,0,0,0,0,1,0,1,1,0,1,1,0,1,1,1,1,1,1,1,0
87,5,2509,288,21,2790,18,3.0,2.0,0.0,25.0,1.0,0.0,0.0,30.0,2.0,1.0,0.0,76.0,0.0,33.0,1.0,24.0,1.0,0.0,0.01,0.006666666666666667,0.0,0.08333333333333333,0.0033333333333333335,0.0,0.0,0.1,0.006666666666666667,0.0033333333333333335,0.0,0.25333333333333335,0.0,0.11,0.0033333333333333335,0.08,0.0033333333333333335,0.0,0,0,0,0,0,0,0,0,0,0,0,0,0,0,0,0,0,0,0,0,0,0,0,0,0,0,0,0,0,0,0,0,0,0,0,0,0,0,0,0,0,0,0,0,0,0,0,0,0,0,0,0,0,0,0,0,0,1,0,0,0,0,0,0,0,0,0,0,0,1,0,0,0,0,0,0,0,0,0,0,0,0,0,0,0,0,0,0,0,0,0,0,0,0,0,0,0,0,0,0,0,1,1,0,0,1,1,1,1,1,0,1,0,1,1,1,1,0
33,3,2320,213,28,2108,26,14.0,10.0,0.0,6.0,0.0,0.0,0.0,19.0,15.0,6.0,2.0,56.0,0.0,23.0,2.0,7.0,1.0,2.0,0.054474708171206226,0.038910505836575876,0.0,0.023346303501945526,0.0,0.0,0.0,0.07392996108949416,0.058365758754863814,0.023346303501945526,0.007782101167315175,0.2178988326848249,0.0,0.08949416342412451,0.007782101167315175,0.027237354085603113,0.0038910505836575876,0.007782101167315175,0,0,0,0,0,0,0,0,0,0,0,0,0,0,0,0,0,0,0,0,0,0,0,0,0,0,0,0,0,0,0,0,0,0,0,0,0,0,0,0,0,0,0,0,0,1,0,0,0,0,0,0,0,0,0,0,0,0,0,0,0,0,0,0,0,0,0,0,0,0,0,0,0,0,0,0,0,0,0,0,0,0,0,0,0,0,0,0,1,0,0,0,0,0,0,0,0,0,0,0,0,1,1,1,0,1,0,1,1,1,1,1,0,1,1,1,1,1
80,5,1847,300,50,2735,20,0.0,4.0,0.0,31.0,0.0,0.0,0.0,35.0,9.0,15.0,3.0,86.0,14.0,32.0,11.0,0.0,2.0,0.0,0.0,0.01238390092879257,0.0,0.09597523219814241,0.0,0.0,0.0,0.10835913312693499,0.02786377708978328,0.04643962848297214,0.009287925696594427,0.26625386996904027,0.043343653250773995,0.09907120743034056,0.034055727554179564,0.0,0.006191950464396285,0.0,0,0,0,0,0,0,0,0,0,0,0,0,0,0,0,0,0,0,0,0,0,0,0,0,0,0,0,0,0,0,0,0,0,0,0,0,0,0,0,0,0,0,0,0,0,0,0,0,0,0,0,1,0,0,0,0,0,0,0,0,0,0,0,0,0,0,1,0,0,0,0,0,0,0,0,0,0,0,0,0,0,0,0,0,0,0,0,0,0,0,0,0,0,0,0,0,0,0,0,0,0,0,1,0,0,1,0,1,1,1,1,1,1,1,1,0,1,0
93,6,1751,304,42,3289,16,3.0,5.0,0.0,29.0,3.0,0.0,0.0,91.0,4.0,14.0,9.0,86.0,12.0,18.0,13.0,5.0,3.0,0.0,0.008356545961002786,0.013927576601671309,0.0,0.0807799442896936,0.008356545961002786,0.0,0.0,0.25348189415041783,0.011142061281337047,0.03899721448467967,0.025069637883008356,0.2395543175487465,0.033426183844011144,0.05013927576601671,0.036211699164345405,0.013927576601671309,0.008356545961002786,0.0,0,0,0,0,0,0,0,0,0,0,0,0,0,0,0,0,0,0,0,0,0,0,0,0,0,0,0,0,0,1,0,0,0,0,0,0,0,0,0,0,0,0,0,0,0,0,0,0,0,0,0,0,0,0,0,0,0,0,0,0,0,0,0,0,0,0,0,0,0,0,0,0,0,0,0,0,0,0,0,1,0,0,0,0,0,0,0,0,0,0,0,0,0,0,0,0,0,0,0,0,0,1,1,1,0,1,1,1,1,1,1,1,1,1,1,1,1,0
133,7,1655,244,56,2542,21,12.0,4.0,8.0,10.0,10.0,0.0,0.0,10.0,5.0,4.0,1.0,68.0,5.0,8.0,2.0,2.0,3.0,0.0,0.03761755485893417,0.012539184952978056,0.025078369905956112,0.03134796238244514,0.03134796238244514,0.0,0.0,0.03134796238244514,0.01567398119122257,0.012539184952978056,0.003134796238244514,0.21316614420062696,0.01567398119122257,0.025078369905956112,0.006269592476489028,0.006269592476489028,0.009404388714733543,0.0,0,0,0,0,0,0,0,0,0,0,0,0,0,0,0,0,0,0,0,0,0,0,0,0,0,0,0,0,0,0,0,0,0,0,0,0,0,0,0,0,0,0,0,0,0,0,0,0,1,0,0,0,0,0,0,0,0,0,0,0,0,0,0,0,0,0,0,0,0,0,0,0,1,0,0,0,0,0,0,0,0,0,0,0,0,0,0,0,0,0,0,0,0,0,0,0,0,0,0,0,0,1,1,0,1,1,1,1,1,1,1,1,1,1,1,1,1,0
126,7,1695,319,41,2983,23,21.0,7.0,21.0,34.0,21.0,19.0,0.0,8.0,10.0,19.0,1.0,75.0,3.0,31.0,9.0,6.0,0.0,0.0,0.06542056074766354,0.021806853582554516,0.06542056074766354,0.1059190031152648,0.06542056074766354,0.059190031152647975,0.0,0.024922118380062305,0.03115264797507788,0.059190031152647975,0.003115264797507788,0.2336448598130841,0.009345794392523364,0.09657320872274143,0.028037383177570093,0.018691588785046728,0.0,0.0,0,0,0,0,0,0,0,0,0,0,0,0,0,0,0,0,0,1,0,0,0,0,0,0,0,0,0,0,0,0,0,0,0,0,0,0,0,0,0,0,0,0,0,0,0,0,0,0,0,0,0,0,0,0,0,0,0,0,0,0,0,0,0,0,0,0,0,0,1,0,0,0,0,0,0,0,0,0,0,0,0,0,0,0,0,0,0,0,0,0,0,0,0,0,0,0,0,0,0,0,0,1,1,1,1,1,1,1,1,1,1,1,1,1,1,1,0,0
67,5,1954,270,48,2702,16,13.0,13.0,9.0,35.0,0.0,10.0,38.0,27.0,2.0,4.0,1.0,79.0,3.0,25.0,7.0,0.0,2.0,0.0,0.05078125,0.05078125,0.03515625,0.13671875,0.0,0.0390625,0.1484375,0.10546875,0.0078125,0.015625,0.00390625,0.30859375,0.01171875,0.09765625,0.02734375,0.0,0.0078125,0.0,0,0,0,0,0,0,0,0,0,0,0,0,0,0,0,0,0,0,0,0,0,0,0,0,1,0,0,0,0,0,0,0,0,0,0,0,0,0,0,0,0,0,0,0,0,0,0,0,0,0,0,0,0,0,0,0,0,0,0,0,0,1,0,0,0,0,0,0,0,0,0,0,0,0,0,0,0,0,0,0,0,0,0,0,0,0,0,0,0,0,0,0,0,0,0,0,0,0,0,0,0,1,1,1,1,1,0,1,1,1,1,1,1,1,1,0,1,0
11,2,2550,268,38,2517,12,0.0,3.0,0.0,64.0,0.0,0.0,0.0,49.0,3.0,3.0,0.0,85.0,0.0,25.0,0.0,18.0,3.0,5.0,0.0,0.012096774193548387,0.0,0.25806451612903225,0.0,0.0,0.0,0.1975806451612903,0.012096774193548387,0.012096774193548387,0.0,0.34274193548387094,0.0,0.10080645161290322,0.0,0.07258064516129033,0.012096774193548387,0.020161290322580645,0,0,0,0,0,0,0,0,0,0,0,0,0,0,0,0,0,0,0,0,0,0,0,0,0,0,0,0,0,0,0,0,0,0,0,0,0,1,0,0,0,0,0,0,0,0,0,0,0,0,0,0,0,0,0,0,0,0,0,0,0,0,0,0,0,0,0,0,0,0,0,0,0,0,1,0,0,0,0,0,0,0,0,0,0,1,0,0,0,0,0,0,0,0,0,0,0,0,0,0,0,0,1,0,0,1,0,1,1,1,0,1,0,1,0,1,1,1
111,6,1633,328,64,3229,19,3.0,3.0,4.0,45.0,9.0,0.0,0.0,37.0,28.0,8.0,0.0,86.0,9.0,27.0,4.0,4.0,2.0,0.0,0.010169491525423728,0.010169491525423728,0.013559322033898305,0.15254237288135594,0.030508474576271188,0.0,0.0,0.12542372881355932,0.09491525423728814,0.02711864406779661,0.0,0.29152542372881357,0.030508474576271188,0.09152542372881356,0.013559322033898305,0.013559322033898305,0.006779661016949152,0.0,0,0,0,0,0,0,0,0,0,0,0,0,0,0,0,0,0,0,0,0,0,0,0,0,0,0,0,0,0,0,0,0,0,0,0,0,0,0,0,0,0,0,0,0,0,0,1,0,0,0,0,0,0,0,0,0,0,0,0,0,0,0,0,0,0,0,0,0,0,0,0,0,0,0,0,0,0,0,0,0,0,0,0,1,0,0,0,0,0,0,0,0,0,0,0,0,0,0,0,0,0,1,1,1,1,1,1,1,1,1,0,1,1,1,1,1,1,0
110,6,1613,267,63,2889,20,25.0,5.0,3.0,17.0,52.0,0.0,0.0,8.0,5.0,20.0,9.0,46.0,6.0,28.0,3.0,5.0,0.0,3.0,0.0946969696969697,0.01893939393939394,0.011363636363636364,0.06439393939393939,0.19696969696969696,0.0,0.0,0.030303030303030304,0.01893939393939394,0.07575757575757576,0.03409090909090909,0.17424242424242425,0.022727272727272728,0.10606060606060606,0.011363636363636364,0.01893939393939394,0.0,0.011363636363636364,0,0,0,0,0,0,0,0,0,0,0,0,0,0,0,0,0,0,0,0,0,0,0,0,0,0,0,0,0,0,0,0,0,0,0,0,0,0,0,0,0,0,0,0,0,0,0,0,0,0,0,0,0,0,0,0,0,1,0,0,0,0,0,0,0,0,0,0,0,0,0,0,0,0,0,0,0,0,0,0,0,0,0,0,0,0,0,0,1,0,0,0,0,0,0,0,0,0,0,0,0,1,1,0,1,1,1,1,1,1,1,1,1,1,1,1,0,1
102,6,1844,334,70,2962,24,16.0,6.0,0.0,37.0,11.0,0.0,0.0,39.0,3.0,13.0,3.0,95.0,13.0,16.0,27.0,8.0,5.0,6.0,0.0453257790368272,0.0169971671388102,0.0,0.1048158640226629,0.031161473087818695,0.0,0.0,0.11048158640226628,0.0084985835694051,0.036827195467422094,0.0084985835694051,0.26912181303116145,0.036827195467422094,0.0453257790368272,0.0764872521246459,0.0226628895184136,0.014164305949008499,0.0169971671388102,0,0,0,0,0,0,0,0,0,0,0,0,0,0,0,0,0,0,0,0,0,0,0,0,0,0,0,0,0,0,0,0,0,0,0,0,0,0,0,0,0,0,0,0,0,0,0,0,0,0,0,1,0,0,0,0,0,0,0,0,0,0,0,0,0,0,0,0,0,0,0,0,0,0,0,0,0,0,0,0,0,0,0,0,0,0,0,0,1,0,0,0,0,0,0,0,0,0,0,0,0,1,1,1,0,1,1,1,1,1,1,1,1,1,1,1,1,1
137,7,1840,257,54,2795,21,26.0,11.0,5.0,73.0,13.0,0.0,0.0,28.0,6.0,20.0,1.0,0.0,4.0,11.0,5.0,2.0,2.0,6.0,0.13402061855670103,0.05670103092783505,0.02577319587628866,0.37628865979381443,0.06701030927835051,0.0,0.0,0.14432989690721648,0.030927835051546393,0.10309278350515463,0.005154639175257732,0.0,0.020618556701030927,0.05670103092783505,0.02577319587628866,0.010309278350515464,0.010309278350515464,0.030927835051546393,0,0,0,0,0,0,0,0,0,0,0,0,0,0,0,0,0,0,0,0,0,0,0,0,0,0,0,0,0,0,0,0,0,0,0,0,0,0,0,0,0,0,0,0,0,0,0,0,0,0,0,0,0,0,0,0,0,0,1,0,0,0,0,0,0,0,0,0,0,0,0,0,0,0,0,0,0,0,0,0,0,0,0,1,0,0,0,0,0,0,0,0,0,0,0,0,0,0,0,0,0,1,1,1,1,1,1,1,1,1,1,0,1,1,1,1,1,1
175,9,1394,279,30,3145,25,0.0,1.0,2.0,87.0,2.0,0.0,0.0,45.0,0.0,1.0,5.0,0.0,2.0,24.0,0.0,0.0,2.0,0.0,0.0,0.003424657534246575,0.00684931506849315,0.2979452054794521,0.00684931506849315,0.0,0.0,0.1541095890410959,0.0,0.003424657534246575,0.017123287671232876,0.0,0.00684931506849315,0.0821917808219178,0.0,0.0,0.00684931506849315,0.0,0,0,0,0,0,0,0,0,0,0,0,0,0,0,0,0,0,1,0,0,0,0,0,0,0,0,0,0,0,0,0,0,0,0,0,0,0,0,0,0,0,0,0,0,0,0,0,0,0,0,0,0,0,0,0,0,0,0,0,0,0,0,0,0,0,0,0,0,1,0,0,0,0,0,0,0,0,0,0,0,0,0,0,0,0,0,0,0,0,0,0,0,0,0,0,0,0,0,0,0,0,0,1,0,1,1,1,1,0,1,1,0,1,1,0,0,1,0
18,2,2363,262,21,2494,16,0.0,5.0,0.0,38.0,0.0,0.0,0.0,50.0,5.0,8.0,0.0,92.0,9.0,27.0,0.0,7.0,3.0,3.0,0.0,0.01858736059479554,0.0,0.1412639405204461,0.0,0.0,0.0,0.18587360594795538,0.01858736059479554,0.02973977695167286,0.0,0.3420074349442379,0.03345724907063197,0.10037174721189591,0.0,0.026022304832713755,0.011152416356877323,0.011152416356877323,0,0,0,0,0,0,0,0,0,0,0,0,0,0,0,0,0,0,0,1,0,0,0,0,0,0,0,0,0,0,0,0,0,0,0,0,0,0,0,0,0,0,0,0,0,0,0,0,0,0,0,0,0,0,0,0,0,0,0,0,0,0,0,0,0,0,0,0,0,0,0,0,0,0,1,0,0,0,0,0,0,0,0,0,0,1,0,0,0,0,0,0,0,0,0,0,0,0,0,0,0,0,1,1,0,1,0,1,1,1,0,1,1,1,0,1,1,1
154,8,1567,339,52,3011,20,20.0,11.0,14.0,60.0,19.0,0.0,0.0,55.0,8.0,4.0,0.0,0.0,10.0,15.0,4.0,20.0,6.0,0.0,0.08403361344537816,0.046218487394957986,0.058823529411764705,0.25210084033613445,0.07983193277310924,0.0,0.0,0.23109243697478993,0.03361344537815126,0.01680672268907563,0.0,0.0,0.04201680672268908,0.06302521008403361,0.01680672268907563,0.08403361344537816,0.025210084033613446,0.0,0,0,0,0,0,0,1,0,0,0,0,0,0,0,0,0,0,0,0,0,0,0,0,0,0,0,0,0,0,0,0,0,0,0,0,0,0,0,0,0,0,0,0,0,0,0,0,0,0,0,0,0,0,0,0,0,0,0,0,0,0,0,0,0,0,0,0,0,0,0,0,0,0,0,0,0,0,1,0,0,0,0,0,0,0,0,0,0,0,0,0,0,0,0,0,0,0,0,0,0,1,1,1,0,1,1,1,1,1,1,0,0,1,1,1,1,1,0
38,3,2255,216,30,2218,16,3.0,4.0,6.0,22.0,0.0,0.0,12.0,25.0,0.0,5.0,0.0,70.0,0.0,33.0,2.0,0.0,4.0,7.0,0.011583011583011582,0.015444015444015444,0.023166023166023165,0.08494208494208494,0.0,0.0,0.04633204633204633,0.09652509652509653,0.0,0.019305019305019305,0.0,0.2702702702702703,0.0,0.1274131274131274,0.007722007722007722,0.0,0.015444015444015444,0.02702702702702703,0,0,0,0,0,0,0,0,0,0,0,0,0,0,0,0,0,0,0,0,0,0,0,0,0,0,0,0,0,0,0,0,0,0,0,1,0,0,0,0,0,0,0,0,0,0,0,0,0,0,0,0,0,0,0,0,0,0,0,0,0,0,0,0,0,0,0,0,0,0,0,0,0,0,0,0,0,0,0,0,0,0,0,1,0,0,0,0,0,0,0,0,0,0,0,0,0,0,0,0,0,1,1,0,1,1,0,1,0,1,0,1,0,1,1,0,1,1
68,5,1884,268,43,2436,20,7.0,8.0,8.0,31.0,0.0,36.0,0.0,21.0,0.0,5.0,0.0,75.0,5.0,5.0,23.0,0.0,1.0,0.0,0.025362318840579712,0.028985507246376812,0.028985507246376812,0.11231884057971014,0.0,0.13043478260869565,0.0,0.07608695652173914,0.0,0.018115942028985508,0.0,0.2717391304347826,0.018115942028985508,0.018115942028985508,0.08333333333333333,0.0,0.0036231884057971015,0.0,0,0,0,0,0,0,0,0,0,0,0,0,0,0,0,0,0,0,0,0,0,0,0,0,0,0,0,0,0,1,0,0,0,0,0,0,0,0,0,0,0,0,0,0,0,0,0,0,0,0,0,0,0,0,0,0,0,0,0,0,0,0,0,0,0,0,0,0,0,1,0,0,0,0,0,0,0,0,0,0,0,0,0,0,0,0,0,0,0,0,0,0,0,0,0,0,0,0,0,0,0,1,1,1,1,1,0,1,0,1,0,1,1,1,1,0,1,0
2,1,2983,244,21,2769,13,0.0,5.0,0.0,62.0,0.0,0.0,18.0,42.0,0.0,6.0,3.0,56.0,9.0,32.0,0.0,1.0,6.0,0.0,0.0,0.020491803278688523,0.0,0.2540983606557377,0.0,0.0,0.07377049180327869,0.1721311475409836,0.0,0.02459016393442623,0.012295081967213115,0.22950819672131148,0.036885245901639344,0.13114754098360656,0.0,0.004098360655737705,0.02459016393442623,0.0,0,0,0,0,0,0,0,0,0,0,0,0,0,0,0,0,0,0,0,0,0,0,0,0,0,0,0,0,0,0,0,0,0,0,0,0,0,0,1,0,0,0,0,0,0,0,0,0,0,0,0,0,0,0,0,0,0,0,0,0,0,0,0,0,0,0,0,0,0,0,0,0,0,0,0,0,0,0,0,0,0,0,0,0,0,0,0,0,0,0,0,1,0,0,0,0,0,0,0,0,0,0,1,0,0,1,0,1,0,1,1,1,1,1,0,1,1,0
31,3,2311,236,52,2737,19,4.0,6.0,0.0,36.0,0.0,0.0,12.0,15.0,5.0,2.0,1.0,83.0,0.0,25.0,3.0,6.0,5.0,3.0,0.011267605633802818,0.016901408450704224,0.0,0.10140845070422536,0.0,0.0,0.03380281690140845,0.04225352112676056,0.014084507042253521,0.005633802816901409,0.0028169014084507044,0.23380281690140844,0.0,0.07042253521126761,0.008450704225352112,0.016901408450704224,0.014084507042253521,0.008450704225352112,0,0,0,0,0,0,0,0,0,0,0,0,0,0,0,0,0,0,0,0,0,0,0,0,0,0,0,0,0,0,0,0,0,0,0,0,0,0,0,0,0,0,0,0,0,0,0,0,0,0,0,0,0,0,1,0,0,0,0,0,0,0,0,0,0,0,0,0,0,0,0,0,0,0,0,0,0,0,0,1,0,0,0,0,0,0,0,0,0,0,0,0,0,0,0,0,0,0,0,0,0,1,1,1,0,1,0,1,1,1,1,1,0,1,1,1,1,1
173,9,1441,268,65,3090,24,0.0,13.0,19.0,41.0,11.0,0.0,0.0,18.0,0.0,19.0,6.0,0.0,19.0,23.0,6.0,0.0,4.0,0.0,0.0,0.053497942386831275,0.07818930041152264,0.16872427983539096,0.04526748971193416,0.0,0.0,0.07407407407407407,0.0,0.07818930041152264,0.024691358024691357,0.0,0.07818930041152264,0.09465020576131687,0.024691358024691357,0.0,0.01646090534979424,0.0,0,0,0,0,0,0,0,0,0,0,0,0,0,0,0,0,0,0,0,0,0,0,0,0,0,0,0,0,0,0,0,0,0,0,0,0,0,0,0,0,0,0,0,1,0,0,0,0,0,0,0,0,0,0,0,0,0,0,0,0,0,0,0,0,0,0,0,0,0,0,1,0,0,0,0,0,0,0,0,0,0,0,0,0,0,0,0,0,0,0,0,0,0,0,0,0,0,0,0,0,0,0,1,1,1,1,1,1,0,1,1,0,1,1,1,0,1,0
107,6,1642,279,52,2947,25,24.0,3.0,0.0,29.0,20.0,0.0,0.0,40.0,3.0,3.0,4.0,52.0,4.0,1.0,1.0,3.0,1.0,0.0,0.0898876404494382,0.011235955056179775,0.0,0.10861423220973783,0.0749063670411985,0.0,0.0,0.149812734082397,0.011235955056179775,0.011235955056179775,0.0149812734082397,0.1947565543071161,0.0149812734082397,0.003745318352059925,0.003745318352059925,0.011235955056179775,0.003745318352059925,0.0,0,0,0,0,0,0,0,0,0,0,0,0,0,0,0,0,0,0,0,0,0,0,0,0,0,0,0,0,0,0,0,0,0,0,0,0,0,0,0,0,0,0,0,0,0,0,0,0,0,0,0,1,0,0,0,0,0,0,0,0,0,0,0,0,0,0,0,0,0,0,0,0,0,0,0,0,0,0,0,0,0,0,1,0,0,0,0,0,0,0,0,0,0,0,0,0,0,0,0,0,0,1,1,1,0,1,1,1,1,1,1,1,1,1,1,1,1,0
112,6,1627,308,62,3111,19,30.0,0.0,26.0,38.0,3.0,0.0,0.0,14.0,7.0,0.0,1.0,92.0,1.0,42.0,0.0,4.0,3.0,0.0,0.048,0.0,0.0416,0.0608,0.0048,0.0,0.0,0.0224,0.0112,0.0,0.0016,0.1472,0.0016,0.0672,0.0,0.0064,0.0048,0.0,0,0,0,0,0,0,0,0,0,0,0,0,0,0,0,0,0,0,0,0,0,0,0,0,0,0,0,0,0,0,0,0,0,0,0,0,0,0,0,0,0,0,0,0,0,0,0,0,0,0,1,0,0,0,0,0,0,0,0,0,0,0,0,0,0,0,0,0,0,0,0,0,0,0,1,0,0,0,0,0,0,0,0,0,0,1,0,0,0,0,0,0,0,0,0,0,0,0,0,0,0,1,0,1,1,1,1,1,1,0,1,1,1,1,0,1,1,0
134,7,2182,262,98,2882,25,4.0,1.0,3.0,13.0,12.0,0.0,0.0,23.0,0.0,6.0,6.0,83.0,6.0,15.0,2.0,6.0,3.0,2.0,0.014084507042253521,0.0035211267605633804,0.01056338028169014,0.045774647887323945,0.04225352112676056,0.0,0.0,0.08098591549295775,0.0,0.02112676056338028,0.02112676056338028,0.29225352112676056,0.02112676056338028,0.0528169014084507,0.007042253521126761,0.02112676056338028,0.01056338028169014,0.007042253521126761,0,0,0,0,0,0,0,0,0,0,0,0,0,0,0,0,0,0,0,0,0,0,0,0,0,0,0,0,0,0,0,0,0,0,0,0,0,0,0,0,0,0,0,0,0,0,1,0,0,0,0,0,0,0,0,0,0,0,0,0,0,0,0,0,0,0,0,0,0,0,0,0,0,0,0,0,0,0,0,0,0,0,0,0,0,0,0,0,1,0,0,0,0,0,0,0,0,0,0,0,0,1,1,1,1,1,1,1,1,1,1,1,1,1,1,1,1,1
0,1,3706,229,27,2757,15,0.0,1.0,0.0,29.0,0.0,0.0,12.0,36.0,0.0,1.0,0.0,81.0,3.0,41.0,2.0,8.0,5.0,0.0,0.0,0.004366812227074236,0.0,0.12663755458515283,0.0,0.0,0.05240174672489083,0.1572052401746725,0.0,0.004366812227074236,0.0,0.3537117903930131,0.013100436681222707,0.17903930131004367,0.008733624454148471,0.034934497816593885,0.021834061135371178,0.0,0,0,0,0,0,0,0,0,0,0,0,0,0,0,0,0,0,0,0,0,0,0,0,0,0,0,0,0,0,0,0,0,0,0,0,0,0,1,0,0,0,0,0,0,0,0,0,0,0,0,0,0,0,0,0,0,0,0,0,0,0,0,0,0,0,0,0,0,0,0,0,0,0,0,0,0,1,0,0,0,0,0,0,0,0,0,0,0,0,0,0,0,0,1,0,0,1,0,0,0,0,0,1,0,0,1,0,1,0,1,0,1,1,1,1,1,1,0
58,4,2202,244,44,2804,20,0.0,0.0,3.0,5.0,0.0,0.0,28.0,14.0,15.0,4.0,1.0,79.0,1.0,21.0,0.0,10.0,0.0,4.0,0.0,0.0,0.00663716814159292,0.011061946902654867,0.0,0.0,0.061946902654867256,0.030973451327433628,0.033185840707964605,0.008849557522123894,0.0022123893805309734,0.1747787610619469,0.0022123893805309734,0.046460176991150445,0.0,0.022123893805309734,0.0,0.008849557522123894,0,0,0,0,0,0,0,0,0,0,0,0,0,0,0,0,0,0,0,0,0,0,0,0,0,0,0,0,0,0,0,0,0,0,0,1,0,0,0,0,0,0,0,0,0,0,0,0,0,0,0,0,0,0,0,0,0,0,0,0,0,0,0,0,0,0,0,0,0,0,0,0,0,0,0,0,0,0,0,0,0,0,0,0,0,0,1,0,0,0,0,0,0,0,0,0,0,0,0,0,0,0,0,0,1,1,0,1,1,1,1,1,1,1,0,1,0,1
5,1,2852,346,39,3028,13,0.0,3.0,0.0,28.0,0.0,0.0,8.0,55.0,0.0,5.0,0.0,106.0,1.0,45.0,0.0,12.0,3.0,7.0,0.0,0.008670520231213872,0.0,0.08092485549132948,0.0,0.0,0.023121387283236993,0.15895953757225434,0.0,0.014450867052023121,0.0,0.3063583815028902,0.002890173410404624,0.13005780346820808,0.0,0.03468208092485549,0.008670520231213872,0.02023121387283237,0,0,1,0,0,0,0,0,0,0,0,0,0,0,0,0,0,0,0,0,0,0,0,0,0,0,0,0,0,0,0,0,0,0,0,0,0,0,0,0,0,0,0,0,0,0,0,0,0,0,0,0,0,0,0,0,0,0,0,0,0,0,0,0,0,0,0,0,0,0,0,0,0,0,0,0,0,0,0,0,0,0,0,0,0,0,0,0,1,0,0,0,0,0,0,0,0,0,0,0,0,0,1,0,0,1,0,1,0,1,0,1,1,1,0,1,1,1
183,9,2041,382,33,4333,20,68.0,30.0,11.0,54.0,9.0,0.0,0.0,63.0,0.0,13.0,1.0,0.0,19.0,30.0,4.0,0.0,4.0,7.0,0.26153846153846155,0.11538461538461539,0.04230769230769231,0.2076923076923077,0.03461538461538462,0.0,0.0,0.2423076923076923,0.0,0.05,0.0038461538461538464,0.0,0.07307692307692308,0.11538461538461539,0.015384615384615385,0.0,0.015384615384615385,0.026923076923076925,0,0,0,0,0,0,0,0,0,0,0,0,0,0,0,0,0,0,0,0,0,0,0,0,0,0,0,0,1,0,0,0,0,0,0,0,0,0,0,0,0,0,0,0,0,0,0,0,0,0,0,0,0,0,0,0,0,0,0,0,0,0,0,0,0,0,0,0,0,0,0,0,0,0,0,0,0,0,0,0,0,0,0,0,0,0,0,0,0,1,0,0,0,0,0,0,0,0,0,0,0,1,1,1,1,1,1,1,0,1,1,0,1,1,1,0,1,1
105,6,1670,295,43,3183,17,24.0,1.0,0.0,39.0,23.0,0.0,0.0,33.0,11.0,5.0,4.0,68.0,6.0,5.0,4.0,19.0,0.0,0.0,0.0653950953678474,0.0027247956403269754,0.0,0.10626702997275204,0.06267029972752043,0.0,0.0,0.08991825613079019,0.02997275204359673,0.013623978201634877,0.010899182561307902,0.18528610354223432,0.01634877384196185,0.013623978201634877,0.010899182561307902,0.051771117166212535,0.0,0.0,0,0,0,0,0,0,0,0,0,0,0,0,0,0,0,0,0,0,0,0,0,0,0,0,0,0,0,0,0,0,0,0,0,0,0,0,0,0,0,0,0,0,1,0,0,0,0,0,0,0,0,0,0,0,0,0,0,0,0,0,0,0,0,0,0,0,0,0,0,0,0,0,0,0,0,0,0,0,0,0,0,0,0,0,0,0,0,0,1,0,0,0,0,0,0,0,0,0,0,0,0,1,1,0,0,1,1,1,1,1,1,1,1,1,1,1,0,0
131,7,1581,313,90,3327,19,29.0,1.0,0.0,41.0,10.0,32.0,0.0,38.0,3.0,13.0,3.0,57.0,1.0,36.0,1.0,4.0,1.0,0.0,0.09446254071661238,0.003257328990228013,0.0,0.13355048859934854,0.03257328990228013,0.10423452768729642,0.0,0.1237785016286645,0.009771986970684038,0.04234527687296417,0.009771986970684038,0.18566775244299674,0.003257328990228013,0.11726384364820847,0.003257328990228013,0.013029315960912053,0.003257328990228013,0.0,0,0,0,0,0,0,0,0,0,0,0,0,0,0,0,0,0,0,0,0,0,0,0,0,0,0,0,0,0,0,0,0,0,0,0,0,0,0,0,0,0,0,0,0,0,0,0,0,0,0,0,1,0,0,0,0,0,0,0,0,0,0,0,1,0,0,0,0,0,0,0,0,0,0,0,0,0,0,0,0,0,0,0,0,0,0,0,0,0,0,0,0,0,0,0,0,0,0,0,0,0,1,1,0,0,1,1,1,1,1,1,1,1,1,1,1,1,0
41,3,2254,257,23,2330,17,0.0,5.0,0.0,29.0,0.0,0.0,6.0,25.0,3.0,3.0,2.0,77.0,0.0,30.0,0.0,6.0,1.0,0.0,0.0,0.023474178403755867,0.0,0.13615023474178403,0.0,0.0,0.028169014084507043,0.11737089201877934,0.014084507042253521,0.014084507042253521,0.009389671361502348,0.3615023474178404,0.0,0.14084507042253522,0.0,0.028169014084507043,0.004694835680751174,0.0,0,0,0,0,0,0,0,0,0,0,0,0,0,0,0,0,0,0,0,0,0,0,0,0,0,0,0,0,0,0,0,0,0,0,0,0,0,0,0,0,0,0,0,0,0,0,0,0,0,0,0,1,0,0,0,0,0,0,0,0,0,0,0,0,0,0,0,0,0,0,0,0,0,0,0,0,0,0,0,0,0,0,0,0,0,0,0,0,1,0,0,0,0,0,0,0,0,0,0,0,0,0,1,0,0,1,0,1,1,1,1,1,0,1,0,1,1,0
108,6,1609,281,78,2846,18,15.0,6.0,9.0,43.0,7.0,0.0,0.0,51.0,8.0,8.0,3.0,85.0,1.0,3.0,18.0,3.0,11.0,2.0,0.04491017964071856,0.017964071856287425,0.02694610778443114,0.12874251497005987,0.020958083832335328,0.0,0.0,0.15269461077844312,0.023952095808383235,0.023952095808383235,0.008982035928143712,0.25449101796407186,0.0029940119760479044,0.008982035928143712,0.05389221556886228,0.008982035928143712,0.03293413173652695,0.005988023952095809,0,0,0,0,0,1,0,0,0,0,0,0,0,0,0,0,0,0,0,0,0,0,0,0,0,0,0,0,0,0,0,0,0,0,0,0,0,0,0,0,0,0,0,0,0,0,0,0,0,0,0,0,0,0,0,0,0,0,0,0,0,0,0,0,0,0,1,0,0,0,0,0,0,0,0,0,0,0,0,0,0,0,0,0,0,0,0,0,0,0,0,0,0,0,0,0,0,0,0,0,0,1,1,0,1,1,1,1,1,1,1,1,1,1,1,1,1,1
139,8,1829,226,31,2609,16,50.0,6.0,4.0,28.0,9.0,0.0,0.0,33.0,5.0,8.0,5.0,0.0,4.0,23.0,10.0,1.0,8.0,1.0,0.22123893805309736,0.02654867256637168,0.017699115044247787,0.12389380530973451,0.03982300884955752,0.0,0.0,0.14601769911504425,0.022123893805309734,0.035398230088495575,0.022123893805309734,0.0,0.017699115044247787,0.10176991150442478,0.04424778761061947,0.004424778761061947,0.035398230088495575,0.004424778761061947,0,0,0,0,1,0,0,0,0,0,0,0,0,0,0,0,0,0,0,0,0,0,0,0,0,0,0,0,0,0,0,0,0,0,0,0,0,0,0,0,0,0,0,0,0,0,0,0,0,0,0,0,0,0,0,0,0,0,0,0,0,0,0,0,0,1,0,0,0,0,0,0,0,0,0,0,0,0,0,0,0,0,0,0,0,0,0,0,0,0,0,0,0,0,0,0,0,0,0,0,0,1,1,0,1,1,1,1,1,1,1,0,1,1,1,1,1,1
123,7,1598,307,51,3162,26,10.0,20.0,0.0,24.0,7.0,0.0,0.0,24.0,5.0,9.0,0.0,66.0,5.0,28.0,1.0,54.0,7.0,0.0,0.020242914979757085,0.04048582995951417,0.0,0.048582995951417005,0.01417004048582996,0.0,0.0,0.048582995951417005,0.010121457489878543,0.018218623481781375,0.0,0.13360323886639677,0.010121457489878543,0.05668016194331984,0.0020242914979757085,0.10931174089068826,0.01417004048582996,0.0,0,0,0,0,0,0,0,0,0,0,0,0,0,0,0,0,1,0,0,0,0,0,0,0,0,0,0,0,0,0,0,0,0,0,0,0,0,0,0,0,0,0,0,0,0,0,0,0,0,0,0,0,0,0,0,0,0,0,0,0,0,1,0,0,0,0,0,0,0,0,0,0,0,0,0,0,0,0,0,0,0,0,0,0,0,0,0,0,0,0,0,0,0,0,0,0,0,0,0,0,0,1,1,1,0,1,1,1,1,1,0,1,1,1,1,1,1,0
148,8,1547,310,49,2885,19,75.0,2.0,10.0,23.0,37.0,0.0,0.0,40.0,10.0,9.0,14.0,0.0,9.0,0.0,7.0,6.0,5.0,6.0,0.25862068965517243,0.006896551724137931,0.034482758620689655,0.07931034482758621,0.12758620689655173,0.0,0.0,0.13793103448275862,0.034482758620689655,0.03103448275862069,0.04827586206896552,0.0,0.03103448275862069,0.0,0.02413793103448276,0.020689655172413793,0.017241379310344827,0.020689655172413793,0,0,0,0,0,0,0,0,0,0,0,0,0,0,0,0,0,0,0,0,1,0,0,0,0,0,0,0,0,0,0,0,0,0,0,0,0,0,0,0,0,0,0,0,0,0,0,0,0,0,0,0,0,0,0,0,0,0,0,0,0,0,0,0,0,0,0,0,0,0,0,0,0,0,0,0,0,0,0,0,0,0,0,0,0,0,0,0,1,0,0,0,0,0,0,0,0,0,0,0,0,1,1,1,1,1,1,1,1,1,1,0,1,0,1,1,1,1
127,7,1616,284,46,2833,25,51.0,0.0,3.0,19.0,25.0,12.0,0.0,24.0,12.0,9.0,0.0,37.0,14.0,18.0,3.0,8.0,2.0,0.0,0.13076923076923078,0.0,0.007692307692307693,0.04871794871794872,0.0641025641025641,0.03076923076923077,0.0,0.06153846153846154,0.03076923076923077,0.023076923076923078,0.0,0.09487179487179487,0.035897435897435895,0.046153846153846156,0.007692307692307693,0.020512820512820513,0.005128205128205128,0.0,0,0,0,0,1,0,0,0,0,0,0,0,0,0,0,0,0,0,0,0,0,0,0,0,0,0,0,0,0,0,0,0,0,0,0,0,0,0,0,0,0,0,0,0,0,0,0,0,0,0,0,0,0,0,0,0,0,0,0,0,0,0,0,0,0,0,0,0,0,0,0,0,0,0,0,0,0,0,0,0,0,0,0,0,0,0,0,0,0,0,0,0,0,0,0,0,0,0,1,0,0,1,0,1,1,1,1,1,1,1,0,1,1,1,1,1,1,0
88,5,1845,319,31,3222,17,12.0,5.0,1.0,49.0,10.0,0.0,0.0,29.0,2.0,1.0,8.0,95.0,5.0,30.0,13.0,25.0,12.0,13.0,0.03858520900321544,0.01607717041800643,0.003215434083601286,0.15755627009646303,0.03215434083601286,0.0,0.0,0.0932475884244373,0.006430868167202572,0.003215434083601286,0.02572347266881029,0.3054662379421222,0.01607717041800643,0.09646302250803858,0.04180064308681672,0.08038585209003216,0.03858520900321544,0.04180064308681672,0,0,0,0,0,1,0,0,0,0,0,0,0,0,0,0,0,0,0,0,0,0,0,0,0,0,0,0,0,0,0,0,0,0,0,0,0,0,0,0,0,0,0,0,0,0,0,0,0,0,0,0,0,0,0,0,0,0,0,0,0,0,0,0,1,0,0,0,0,0,0,0,0,0,0,0,0,0,0,0,0,0,0,0,0,0,0,0,0,0,0,0,0,0,0,0,0,0,0,0,0,1,1,1,1,1,1,1,1,1,1,1,1,1,1,1,1,1
30,3,2388,259,58,2167,15,10.0,12.0,0.0,71.0,0.0,0.0,25.0,12.0,8.0,4.0,0.0,73.0,0.0,17.0,5.0,0.0,2.0,0.0,0.034482758620689655,0.041379310344827586,0.0,0.24482758620689654,0.0,0.0,0.08620689655172414,0.041379310344827586,0.027586206896551724,0.013793103448275862,0.0,0.2517241379310345,0.0,0.05862068965517241,0.017241379310344827,0.0,0.006896551724137931,0.0,0,0,0,0,0,0,0,0,0,0,0,0,0,0,0,0,0,0,0,0,0,0,0,0,1,0,0,0,0,0,0,0,0,0,0,0,0,0,0,0,0,0,0,0,0,0,0,0,0,0,0,0,0,0,0,0,0,0,0,0,0,0,0,0,0,0,0,0,0,0,0,0,0,0,0,0,0,0,0,0,0,0,0,0,0,0,0,0,0,0,0,1,0,0,0,0,0,0,0,0,0,1,1,1,0,1,0,1,1,1,0,1,0,1,1,0,1,0
65,5,2501,507,91,5280,24,29.0,26.0,10.0,49.0,0.0,55.0,5.0,63.0,12.0,14.0,4.0,115.0,18.0,36.0,16.0,20.0,8.0,1.0,0.05719921104536489,0.05128205128205128,0.01972386587771203,0.09664694280078895,0.0,0.10848126232741617,0.009861932938856016,0.1242603550295858,0.023668639053254437,0.027613412228796843,0.007889546351084813,0.22682445759368836,0.03550295857988166,0.07100591715976332,0.03155818540433925,0.03944773175542406,0.015779092702169626,0.0019723865877712033,1,0,0,0,0,0,0,0,0,0,0,0,0,0,0,0,0,0,0,0,0,0,0,0,0,0,0,0,0,0,0,0,0,0,0,0,0,0,0,0,0,0,0,0,0,0,0,1,0,0,0,0,0,0,0,0,0,0,0,0,0,0,0,0,0,0,0,0,0,0,0,0,0,0,1,0,0,0,0,0,0,0,0,0,0,1,0,0,0,0,0,0,0,0,0,0,0,0,0,0,0,1,1,1,1,1,0,1,1,1,1,1,1,1,1,1,1,1
44,3,2264,290,20,2507,22,0.0,1.0,0.0,32.0,0.0,0.0,46.0,21.0,1.0,8.0,0.0,84.0,0.0,22.0,0.0,3.0,0.0,3.0,0.0,0.005235602094240838,0.0,0.16753926701570682,0.0,0.0,0.24083769633507854,0.1099476439790576,0.005235602094240838,0.041884816753926704,0.0,0.4397905759162304,0.0,0.11518324607329843,0.0,0.015706806282722512,0.0,0.015706806282722512,0,0,0,0,0,0,0,0,0,0,0,0,0,0,0,0,0,0,0,0,0,0,0,0,0,0,1,0,0,0,0,0,0,0,0,0,0,0,0,0,0,0,0,0,0,0,0,0,0,0,0,0,0,0,0,0,0,0,0,0,0,0,0,0,0,0,0,0,0,0,0,0,0,0,0,0,0,0,0,0,0,0,0,0,0,0,0,0,0,0,0,1,0,0,0,0,0,0,0,0,0,0,1,1,0,1,0,1,1,1,0,1,0,1,0,1,0,1
27,2,3644,368,28,3204,23,0.0,5.0,8.0,31.0,0.0,0.0,40.0,52.0,1.0,16.0,1.0,94.0,4.0,44.0,7.0,1.0,1.0,4.0,0.0,0.017793594306049824,0.028469750889679714,0.1103202846975089,0.0,0.0,0.1423487544483986,0.18505338078291814,0.0035587188612099642,0.05693950177935943,0.0035587188612099642,0.33451957295373663,0.014234875444839857,0.15658362989323843,0.02491103202846975,0.0035587188612099642,0.0035587188612099642,0.014234875444839857,0,0,0,0,0,0,0,0,0,0,0,0,0,0,0,0,0,0,0,0,0,0,0,0,1,0,0,0,0,0,0,0,0,0,0,0,0,0,0,0,0,0,0,0,0,0,0,0,0,0,0,0,0,0,0,0,0,0,0,0,0,0,0,0,0,0,0,0,0,0,0,0,0,0,0,0,0,0,0,0,0,0,0,0,0,0,0,0,0,0,0,0,0,0,0,0,0,1,0,0,0,0,1,1,1,1,0,1,1,1,1,1,1,1,1,1,1,1
82,5,1875,290,43,3121,15,4.0,8.0,0.0,21.0,0.0,0.0,0.0,30.0,7.0,5.0,0.0,104.0,1.0,14.0,3.0,0.0,2.0,0.0,0.013745704467353952,0.027491408934707903,0.0,0.07216494845360824,0.0,0.0,0.0,0.10309278350515463,0.024054982817869417,0.01718213058419244,0.0,0.35738831615120276,0.003436426116838488,0.048109965635738834,0.010309278350515464,0.0,0.006872852233676976,0.0,0,0,0,0,0,0,0,0,0,0,0,0,0,0,0,0,0,0,0,0,0,0,0,0,0,0,0,0,0,0,0,0,0,0,0,0,0,0,0,0,0,0,0,0,0,0,0,1,0,0,0,0,0,0,0,0,0,0,0,0,0,0,0,0,0,0,0,0,0,0,0,0,0,0,1,0,0,0,0,0,0,0,0,0,0,1,0,0,0,0,0,0,0,0,0,0,0,0,0,0,0,1,1,0,0,1,0,1,1,1,0,1,1,1,1,0,1,0
115,7,1897,240,32,2860,21,16.0,3.0,5.0,21.0,7.0,0.0,0.0,22.0,5.0,5.0,3.0,58.0,8.0,25.0,7.0,3.0,5.0,3.0,0.06666666666666667,0.0125,0.020833333333333332,0.0875,0.029166666666666667,0.0,0.0,0.09166666666666666,0.020833333333333332,0.020833333333333332,0.0125,0.24166666666666667,0.03333333333333333,0.10416666666666667,0.029166666666666667,0.0125,0.020833333333333332,0.0125,0,0,0,0,0,0,0,0,0,0,0,0,0,0,0,0,0,0,0,0,0,0,0,0,0,0,0,0,1,0,0,0,0,0,0,0,0,0,0,0,0,0,0,0,0,0,0,0,0,0,0,0,0,0,0,0,0,0,0,0,0,0,0,0,0,0,0,0,0,0,0,0,1,0,0,0,0,0,0,0,0,0,0,0,0,0,0,0,0,0,0,0,0,0,0,0,0,0,0,0,0,1,1,1,1,1,1,1,1,1,1,1,1,1,1,1,1,1
145,8,1563,321,37,2822,22,43.0,0.0,23.0,55.0,13.0,0.0,0.0,40.0,6.0,15.0,0.0,0.0,4.0,65.0,2.0,6.0,0.0,4.0,0.1799163179916318,0.0,0.09623430962343096,0.2301255230125523,0.05439330543933055,0.0,0.0,0.16736401673640167,0.02510460251046025,0.06276150627615062,0.0,0.0,0.016736401673640166,0.2719665271966527,0.008368200836820083,0.02510460251046025,0.0,0.016736401673640166,0,0,0,0,0,0,0,0,0,0,0,0,0,0,0,0,0,0,0,0,0,0,0,0,0,0,0,0,0,0,0,0,0,0,0,0,0,0,0,0,0,0,0,1,0,0,0,0,0,0,0,0,0,0,0,0,0,0,0,0,0,0,1,0,0,0,0,0,0,0,0,0,0,0,0,0,0,0,0,0,0,0,0,0,0,0,0,0,0,0,0,0,0,0,0,0,0,0,0,0,0,1,0,1,1,1,1,1,1,1,0,0,1,1,1,1,0,1
7,2,2736,283,35,3064,26,0.0,2.0,9.0,11.0,0.0,0.0,11.0,16.0,0.0,6.0,1.0,100.0,0.0,27.0,6.0,1.0,1.0,26.0,0.0,0.00554016620498615,0.024930747922437674,0.030470914127423823,0.0,0.0,0.030470914127423823,0.0443213296398892,0.0,0.01662049861495845,0.002770083102493075,0.2770083102493075,0.0,0.07479224376731301,0.01662049861495845,0.002770083102493075,0.002770083102493075,0.07202216066481995,0,0,0,0,0,0,0,0,0,0,0,0,0,0,0,0,0,0,0,0,0,0,0,0,0,0,0,0,0,0,0,0,0,0,0,0,0,1,0,0,0,0,0,0,0,0,0,0,0,0,0,0,0,0,0,0,0,0,0,0,0,0,0,0,0,1,0,0,0,0,0,0,0,0,0,0,0,0,0,0,0,0,0,0,0,0,0,0,0,0,0,0,0,0,0,0,0,0,0,0,0,0,1,0,1,1,0,1,0,1,1,1,0,1,1,1,1,1
160,8,1453,239,31,2859,21,41.0,4.0,14.0,15.0,7.0,0.0,0.0,24.0,0.0,18.0,2.0,0.0,16.0,22.0,1.0,17.0,1.0,0.0,0.1673469387755102,0.0163265306122449,0.05714285714285714,0.061224489795918366,0.02857142857142857,0.0,0.0,0.09795918367346938,0.0,0.07346938775510205,0.00816326530612245,0.0,0.0653061224489796,0.08979591836734693,0.004081632653061225,0.06938775510204082,0.004081632653061225,0.0,0,0,0,0,0,0,0,0,0,0,0,0,0,0,0,0,0,1,0,0,0,0,0,0,0,0,0,0,0,0,0,0,0,0,0,0,0,0,0,0,0,0,0,0,0,0,0,0,0,0,0,0,0,0,0,0,0,0,0,0,0,0,0,0,0,0,0,0,0,0,0,0,0,0,0,0,0,0,0,0,0,0,0,0,0,0,0,0,0,0,1,0,0,0,0,0,0,0,0,0,0,1,1,1,1,1,1,1,0,1,1,0,1,1,1,1,1,0
114,6,1625,245,34,3209,23,17.0,4.0,6.0,19.0,4.0,0.0,0.0,13.0,5.0,7.0,0.0,67.0,2.0,17.0,5.0,2.0,2.0,7.0,0.060498220640569395,0.014234875444839857,0.021352313167259787,0.06761565836298933,0.014234875444839857,0.0,0.0,0.046263345195729534,0.017793594306049824,0.02491103202846975,0.0,0.23843416370106763,0.0071174377224199285,0.060498220640569395,0.017793594306049824,0.0071174377224199285,0.0071174377224199285,0.02491103202846975,0,0,0,0,0,0,0,0,0,0,0,0,0,0,0,0,0,0,0,0,0,0,0,0,0,0,0,0,0,0,0,0,0,0,0,0,0,0,0,0,0,0,0,0,0,0,0,0,1,0,0,0,0,0,0,0,0,0,0,0,0,0,0,0,0,0,0,0,0,0,0,0,0,0,0,0,0,1,0,0,0,0,0,0,0,0,0,0,0,0,0,0,0,0,0,0,0,0,0,0,1,1,1,1,1,1,1,1,1,1,0,1,1,1,1,1,1,1
157,8,1642,261,32,2811,21,33.0,1.0,7.0,21.0,32.0,0.0,0.0,38.0,1.0,8.0,2.0,0.0,1.0,17.0,4.0,1.0,1.0,3.0,0.13924050632911392,0.004219409282700422,0.029535864978902954,0.08860759493670886,0.1350210970464135,0.0,0.0,0.16033755274261605,0.004219409282700422,0.03375527426160337,0.008438818565400843,0.0,0.004219409282700422,0.07172995780590717,0.016877637130801686,0.004219409282700422,0.004219409282700422,0.012658227848101266,0,0,0,0,0,0,0,0,0,0,0,0,0,0,0,0,0,0,0,0,0,0,0,0,0,0,0,0,0,0,0,0,0,0,0,0,0,0,0,0,0,0,0,0,0,0,0,0,0,0,1,0,0,0,0,0,0,0,0,0,0,0,0,0,0,0,0,0,0,1,0,0,0,0,0,0,0,0,0,0,0,0,0,0,0,0,0,0,0,0,0,0,0,0,0,0,0,0,0,0,0,1,1,1,1,1,1,1,1,1,1,0,1,1,1,1,1,1
8,2,2742,281,33,2604,14,0.0,6.0,0.0,55.0,0.0,0.0,0.0,55.0,0.0,9.0,1.0,83.0,10.0,33.0,2.0,5.0,3.0,0.0,0.0,0.030303030303030304,0.0,0.2777777777777778,0.0,0.0,0.0,0.2777777777777778,0.0,0.045454545454545456,0.005050505050505051,0.41919191919191917,0.050505050505050504,0.16666666666666666,0.010101010101010102,0.025252525252525252,0.015151515151515152,0.0,0,0,0,0,0,0,0,0,0,0,0,0,0,0,0,0,0,0,0,0,0,0,0,0,0,0,0,0,0,0,0,0,0,0,0,0,0,0,0,0,0,0,0,0,0,0,0,1,0,0,0,0,0,0,0,0,0,0,0,0,0,0,0,0,0,0,0,0,0,0,0,0,0,0,0,0,0,0,0,0,0,0,0,0,0,0,0,1,0,0,0,0,0,0,0,0,0,0,0,0,0,0,1,0,0,1,0,1,0,1,1,1,1,1,1,1,1,0
73,5,2070,323,44,2720,16,18.0,23.0,0.0,29.0,0.0,0.0,0.0,31.0,1.0,3.0,1.0,100.0,31.0,58.0,2.0,0.0,4.0,2.0,0.08181818181818182,0.10454545454545454,0.0,0.1318181818181818,0.0,0.0,0.0,0.1409090909090909,0.004545454545454545,0.013636363636363636,0.004545454545454545,0.45454545454545453,0.1409090909090909,0.2636363636363636,0.00909090909090909,0.0,0.01818181818181818,0.00909090909090909,0,0,0,0,0,0,0,0,0,0,0,0,0,0,0,0,0,0,0,0,0,0,0,0,0,0,0,0,0,0,0,0,0,0,0,0,0,0,0,0,0,0,0,0,0,0,0,1,0,0,0,0,0,0,0,0,0,0,0,0,0,0,0,0,0,0,0,0,0,0,0,0,0,0,1,0,0,0,0,0,0,0,0,0,0,1,0,0,0,0,0,0,0,0,0,0,0,0,0,0,0,1,1,1,0,1,0,1,1,1,1,1,1,1,1,0,1,1
146,8,1584,238,30,3051,25,45.0,1.0,11.0,26.0,13.0,0.0,0.0,16.0,4.0,15.0,1.0,0.0,18.0,18.0,6.0,11.0,4.0,0.0,0.15625,0.003472222222222222,0.03819444444444445,0.09027777777777778,0.04513888888888889,0.0,0.0,0.05555555555555555,0.013888888888888888,0.052083333333333336,0.003472222222222222,0.0,0.0625,0.0625,0.020833333333333332,0.03819444444444445,0.013888888888888888,0.0,0,0,0,0,0,0,0,0,0,0,0,0,0,0,0,0,0,0,0,0,0,0,0,0,0,0,0,0,1,0,0,0,0,0,0,0,0,0,0,0,0,0,0,0,0,0,0,0,0,0,0,0,0,0,0,0,0,0,0,0,0,0,0,0,0,0,0,0,0,0,0,0,0,0,0,0,0,0,0,0,0,0,0,0,0,0,0,0,0,0,0,0,0,0,1,0,0,0,0,0,0,1,1,0,1,1,1,1,1,1,1,0,1,1,1,1,1,0
120,7,1663,284,47,3206,20,16.0,5.0,26.0,14.0,7.0,0.0,0.0,27.0,5.0,19.0,1.0,59.0,8.0,24.0,5.0,6.0,7.0,4.0,0.0486322188449848,0.015197568389057751,0.0790273556231003,0.0425531914893617,0.02127659574468085,0.0,0.0,0.08206686930091185,0.015197568389057751,0.057750759878419454,0.00303951367781155,0.17933130699088146,0.0243161094224924,0.0729483282674772,0.015197568389057751,0.0182370820668693,0.02127659574468085,0.0121580547112462,0,0,0,0,0,0,0,0,0,0,0,0,0,0,0,0,0,0,1,0,0,0,0,0,0,0,0,0,0,0,0,0,0,0,0,0,0,0,0,0,0,0,0,0,0,0,0,0,0,0,0,0,0,0,0,0,0,0,0,0,0,0,0,0,0,0,0,0,0,0,0,0,0,0,0,0,0,0,0,0,0,0,0,1,0,0,0,0,0,0,0,0,0,0,0,0,0,0,0,0,0,1,1,1,1,1,1,1,1,1,1,1,1,1,1,1,1,1
101,6,1981,265,26,3038,23,22.0,3.0,0.0,36.0,21.0,0.0,0.0,38.0,1.0,6.0,0.0,68.0,2.0,14.0,4.0,4.0,2.0,0.0,0.03985507246376811,0.005434782608695652,0.0,0.06521739130434782,0.03804347826086957,0.0,0.0,0.06884057971014493,0.0018115942028985507,0.010869565217391304,0.0,0.12318840579710146,0.0036231884057971015,0.025362318840579712,0.007246376811594203,0.007246376811594203,0.0036231884057971015,0.0,0,0,0,0,1,0,0,0,0,0,0,0,0,0,0,0,0,0,0,0,0,0,0,0,0,0,0,0,0,0,0,0,0,0,0,0,0,0,0,0,0,0,0,0,0,0,0,0,0,0,0,0,0,0,0,0,0,0,0,0,0,0,0,0,0,0,0,0,0,0,0,0,0,0,1,0,0,0,0,0,0,0,0,0,0,1,0,0,0,0,0,0,0,0,0,0,0,0,0,0,0,1,1,1,0,1,1,1,1,1,0,1,1,1,1,1,1,0
