n_lines,n_directions,n_words,n_speak_char,andy,angela,creed,darryl,david,dwight,erin,gabe,holly,jan,jim,karen,kelly,kevin,meredith,michael,nellie,oscar,pam,phyllis,robert,ryan,stanley,toby,andy_perc,angela_perc,creed_perc,darryl_perc,david_perc,dwight_perc,erin_perc,gabe_perc,holly_perc,jan_perc,jim_perc,karen_perc,kelly_perc,kevin_perc,meredith_perc,michael_perc,nellie_perc,oscar_perc,pam_perc,phyllis_perc,robert_perc,ryan_perc,stanley_perc,toby_perc,michael_dummy,dwight_dummy,jim_dummy,pam_dummy,andy_dummy,angela_dummy,kevin_dummy,erin_dummy,oscar_dummy,ryan_dummy,darryl_dummy,phyllis_dummy,kelly_dummy,toby_dummy,jan_dummy,stanley_dummy,meredith_dummy,holly_dummy,nellie_dummy,gabe_dummy,robert_dummy,creed_dummy,david_dummy,karen_dummy,writer_Aaron_Shure,writer_Allison_Silverman,writer_B.J._Novak,writer_Brent_Forrester,writer_Carrie_Kemper,writer_Charlie_Grandy,writer_Daniel_Chun,writer_Gene_Stupnitsky;Lee_Eisenberg,writer_Greg_Daniels,writer_Halsted_Sullivan;Warren_Lieberstein,writer_Jennifer_Celotta,writer_Justin_Spitzer,writer_Lee_Eisenberg;Gene_Stupnitsky,writer_Michael_Schur,writer_Mindy_Kaling,writer_Owen_Ellickson,writer_Paul_Lieberstein,writer_Robert_Padnick,writer_Steve_Hely,writer_Warren_Lieberstein;Halsted_Sullivan,low_appearance_writer,director_B.J._Novak,director_Brent_Forrester,director_Charles_McDougall,director_David_Rogers,director_Greg_Daniels,director_Harold_Ramis,director_Jeffrey_Blitz,director_Jennifer_Celotta,director_John_Krasinski,director_Ken_Kwapis,director_Ken_Whittingham,director_Matt_Sohn,director_Paul_Feig,director_Paul_Lieberstein,director_Rainn_Wilson,director_Randall_Einhorn,director_Steve_Carell,director_Troy_Miller,director_Tucker_Gates,low_appearance_director,multi_part
307,60,3087,26,48.0,8.0,3.0,1.0,0.0,22.0,25.0,2.0,0.0,0.0,39.0,0.0,0.0,3.0,0.0,0.0,22.0,11.0,32.0,9.0,19.0,3.0,1.0,0.0,0.1458966565349544,0.0243161094224924,0.0091185410334346,0.0030395136778115,0.0,0.0668693009118541,0.0759878419452887,0.0060790273556231,0.0,0.0,0.1185410334346504,0.0,0.0,0.0091185410334346,0.0,0.0,0.0668693009118541,0.033434650455927,0.0972644376899696,0.0273556231003039,0.0577507598784194,0.0091185410334346,0.0030395136778115,0.0,0,1,1,1,1,1,1,1,1,1,1,1,0,0,0,1,0,0,1,1,1,1,0,0,0,0,0,0,0,0,0,0,0,0,0,0,0,0,0,0,0,0,1,0,0,0,0,0,0,0,0,0,0,0,0,0,0,0,0,0,0,0,0,0,1,0
318,55,2707,28,11.0,32.0,0.0,12.0,0.0,37.0,3.0,0.0,0.0,0.0,31.0,0.0,0.0,9.0,3.0,0.0,4.0,29.0,42.0,6.0,0.0,0.0,5.0,2.0,0.0434782608695652,0.1264822134387351,0.0,0.0474308300395256,0.0,0.1462450592885375,0.0118577075098814,0.0,0.0,0.0,0.1225296442687747,0.0,0.0,0.0355731225296442,0.0118577075098814,0.0,0.0158102766798418,0.1146245059288537,0.1660079051383399,0.0237154150197628,0.0,0.0,0.0197628458498023,0.0079051383399209,0,1,1,1,1,1,1,1,1,0,1,1,0,1,0,1,1,0,1,0,0,0,0,0,0,0,0,0,0,0,0,0,0,0,0,0,0,0,0,0,0,0,0,0,1,0,0,0,0,0,0,0,1,0,0,0,0,0,0,0,0,0,0,0,0,0
368,28,3204,23,0.0,5.0,4.0,8.0,0.0,31.0,0.0,0.0,0.0,40.0,52.0,0.0,1.0,16.0,1.0,94.0,0.0,4.0,44.0,7.0,0.0,1.0,1.0,4.0,0.0,0.0177935943060498,0.0142348754448398,0.0284697508896797,0.0,0.1103202846975089,0.0,0.0,0.0,0.1423487544483986,0.1850533807829181,0.0,0.0035587188612099,0.0569395017793594,0.0035587188612099,0.3345195729537366,0.0,0.0142348754448398,0.1565836298932384,0.0249110320284697,0.0,0.0035587188612099,0.0035587188612099,0.0142348754448398,1,1,1,1,0,1,1,0,1,1,1,1,1,1,1,1,1,0,0,0,0,1,0,0,0,0,0,0,0,0,0,0,0,0,0,0,0,0,0,0,0,0,0,0,1,0,0,0,0,1,0,0,0,0,0,0,0,0,0,0,0,0,0,0,0,0
264,52,2740,25,0.0,4.0,4.0,1.0,0.0,23.0,0.0,0.0,0.0,0.0,17.0,0.0,6.0,5.0,2.0,77.0,0.0,1.0,21.0,0.0,0.0,10.0,6.0,13.0,0.0,0.0141342756183745,0.0141342756183745,0.0035335689045936,0.0,0.0812720848056537,0.0,0.0,0.0,0.0,0.0600706713780918,0.0,0.0212014134275618,0.0176678445229682,0.0070671378091872,0.2720848056537102,0.0,0.0035335689045936,0.0742049469964664,0.0,0.0,0.0353356890459364,0.0212014134275618,0.0459363957597173,1,1,1,1,0,1,1,0,1,1,1,0,1,1,0,1,1,0,0,0,0,1,0,0,0,0,0,0,0,0,0,0,0,0,0,0,0,0,1,0,0,0,0,0,0,0,0,0,0,0,0,0,0,0,0,0,0,0,0,0,0,0,0,0,1,0
452,53,4902,28,11.0,4.0,7.0,10.0,0.0,39.0,0.0,0.0,0.0,31.0,41.0,0.0,13.0,10.0,1.0,136.0,0.0,25.0,50.0,2.0,0.0,21.0,7.0,2.0,0.0585106382978723,0.0212765957446808,0.0372340425531914,0.0531914893617021,0.0,0.2074468085106383,0.0,0.0,0.0,0.1648936170212765,0.2180851063829787,0.0,0.0691489361702127,0.0531914893617021,0.0053191489361702,0.723404255319149,0.0,0.1329787234042553,0.2659574468085106,0.0106382978723404,0.0,0.1117021276595744,0.0372340425531914,0.0106382978723404,1,1,1,1,1,1,1,0,1,1,1,1,1,1,1,1,1,0,0,0,0,1,0,0,0,0,0,0,0,0,0,0,0,0,0,0,0,0,0,0,1,0,0,0,0,0,0,0,0,0,0,0,0,0,0,0,0,0,0,0,0,0,0,0,1,1
273,59,2965,24,31.0,4.0,2.0,0.0,0.0,61.0,10.0,0.0,0.0,0.0,15.0,0.0,0.0,5.0,2.0,0.0,13.0,7.0,9.0,5.0,7.0,0.0,21.0,15.0,0.1156716417910447,0.0149253731343283,0.0074626865671641,0.0,0.0,0.2276119402985074,0.0373134328358208,0.0,0.0,0.0,0.0559701492537313,0.0,0.0,0.0186567164179104,0.0074626865671641,0.0,0.0485074626865671,0.0261194029850746,0.0335820895522388,0.0186567164179104,0.0261194029850746,0.0,0.0783582089552238,0.0559701492537313,0,1,1,1,1,1,1,1,1,0,0,1,0,1,0,1,1,0,1,0,1,1,0,0,0,0,0,0,0,0,0,0,0,0,0,0,0,0,0,0,0,0,0,0,1,0,0,0,0,0,0,0,0,0,0,0,1,0,0,0,0,0,0,0,0,0
213,33,2628,15,0.0,7.0,1.0,0.0,0.0,71.0,0.0,0.0,0.0,0.0,20.0,0.0,5.0,6.0,0.0,50.0,0.0,6.0,15.0,3.0,0.0,7.0,6.0,5.0,0.0,0.0267175572519083,0.0038167938931297,0.0,0.0,0.2709923664122137,0.0,0.0,0.0,0.0,0.0763358778625954,0.0,0.0190839694656488,0.0229007633587786,0.0,0.1908396946564885,0.0,0.0229007633587786,0.0572519083969465,0.0114503816793893,0.0,0.0267175572519083,0.0229007633587786,0.0190839694656488,1,1,1,1,0,1,1,0,1,1,0,1,1,1,0,1,0,0,0,0,0,1,0,0,0,0,0,0,0,0,0,0,0,0,1,0,0,0,0,0,0,0,0,0,0,0,0,0,0,1,0,0,0,0,0,0,0,0,0,0,0,0,0,0,0,0
229,27,2757,15,0.0,1.0,0.0,0.0,0.0,29.0,0.0,0.0,0.0,12.0,36.0,0.0,0.0,1.0,0.0,81.0,0.0,3.0,41.0,2.0,0.0,8.0,5.0,0.0,0.0,0.0043668122270742,0.0,0.0,0.0,0.1266375545851528,0.0,0.0,0.0,0.0524017467248908,0.1572052401746725,0.0,0.0,0.0043668122270742,0.0,0.3537117903930131,0.0,0.0131004366812227,0.1790393013100436,0.0087336244541484,0.0,0.0349344978165938,0.0218340611353711,0.0,1,1,1,1,0,1,1,0,1,1,0,1,0,0,1,1,0,0,0,0,0,0,0,0,0,0,0,0,0,0,0,0,0,0,0,0,0,0,0,0,0,0,0,0,1,0,0,0,0,0,0,0,0,0,1,0,0,0,0,0,0,0,0,0,0,0
185,18,2108,23,0.0,2.0,5.0,0.0,0.0,22.0,0.0,0.0,0.0,0.0,11.0,5.0,9.0,6.0,3.0,45.0,0.0,4.0,26.0,0.0,0.0,15.0,1.0,3.0,0.0,0.0042194092827004,0.010548523206751,0.0,0.0,0.0464135021097046,0.0,0.0,0.0,0.0,0.0232067510548523,0.010548523206751,0.0189873417721519,0.0126582278481012,0.0063291139240506,0.0949367088607595,0.0,0.0084388185654008,0.0548523206751054,0.0,0.0,0.0316455696202531,0.0021097046413502,0.0063291139240506,1,1,1,1,0,1,1,0,1,1,0,0,1,1,0,1,1,0,0,0,0,1,0,1,0,0,0,1,0,0,0,0,0,0,0,0,0,0,0,0,0,0,0,0,0,0,0,0,0,0,0,0,0,0,0,0,0,0,0,0,0,0,0,0,1,0
339,52,3011,20,20.0,11.0,0.0,14.0,0.0,60.0,19.0,6.0,0.0,0.0,55.0,0.0,8.0,4.0,0.0,0.0,24.0,10.0,15.0,4.0,0.0,20.0,6.0,0.0,0.0840336134453781,0.0462184873949579,0.0,0.0588235294117647,0.0,0.2521008403361344,0.0798319327731092,0.0252100840336134,0.0,0.0,0.2310924369747899,0.0,0.0336134453781512,0.0168067226890756,0.0,0.0,0.1008403361344537,0.042016806722689,0.0630252100840336,0.0168067226890756,0.0,0.0840336134453781,0.0252100840336134,0.0,0,1,1,1,1,1,1,1,1,1,1,1,1,0,0,1,0,0,1,1,0,0,0,0,0,0,0,0,0,0,0,0,0,1,0,0,0,0,0,0,0,0,0,0,0,0,0,0,0,0,0,0,0,0,0,0,0,0,0,0,0,0,0,0,1,0
352,50,2876,20,37.0,9.0,1.0,16.0,0.0,24.0,38.0,21.0,38.0,0.0,23.0,0.0,1.0,13.0,1.0,73.0,0.0,17.0,24.0,3.0,0.0,6.0,1.0,0.0,0.1293706293706293,0.0314685314685314,0.0034965034965034,0.0559440559440559,0.0,0.0839160839160839,0.1328671328671328,0.0734265734265734,0.1328671328671328,0.0,0.0804195804195804,0.0,0.0034965034965034,0.0454545454545454,0.0034965034965034,0.2552447552447552,0.0,0.0594405594405594,0.0839160839160839,0.0104895104895104,0.0,0.0209790209790209,0.0034965034965034,0.0,1,1,1,1,1,1,1,1,1,1,1,1,1,0,0,1,1,1,0,1,0,1,0,0,0,0,0,0,0,0,0,0,0,0,0,0,0,0,0,0,0,1,0,0,0,0,0,0,0,1,0,0,0,0,0,0,0,0,0,0,0,0,0,0,0,0
322,42,2890,19,0.0,52.0,3.0,6.0,3.0,57.0,6.0,0.0,0.0,0.0,29.0,0.0,0.0,16.0,8.0,0.0,9.0,22.0,17.0,12.0,0.0,0.0,14.0,8.0,0.0,0.1037924151696606,0.0059880239520958,0.0119760479041916,0.0059880239520958,0.1137724550898203,0.0119760479041916,0.0,0.0,0.0,0.0578842315369261,0.0,0.0,0.0319361277445109,0.0159680638722554,0.0,0.0179640718562874,0.0439121756487025,0.0339321357285429,0.0239520958083832,0.0,0.0,0.0279441117764471,0.0159680638722554,0,1,1,1,0,1,1,1,1,0,1,1,0,1,0,1,1,0,1,0,0,1,1,0,0,0,0,0,0,0,0,0,0,0,0,0,0,0,0,0,0,0,0,0,1,0,1,0,0,0,0,0,0,0,0,0,0,0,0,0,0,0,0,0,0,0
269,40,2659,16,0.0,13.0,16.0,0.0,0.0,33.0,0.0,0.0,0.0,0.0,30.0,0.0,3.0,2.0,0.0,108.0,0.0,7.0,27.0,3.0,0.0,1.0,3.0,0.0,0.0,0.0492424242424242,0.0606060606060606,0.0,0.0,0.125,0.0,0.0,0.0,0.0,0.1136363636363636,0.0,0.0113636363636363,0.0075757575757575,0.0,0.4090909090909091,0.0,0.0265151515151515,0.1022727272727272,0.0113636363636363,0.0,0.0037878787878787,0.0113636363636363,0.0,1,1,1,1,0,1,1,0,1,1,0,1,1,0,0,1,0,0,0,0,0,1,0,0,0,0,0,0,0,0,0,0,1,0,0,0,0,0,0,0,0,0,0,0,0,0,0,0,0,0,0,0,0,0,0,0,0,1,0,0,0,0,0,0,0,0
267,46,3064,27,14.0,0.0,1.0,0.0,14.0,26.0,3.0,0.0,0.0,0.0,37.0,0.0,0.0,4.0,1.0,71.0,0.0,18.0,12.0,7.0,0.0,18.0,4.0,0.0,0.0460526315789473,0.0,0.0032894736842105,0.0,0.0460526315789473,0.0855263157894736,0.0098684210526315,0.0,0.0,0.0,0.1217105263157894,0.0,0.0,0.0131578947368421,0.0032894736842105,0.2335526315789473,0.0,0.0592105263157894,0.0394736842105263,0.0230263157894736,0.0,0.0592105263157894,0.0131578947368421,0.0,1,1,1,1,1,0,1,1,1,1,0,1,0,0,0,1,1,0,0,0,0,1,1,0,0,0,0,0,0,0,0,0,0,0,0,1,0,0,0,0,0,0,0,0,0,0,0,1,0,0,0,0,0,0,0,0,0,0,0,0,0,0,0,0,0,0
290,22,2902,20,17.0,1.0,0.0,10.0,0.0,31.0,0.0,1.0,47.0,0.0,24.0,0.0,3.0,18.0,3.0,72.0,0.0,7.0,32.0,3.0,0.0,9.0,1.0,0.0,0.0548387096774193,0.0032258064516129,0.0,0.032258064516129,0.0,0.1,0.0,0.0032258064516129,0.1516129032258064,0.0,0.0774193548387096,0.0,0.0096774193548387,0.0580645161290322,0.0096774193548387,0.232258064516129,0.0,0.0225806451612903,0.1032258064516129,0.0096774193548387,0.0,0.0290322580645161,0.0032258064516129,0.0,1,1,1,1,1,1,1,0,1,1,1,1,1,0,0,1,1,1,0,1,0,0,0,0,0,0,0,0,0,0,0,0,0,0,0,0,0,0,0,0,0,0,0,0,1,0,0,0,0,0,0,0,0,0,0,0,0,0,0,0,0,1,0,0,0,0
359,45,2766,24,35.0,17.0,1.0,10.0,0.0,34.0,16.0,0.0,0.0,0.0,33.0,0.0,4.0,7.0,1.0,74.0,0.0,20.0,31.0,6.0,0.0,5.0,1.0,0.0,0.2671755725190839,0.1297709923664122,0.0076335877862595,0.0763358778625954,0.0,0.2595419847328244,0.1221374045801526,0.0,0.0,0.0,0.2519083969465648,0.0,0.0305343511450381,0.0534351145038167,0.0076335877862595,0.5648854961832062,0.0,0.1526717557251908,0.2366412213740458,0.0458015267175572,0.0,0.0381679389312977,0.0076335877862595,0.0,1,1,1,1,1,1,1,1,1,1,1,1,1,0,0,1,1,0,0,0,0,1,0,0,0,0,1,0,0,0,0,0,0,0,0,0,0,0,0,0,0,0,0,0,0,0,0,0,0,0,0,0,0,0,0,0,1,0,0,0,0,0,0,0,0,0
213,28,2108,26,14.0,10.0,1.0,0.0,0.0,6.0,0.0,0.0,0.0,0.0,19.0,14.0,15.0,6.0,2.0,56.0,0.0,0.0,23.0,2.0,0.0,7.0,1.0,2.0,0.0544747081712062,0.0389105058365758,0.0038910505836575,0.0,0.0,0.0233463035019455,0.0,0.0,0.0,0.0,0.0739299610894941,0.0544747081712062,0.0583657587548638,0.0233463035019455,0.0077821011673151,0.2178988326848249,0.0,0.0,0.0894941634241245,0.0077821011673151,0.0,0.0272373540856031,0.0038910505836575,0.0077821011673151,1,1,1,1,1,1,1,0,0,1,0,1,1,1,0,1,1,0,0,0,0,1,0,1,0,0,0,0,0,0,0,0,0,0,0,0,0,0,1,0,0,0,0,0,0,0,0,0,0,0,0,0,0,0,0,0,0,0,0,0,0,0,0,0,1,0
254,46,2445,14,0.0,0.0,0.0,0.0,0.0,22.0,0.0,0.0,0.0,46.0,40.0,0.0,1.0,1.0,0.0,73.0,0.0,4.0,32.0,4.0,0.0,6.0,0.0,1.0,0.0,0.0,0.0,0.0,0.0,0.1032863849765258,0.0,0.0,0.0,0.215962441314554,0.1877934272300469,0.0,0.0046948356807511,0.0046948356807511,0.0,0.3427230046948357,0.0,0.0187793427230046,0.1502347417840375,0.0187793427230046,0.0,0.028169014084507,0.0,0.0046948356807511,1,1,1,1,0,0,1,0,1,1,0,1,1,1,1,0,0,0,0,0,0,0,0,0,0,0,0,0,0,0,0,0,0,0,0,0,0,0,0,0,1,0,0,0,0,0,0,0,0,1,0,0,0,0,0,0,0,0,0,0,0,0,0,0,0,0
307,51,3162,26,10.0,20.0,3.0,0.0,0.0,24.0,7.0,8.0,0.0,0.0,24.0,0.0,5.0,9.0,0.0,66.0,0.0,5.0,28.0,1.0,0.0,54.0,7.0,0.0,0.020242914979757,0.0404858299595141,0.0060728744939271,0.0,0.0,0.048582995951417,0.0141700404858299,0.0161943319838056,0.0,0.0,0.048582995951417,0.0,0.0101214574898785,0.0182186234817813,0.0,0.1336032388663967,0.0,0.0101214574898785,0.0566801619433198,0.0020242914979757,0.0,0.1093117408906882,0.0141700404858299,0.0,1,1,1,1,1,1,1,1,1,1,0,1,1,0,0,1,0,0,0,1,0,1,0,0,1,0,0,0,0,0,0,0,0,0,0,0,0,0,0,0,0,0,0,0,0,0,0,0,0,0,0,0,0,0,0,0,0,0,0,0,0,0,0,0,1,0
245,52,2991,21,22.0,0.0,2.0,4.0,0.0,63.0,21.0,0.0,0.0,0.0,32.0,0.0,3.0,2.0,2.0,0.0,27.0,1.0,10.0,0.0,0.0,9.0,13.0,0.0,0.0685358255451713,0.0,0.0062305295950155,0.0124610591900311,0.0,0.1962616822429906,0.0654205607476635,0.0,0.0,0.0,0.0996884735202492,0.0,0.0093457943925233,0.0062305295950155,0.0062305295950155,0.0,0.0841121495327102,0.0031152647975077,0.0311526479750778,0.0,0.0,0.02803738317757,0.0404984423676012,0.0,0,1,1,1,1,0,1,1,1,1,1,0,1,0,0,1,1,0,1,0,0,1,0,0,0,0,0,0,0,0,1,0,0,0,0,0,0,0,0,0,0,0,0,0,0,0,0,0,0,0,0,0,0,0,0,0,1,0,0,0,0,0,0,0,0,0
290,43,3121,15,4.0,8.0,0.0,0.0,18.0,21.0,0.0,0.0,0.0,0.0,30.0,0.0,7.0,5.0,0.0,104.0,0.0,1.0,14.0,3.0,0.0,0.0,2.0,0.0,0.0137457044673539,0.0274914089347079,0.0,0.0,0.0618556701030927,0.0721649484536082,0.0,0.0,0.0,0.0,0.1030927835051546,0.0,0.0240549828178694,0.0171821305841924,0.0,0.3573883161512027,0.0,0.0034364261168384,0.0481099656357388,0.0103092783505154,0.0,0.0,0.0068728522336769,0.0,1,1,1,1,1,1,1,0,1,0,0,1,1,0,0,1,0,0,0,0,0,0,1,0,0,0,0,0,0,0,0,0,0,0,0,0,1,0,0,0,0,0,0,0,0,0,0,0,0,0,0,0,0,0,0,0,0,1,0,0,0,0,0,0,0,0
265,62,2855,16,9.0,4.0,0.0,8.0,0.0,20.0,3.0,8.0,0.0,0.0,40.0,0.0,15.0,13.0,0.0,0.0,0.0,2.0,24.0,4.0,0.0,15.0,0.0,1.0,0.0255681818181818,0.0113636363636363,0.0,0.0227272727272727,0.0,0.0568181818181818,0.0085227272727272,0.0227272727272727,0.0,0.0,0.1136363636363636,0.0,0.0426136363636363,0.0369318181818181,0.0,0.0,0.0,0.0056818181818181,0.0681818181818181,0.0113636363636363,0.0,0.0426136363636363,0.0,0.002840909090909,0,1,1,1,1,1,1,1,1,1,1,1,1,1,0,0,0,0,0,1,0,0,0,0,0,0,0,0,0,1,0,0,0,0,0,0,0,0,0,0,0,0,0,0,0,0,0,0,0,0,0,0,0,0,0,0,1,0,0,0,0,0,0,0,0,0
309,55,2885,21,16.0,3.0,1.0,0.0,0.0,17.0,0.0,0.0,0.0,0.0,35.0,0.0,1.0,10.0,0.0,78.0,0.0,1.0,65.0,2.0,0.0,11.0,4.0,0.0,0.0384615384615384,0.0072115384615384,0.0024038461538461,0.0,0.0,0.0408653846153846,0.0,0.0,0.0,0.0,0.0841346153846153,0.0,0.0024038461538461,0.0240384615384615,0.0,0.1875,0.0,0.0024038461538461,0.15625,0.0048076923076923,0.0,0.0264423076923076,0.0096153846153846,0.0,1,1,1,1,1,1,1,0,1,1,0,1,1,0,0,1,0,0,0,0,0,1,0,0,0,0,1,0,0,0,0,0,0,0,0,0,0,0,0,0,0,0,0,0,0,0,0,0,0,0,0,0,0,0,0,0,0,1,0,0,0,0,0,0,0,0
310,49,2885,19,75.0,2.0,2.0,10.0,0.0,23.0,37.0,0.0,0.0,0.0,40.0,0.0,10.0,9.0,14.0,0.0,0.0,9.0,0.0,7.0,19.0,6.0,5.0,6.0,0.2586206896551724,0.0068965517241379,0.0068965517241379,0.0344827586206896,0.0,0.0793103448275862,0.1275862068965517,0.0,0.0,0.0,0.1379310344827586,0.0,0.0344827586206896,0.0310344827586206,0.0482758620689655,0.0,0.0,0.0310344827586206,0.0,0.0241379310344827,0.0655172413793103,0.0206896551724137,0.0172413793103448,0.0206896551724137,0,1,1,0,1,1,1,1,1,1,1,1,1,1,0,1,1,0,0,0,1,1,0,0,0,0,0,0,0,0,0,0,0,0,0,0,0,0,1,0,0,0,0,0,0,0,0,0,0,0,0,0,0,0,0,0,0,0,0,0,0,0,0,0,1,0
191,23,2419,17,17.0,10.0,2.0,0.0,0.0,4.0,0.0,0.0,0.0,7.0,31.0,10.0,0.0,13.0,1.0,54.0,0.0,0.0,16.0,1.0,0.0,3.0,2.0,4.0,0.0334645669291338,0.0196850393700787,0.0039370078740157,0.0,0.0,0.0078740157480314,0.0,0.0,0.0,0.0137795275590551,0.0610236220472441,0.0196850393700787,0.0,0.0255905511811023,0.0019685039370078,0.1062992125984252,0.0,0.0,0.0314960629921259,0.0019685039370078,0.0,0.0059055118110236,0.0039370078740157,0.0078740157480314,1,1,1,1,1,1,1,0,0,1,0,1,0,1,1,1,1,0,0,0,0,1,0,1,0,0,0,0,0,0,0,0,0,0,0,0,0,0,0,0,0,0,0,0,1,0,0,0,0,0,0,1,0,0,0,0,0,0,0,0,0,0,0,0,0,0
319,37,3181,20,37.0,10.0,3.0,7.0,0.0,14.0,17.0,0.0,0.0,0.0,49.0,0.0,2.0,10.0,8.0,85.0,0.0,11.0,39.0,9.0,0.0,1.0,3.0,0.0,0.1134969325153374,0.0306748466257668,0.00920245398773,0.0214723926380368,0.0,0.0429447852760736,0.0521472392638036,0.0,0.0,0.0,0.1503067484662576,0.0,0.0061349693251533,0.0306748466257668,0.0245398773006134,0.2607361963190184,0.0,0.0337423312883435,0.1196319018404908,0.0276073619631901,0.0,0.0030674846625766,0.00920245398773,0.0,1,1,1,1,1,1,1,1,1,1,1,1,1,0,0,1,1,0,0,0,0,1,0,0,0,0,0,0,0,0,0,0,0,0,0,0,0,0,0,0,0,0,0,1,0,0,0,0,0,0,0,0,0,0,0,0,0,0,0,0,0,0,0,0,1,0
261,32,2811,21,33.0,1.0,1.0,7.0,0.0,21.0,32.0,0.0,0.0,0.0,38.0,0.0,1.0,8.0,2.0,0.0,42.0,1.0,17.0,4.0,24.0,1.0,1.0,3.0,0.1392405063291139,0.0042194092827004,0.0042194092827004,0.0295358649789029,0.0,0.0886075949367088,0.1350210970464135,0.0,0.0,0.0,0.160337552742616,0.0,0.0042194092827004,0.0337552742616033,0.0084388185654008,0.0,0.1772151898734177,0.0042194092827004,0.0717299578059071,0.0168776371308016,0.1012658227848101,0.0042194092827004,0.0042194092827004,0.0126582278481012,0,1,1,1,1,1,1,1,1,1,1,1,1,1,0,1,1,0,1,0,1,1,0,0,0,0,0,0,0,1,0,0,0,0,0,0,0,0,0,0,0,0,0,0,0,0,0,0,0,0,0,0,0,0,0,0,0,0,0,1,0,0,0,0,0,0
321,62,3141,30,40.0,2.0,2.0,8.0,0.0,41.0,4.0,3.0,16.0,16.0,4.0,0.0,5.0,10.0,7.0,88.0,0.0,7.0,8.0,5.0,0.0,1.0,4.0,0.0,0.1639344262295081,0.0081967213114754,0.0081967213114754,0.0327868852459016,0.0,0.1680327868852459,0.0163934426229508,0.0122950819672131,0.0655737704918032,0.0655737704918032,0.0163934426229508,0.0,0.0204918032786885,0.040983606557377,0.0286885245901639,0.360655737704918,0.0,0.0286885245901639,0.0327868852459016,0.0204918032786885,0.0,0.0040983606557377,0.0163934426229508,0.0,1,1,1,1,1,1,1,1,1,1,1,1,1,0,1,1,1,1,0,1,0,1,0,0,0,0,0,0,0,0,0,0,0,0,0,0,0,0,0,0,1,0,0,0,0,0,0,0,0,0,0,0,0,0,0,0,0,0,1,0,0,0,0,0,0,0
279,30,3145,25,0.0,1.0,0.0,2.0,0.0,87.0,2.0,0.0,0.0,0.0,45.0,0.0,0.0,1.0,5.0,0.0,3.0,2.0,24.0,0.0,0.0,0.0,2.0,0.0,0.0,0.0034246575342465,0.0,0.0068493150684931,0.0,0.2979452054794521,0.0068493150684931,0.0,0.0,0.0,0.1541095890410959,0.0,0.0,0.0034246575342465,0.0171232876712328,0.0,0.0102739726027397,0.0068493150684931,0.0821917808219178,0.0,0.0,0.0,0.0068493150684931,0.0,0,1,1,1,0,1,1,1,1,0,1,0,0,0,0,1,1,0,1,0,0,0,0,0,0,0,0,0,1,0,0,0,0,0,0,0,0,0,0,0,0,0,0,0,0,0,0,0,1,0,0,0,0,0,0,0,0,0,0,0,0,0,0,0,0,0
367,78,3214,15,26.0,6.0,0.0,1.0,0.0,85.0,0.0,0.0,0.0,0.0,104.0,0.0,23.0,2.0,0.0,63.0,0.0,0.0,30.0,0.0,0.0,6.0,0.0,0.0,0.0815047021943573,0.018808777429467,0.0,0.0031347962382445,0.0,0.2664576802507837,0.0,0.0,0.0,0.0,0.3260188087774294,0.0,0.0721003134796238,0.006269592476489,0.0,0.1974921630094044,0.0,0.0,0.0940438871473354,0.0,0.0,0.018808777429467,0.0,0.0,1,1,1,1,1,1,1,0,0,1,1,0,1,0,0,0,0,0,0,0,0,0,0,0,0,0,0,0,0,0,0,0,0,0,0,0,0,0,0,0,0,0,0,0,1,0,0,0,0,0,0,0,0,0,0,0,0,0,0,0,0,0,0,0,1,0
281,32,2914,13,8.0,0.0,0.0,0.0,0.0,38.0,0.0,0.0,0.0,0.0,69.0,25.0,0.0,2.0,0.0,82.0,0.0,10.0,18.0,2.0,0.0,0.0,10.0,7.0,0.014519056261343,0.0,0.0,0.0,0.0,0.0689655172413793,0.0,0.0,0.0,0.0,0.1252268602540834,0.0453720508166969,0.0,0.0036297640653357,0.0,0.1488203266787658,0.0,0.0181488203266787,0.0326678765880217,0.0036297640653357,0.0,0.0,0.0181488203266787,0.0127041742286751,1,1,1,1,1,0,1,0,1,0,0,1,0,1,0,1,0,0,0,0,0,0,0,1,0,0,0,0,0,0,0,0,0,0,0,0,0,0,1,0,0,0,0,0,0,0,0,0,0,0,0,0,0,0,0,0,0,0,0,0,0,0,0,0,1,0
278,81,2884,19,27.0,9.0,4.0,0.0,0.0,26.0,42.0,18.0,0.0,0.0,18.0,0.0,13.0,9.0,0.0,56.0,0.0,7.0,23.0,12.0,0.0,3.0,1.0,0.0,0.1050583657587548,0.0350194552529182,0.0155642023346303,0.0,0.0,0.1011673151750972,0.1634241245136186,0.0700389105058365,0.0,0.0,0.0700389105058365,0.0,0.0505836575875486,0.0350194552529182,0.0,0.2178988326848249,0.0,0.0272373540856031,0.0894941634241245,0.046692607003891,0.0,0.0116731517509727,0.0038910505836575,0.0,1,1,1,1,1,1,1,1,1,1,0,1,1,0,0,1,0,0,0,1,0,1,0,0,0,0,0,0,0,0,0,0,0,0,0,0,0,0,0,0,0,0,0,0,1,0,0,0,0,0,0,0,0,0,0,1,0,0,0,0,0,0,0,0,0,0
283,42,2788,20,0.0,9.0,4.0,11.0,0.0,42.0,0.0,0.0,0.0,0.0,28.0,0.0,8.0,11.0,10.0,87.0,0.0,8.0,17.0,5.0,0.0,15.0,5.0,3.0,0.0,0.0318021201413427,0.0141342756183745,0.03886925795053,0.0,0.1484098939929328,0.0,0.0,0.0,0.0,0.0989399293286219,0.0,0.0282685512367491,0.03886925795053,0.0353356890459364,0.3074204946996466,0.0,0.0282685512367491,0.0600706713780918,0.0176678445229682,0.0,0.0530035335689045,0.0176678445229682,0.0106007067137809,1,1,1,1,0,1,1,0,1,1,1,1,1,1,0,1,1,0,0,0,0,1,0,0,0,0,0,0,0,0,0,0,0,0,0,0,0,1,0,0,0,0,0,0,0,0,0,1,0,0,0,0,0,0,0,0,0,0,0,0,0,0,0,0,0,0
268,65,3090,24,0.0,13.0,3.0,19.0,0.0,41.0,11.0,0.0,0.0,0.0,18.0,0.0,0.0,19.0,6.0,0.0,9.0,19.0,23.0,6.0,0.0,0.0,4.0,0.0,0.0,0.0534979423868312,0.0123456790123456,0.0781893004115226,0.0,0.1687242798353909,0.0452674897119341,0.0,0.0,0.0,0.074074074074074,0.0,0.0,0.0781893004115226,0.0246913580246913,0.0,0.037037037037037,0.0781893004115226,0.0946502057613168,0.0246913580246913,0.0,0.0,0.0164609053497942,0.0,0,1,1,1,0,1,1,1,1,0,1,1,0,0,0,1,1,0,1,0,0,1,0,0,0,0,0,0,0,0,0,0,0,0,0,0,0,0,0,0,0,0,0,0,1,0,0,0,0,0,0,0,0,0,0,0,1,0,0,0,0,0,0,0,0,0
208,37,2648,22,21.0,2.0,2.0,10.0,0.0,10.0,0.0,0.0,0.0,0.0,28.0,0.0,0.0,3.0,3.0,61.0,0.0,1.0,18.0,7.0,0.0,8.0,1.0,0.0,0.0406976744186046,0.003875968992248,0.003875968992248,0.0193798449612403,0.0,0.0193798449612403,0.0,0.0,0.0,0.0,0.0542635658914728,0.0,0.0,0.005813953488372,0.005813953488372,0.1182170542635659,0.0,0.001937984496124,0.0348837209302325,0.0135658914728682,0.0,0.0155038759689922,0.001937984496124,0.0,1,1,1,1,1,1,1,0,1,1,1,1,0,0,0,1,1,0,0,0,0,1,0,0,0,0,1,0,0,0,0,0,0,0,0,0,0,0,0,0,0,0,0,0,0,0,0,0,0,0,0,0,0,0,0,0,0,0,0,0,0,0,0,0,1,0
304,42,3289,16,3.0,5.0,3.0,0.0,0.0,29.0,3.0,0.0,0.0,0.0,91.0,0.0,4.0,14.0,9.0,86.0,0.0,12.0,18.0,13.0,0.0,5.0,3.0,0.0,0.0083565459610027,0.0139275766016713,0.0083565459610027,0.0,0.0,0.0807799442896936,0.0083565459610027,0.0,0.0,0.0,0.2534818941504178,0.0,0.011142061281337,0.0389972144846796,0.0250696378830083,0.2395543175487465,0.0,0.0334261838440111,0.0501392757660167,0.0362116991643454,0.0,0.0139275766016713,0.0083565459610027,0.0,1,1,1,1,1,1,1,1,1,1,0,1,1,0,0,1,1,0,0,0,0,1,0,0,0,0,0,0,0,0,0,0,0,0,1,0,0,0,0,0,0,0,0,0,0,0,0,0,0,0,0,0,1,0,0,0,0,0,0,0,0,0,0,0,0,0
273,30,2869,14,0.0,5.0,1.0,0.0,0.0,42.0,0.0,0.0,0.0,52.0,26.0,0.0,2.0,4.0,0.0,103.0,0.0,1.0,30.0,1.0,0.0,1.0,4.0,1.0,0.0,0.0194552529182879,0.0038910505836575,0.0,0.0,0.1634241245136186,0.0,0.0,0.0,0.2023346303501945,0.1011673151750972,0.0,0.0077821011673151,0.0155642023346303,0.0,0.4007782101167315,0.0,0.0038910505836575,0.1167315175097276,0.0038910505836575,0.0,0.0038910505836575,0.0155642023346303,0.0038910505836575,1,1,1,1,0,1,1,0,1,1,0,1,1,1,1,1,0,0,0,0,0,1,0,0,0,0,0,0,0,0,0,0,0,0,0,0,0,0,0,0,0,0,0,0,1,0,0,0,0,0,0,0,0,0,0,0,0,1,0,0,0,0,0,0,0,0
262,58,2464,23,5.0,3.0,1.0,0.0,9.0,73.0,0.0,0.0,0.0,0.0,14.0,0.0,2.0,14.0,2.0,90.0,0.0,3.0,5.0,4.0,0.0,0.0,5.0,0.0,0.0169491525423728,0.0101694915254237,0.0033898305084745,0.0,0.0305084745762711,0.247457627118644,0.0,0.0,0.0,0.0,0.047457627118644,0.0,0.0067796610169491,0.047457627118644,0.0067796610169491,0.3050847457627119,0.0,0.0101694915254237,0.0169491525423728,0.0135593220338983,0.0,0.0,0.0169491525423728,0.0,1,1,1,1,1,1,1,0,1,0,0,1,1,0,0,1,1,0,0,0,0,1,1,0,0,0,1,0,0,0,0,0,0,0,0,0,0,0,0,0,0,0,0,0,0,0,0,0,0,0,0,0,0,0,0,0,0,0,0,0,0,0,0,0,1,0
261,67,2758,21,0.0,2.0,9.0,3.0,0.0,25.0,0.0,0.0,0.0,0.0,27.0,0.0,10.0,7.0,0.0,101.0,0.0,5.0,28.0,1.0,0.0,13.0,2.0,1.0,0.0,0.0074626865671641,0.0335820895522388,0.0111940298507462,0.0,0.0932835820895522,0.0,0.0,0.0,0.0,0.1007462686567164,0.0,0.0373134328358208,0.0261194029850746,0.0,0.376865671641791,0.0,0.0186567164179104,0.1044776119402985,0.003731343283582,0.0,0.0485074626865671,0.0074626865671641,0.003731343283582,1,1,1,1,0,1,1,0,1,1,1,1,1,1,0,1,0,0,0,0,0,1,0,0,0,0,0,0,0,0,0,0,0,0,0,0,0,0,0,0,1,0,0,0,0,0,0,0,0,0,0,0,0,0,0,0,0,0,0,0,0,0,0,0,1,0
283,35,3064,26,0.0,2.0,0.0,9.0,0.0,11.0,0.0,0.0,0.0,11.0,16.0,0.0,0.0,6.0,1.0,100.0,0.0,0.0,27.0,6.0,0.0,1.0,1.0,26.0,0.0,0.0055401662049861,0.0,0.0249307479224376,0.0,0.0304709141274238,0.0,0.0,0.0,0.0304709141274238,0.0443213296398892,0.0,0.0,0.0166204986149584,0.002770083102493,0.2770083102493075,0.0,0.0,0.074792243767313,0.0166204986149584,0.0,0.002770083102493,0.002770083102493,0.0720221606648199,1,1,1,1,0,1,1,0,0,1,1,1,0,1,1,1,1,0,0,0,0,0,0,0,0,0,1,0,0,0,0,0,0,0,0,0,0,0,0,0,0,0,0,0,0,0,0,0,0,0,0,0,0,0,1,0,0,0,0,0,0,0,0,0,0,0
334,70,2962,24,16.0,6.0,2.0,0.0,19.0,37.0,11.0,0.0,0.0,0.0,39.0,0.0,3.0,13.0,3.0,95.0,0.0,13.0,16.0,27.0,0.0,8.0,5.0,6.0,0.0453257790368272,0.0169971671388102,0.0056657223796034,0.0,0.0538243626062322,0.1048158640226629,0.0311614730878186,0.0,0.0,0.0,0.1104815864022662,0.0,0.0084985835694051,0.036827195467422,0.0084985835694051,0.2691218130311614,0.0,0.036827195467422,0.0453257790368272,0.0764872521246459,0.0,0.0226628895184136,0.0141643059490084,0.0169971671388102,1,1,1,1,1,1,1,1,1,1,0,1,1,1,0,1,1,0,0,0,0,1,1,0,0,0,0,0,0,0,0,0,0,0,0,0,0,0,1,0,0,0,0,0,0,0,0,0,0,0,0,0,0,0,0,0,0,0,0,0,1,0,0,0,0,0
311,67,3223,13,12.0,0.0,2.0,3.0,25.0,71.0,0.0,0.0,0.0,0.0,39.0,0.0,0.0,10.0,0.0,113.0,0.0,7.0,24.0,0.0,0.0,0.0,1.0,0.0,0.05,0.0,0.0083333333333333,0.0125,0.1041666666666666,0.2958333333333333,0.0,0.0,0.0,0.0,0.1625,0.0,0.0,0.0416666666666666,0.0,0.4708333333333333,0.0,0.0291666666666666,0.1,0.0,0.0,0.0,0.0041666666666666,0.0,1,1,1,1,1,0,1,0,1,0,1,0,0,0,0,1,0,0,0,0,0,1,1,0,0,0,0,0,0,0,0,0,0,0,0,0,0,0,1,0,0,0,0,0,0,0,0,0,0,0,0,0,0,0,0,0,0,0,0,0,1,0,0,0,0,0
501,54,4965,30,44.0,39.0,4.0,30.0,0.0,87.0,22.0,0.0,0.0,0.0,89.0,0.0,0.0,30.0,9.0,0.0,0.0,28.0,34.0,7.0,0.0,0.0,4.0,0.0,0.1692307692307692,0.15,0.0153846153846153,0.1153846153846153,0.0,0.3346153846153846,0.0846153846153846,0.0,0.0,0.0,0.3423076923076923,0.0,0.0,0.1153846153846153,0.0346153846153846,0.0,0.0,0.1076923076923077,0.1307692307692307,0.0269230769230769,0.0,0.0,0.0153846153846153,0.0,0,1,1,1,1,1,1,1,1,0,1,1,0,0,0,1,1,0,0,0,0,1,0,0,0,0,0,1,0,0,0,0,0,0,0,0,0,0,0,0,0,0,0,0,0,0,0,0,1,0,0,0,0,0,0,0,0,0,0,0,0,0,0,0,0,0
267,63,2889,20,25.0,5.0,0.0,3.0,0.0,17.0,52.0,23.0,0.0,0.0,8.0,0.0,5.0,20.0,9.0,46.0,0.0,6.0,28.0,3.0,0.0,5.0,0.0,3.0,0.0946969696969697,0.0189393939393939,0.0,0.0113636363636363,0.0,0.0643939393939393,0.1969696969696969,0.0871212121212121,0.0,0.0,0.0303030303030303,0.0,0.0189393939393939,0.0757575757575757,0.034090909090909,0.1742424242424242,0.0,0.0227272727272727,0.106060606060606,0.0113636363636363,0.0,0.0189393939393939,0.0,0.0113636363636363,1,1,1,1,1,1,1,1,1,1,1,1,1,1,0,0,1,0,0,1,0,0,0,0,0,0,0,0,0,0,0,0,0,0,0,0,0,0,1,0,0,0,0,0,0,0,0,0,0,0,0,0,0,0,0,0,0,0,0,0,0,1,0,0,0,0
329,44,3177,23,41.0,31.0,4.0,5.0,0.0,57.0,12.0,5.0,0.0,0.0,59.0,0.0,2.0,12.0,2.0,0.0,0.0,24.0,24.0,11.0,0.0,2.0,4.0,5.0,0.1553030303030303,0.1174242424242424,0.0151515151515151,0.0189393939393939,0.0,0.2159090909090909,0.0454545454545454,0.0189393939393939,0.0,0.0,0.2234848484848484,0.0,0.0075757575757575,0.0454545454545454,0.0075757575757575,0.0,0.0,0.0909090909090909,0.0909090909090909,0.0416666666666666,0.0,0.0075757575757575,0.0151515151515151,0.0189393939393939,0,1,1,1,1,1,1,1,1,1,1,1,1,1,0,1,1,0,0,1,0,1,0,0,1,0,0,0,0,0,0,0,0,0,0,0,0,0,0,0,0,0,0,0,0,0,0,0,0,0,0,0,0,0,0,0,0,0,0,0,0,0,0,0,1,0
198,50,2482,18,0.0,4.0,0.0,0.0,12.0,19.0,0.0,0.0,0.0,16.0,16.0,0.0,13.0,5.0,2.0,45.0,0.0,2.0,23.0,3.0,0.0,4.0,0.0,0.0,0.0,0.0146520146520146,0.0,0.0,0.0439560439560439,0.0695970695970696,0.0,0.0,0.0,0.0586080586080586,0.0586080586080586,0.0,0.0476190476190476,0.0183150183150183,0.0073260073260073,0.1648351648351648,0.0,0.0073260073260073,0.0842490842490842,0.0109890109890109,0.0,0.0146520146520146,0.0,0.0,1,1,1,1,0,1,1,0,1,1,0,1,1,0,1,0,1,0,0,0,0,0,1,0,0,0,0,0,0,0,0,0,0,0,0,0,0,1,0,0,0,0,0,0,0,0,0,0,0,1,0,0,0,0,0,0,0,0,0,0,0,0,0,0,0,0
259,32,3164,29,28.0,9.0,1.0,4.0,0.0,53.0,10.0,0.0,0.0,0.0,28.0,0.0,9.0,8.0,3.0,0.0,19.0,6.0,10.0,2.0,0.0,17.0,1.0,18.0,0.1007194244604316,0.0323741007194244,0.0035971223021582,0.014388489208633,0.0,0.1906474820143885,0.0359712230215827,0.0,0.0,0.0,0.1007194244604316,0.0,0.0323741007194244,0.0287769784172661,0.0107913669064748,0.0,0.0683453237410072,0.0215827338129496,0.0359712230215827,0.0071942446043165,0.0,0.0611510791366906,0.0035971223021582,0.0647482014388489,0,1,1,1,1,1,1,1,1,1,1,1,1,1,0,1,1,0,1,0,0,1,0,0,0,0,0,0,0,0,0,0,0,0,0,0,0,0,1,0,0,0,0,0,0,0,1,0,0,0,0,0,0,0,0,0,0,0,0,0,0,0,0,0,0,0
292,37,3141,22,53.0,7.0,2.0,5.0,0.0,16.0,24.0,4.0,0.0,0.0,19.0,0.0,13.0,9.0,1.0,0.0,36.0,7.0,29.0,10.0,18.0,30.0,1.0,1.0,0.1827586206896551,0.0241379310344827,0.0068965517241379,0.0172413793103448,0.0,0.0551724137931034,0.0827586206896551,0.0137931034482758,0.0,0.0,0.0655172413793103,0.0,0.0448275862068965,0.0310344827586206,0.0034482758620689,0.0,0.1241379310344827,0.0241379310344827,0.1,0.0344827586206896,0.0620689655172413,0.1034482758620689,0.0034482758620689,0.0034482758620689,0,1,1,1,1,1,1,1,1,1,1,1,1,1,0,1,1,0,1,1,1,1,0,0,0,0,0,0,0,0,0,0,0,0,0,1,0,0,0,0,0,0,0,0,0,0,0,0,0,0,0,0,0,0,0,0,0,0,0,0,0,0,0,0,1,0
320,75,2818,19,43.0,5.0,3.0,11.0,0.0,40.0,11.0,0.0,0.0,0.0,60.0,0.0,0.0,17.0,7.0,0.0,27.0,14.0,29.0,5.0,0.0,0.0,10.0,2.0,0.1352201257861635,0.0157232704402515,0.0094339622641509,0.0345911949685534,0.0,0.1257861635220125,0.0345911949685534,0.0,0.0,0.0,0.1886792452830188,0.0,0.0,0.0534591194968553,0.0220125786163522,0.0,0.0849056603773584,0.0440251572327044,0.0911949685534591,0.0157232704402515,0.0,0.0,0.0314465408805031,0.0062893081761006,0,1,1,1,1,1,1,1,1,0,1,1,0,1,0,1,1,0,1,0,0,1,0,0,0,0,0,1,0,0,0,0,0,0,0,0,0,0,0,0,0,0,0,0,0,0,0,0,0,0,0,0,0,0,0,0,0,0,0,0,0,0,0,0,1,0
508,102,5151,19,22.0,6.0,3.0,0.0,45.0,60.0,0.0,0.0,0.0,43.0,65.0,40.0,3.0,17.0,6.0,118.0,0.0,11.0,46.0,4.0,0.0,4.0,7.0,0.0,0.1189189189189189,0.0324324324324324,0.0162162162162162,0.0,0.2432432432432432,0.3243243243243243,0.0,0.0,0.0,0.2324324324324324,0.3513513513513513,0.2162162162162162,0.0162162162162162,0.0918918918918919,0.0324324324324324,0.6378378378378379,0.0,0.0594594594594594,0.2486486486486486,0.0216216216216216,0.0,0.0216216216216216,0.0378378378378378,0.0,1,1,1,1,1,1,1,0,1,1,0,1,1,0,1,1,1,0,0,0,0,1,1,1,0,0,0,0,0,0,0,0,0,0,0,0,0,0,0,0,0,0,0,0,1,0,0,0,0,0,0,0,0,0,1,0,0,0,0,0,0,0,0,0,0,1
367,54,3293,19,28.0,2.0,2.0,0.0,0.0,50.0,3.0,0.0,0.0,0.0,26.0,0.0,5.0,6.0,1.0,114.0,0.0,3.0,70.0,2.0,0.0,8.0,1.0,7.0,0.1142857142857142,0.0081632653061224,0.0081632653061224,0.0,0.0,0.2040816326530612,0.0122448979591836,0.0,0.0,0.0,0.1061224489795918,0.0,0.0204081632653061,0.0244897959183673,0.0040816326530612,0.4653061224489795,0.0,0.0122448979591836,0.2857142857142857,0.0081632653061224,0.0,0.0326530612244898,0.0040816326530612,0.0285714285714285,1,1,1,1,1,1,1,1,1,1,0,1,1,1,0,1,1,0,0,0,0,1,0,0,0,0,0,0,0,1,0,0,0,0,0,0,0,0,0,0,0,0,0,0,0,0,0,0,0,0,0,0,0,0,0,0,0,0,0,0,0,0,0,0,1,0
295,43,3183,17,24.0,1.0,0.0,0.0,0.0,39.0,23.0,5.0,0.0,0.0,33.0,0.0,11.0,5.0,4.0,68.0,0.0,6.0,5.0,4.0,0.0,19.0,0.0,0.0,0.0653950953678474,0.0027247956403269,0.0,0.0,0.0,0.106267029972752,0.0626702997275204,0.0136239782016348,0.0,0.0,0.0899182561307901,0.0,0.0299727520435967,0.0136239782016348,0.0108991825613079,0.1852861035422343,0.0,0.0163487738419618,0.0136239782016348,0.0108991825613079,0.0,0.0517711171662125,0.0,0.0,1,1,1,1,1,1,1,1,1,1,0,1,1,0,0,0,1,0,0,1,0,0,0,0,0,0,0,0,0,0,0,0,0,0,0,0,0,0,1,0,0,0,0,0,0,0,0,0,0,0,0,0,0,0,0,0,0,0,0,0,0,0,0,0,1,0
131,25,1098,12,1.0,2.0,0.0,0.0,0.0,17.0,0.0,0.0,0.0,0.0,0.0,0.0,0.0,2.0,0.0,44.0,0.0,0.0,5.0,0.0,0.0,1.0,0.0,18.0,0.0031746031746031,0.0063492063492063,0.0,0.0,0.0,0.0539682539682539,0.0,0.0,0.0,0.0,0.0,0.0,0.0,0.0063492063492063,0.0,0.1396825396825396,0.0,0.0,0.0158730158730158,0.0,0.0,0.0031746031746031,0.0,0.0571428571428571,1,1,0,1,1,1,1,0,0,1,0,0,0,1,0,0,0,0,0,0,0,0,0,0,0,0,0,0,0,0,0,0,0,0,0,0,0,0,0,0,0,0,0,0,1,0,0,0,0,0,0,1,0,0,0,0,0,0,0,0,0,0,0,0,0,0
141,30,2213,18,5.0,4.0,1.0,0.0,0.0,18.0,0.0,0.0,0.0,7.0,11.0,1.0,1.0,1.0,0.0,51.0,0.0,16.0,6.0,3.0,0.0,1.0,1.0,9.0,0.0354609929078014,0.0283687943262411,0.0070921985815602,0.0,0.0,0.1276595744680851,0.0,0.0,0.0,0.0496453900709219,0.0780141843971631,0.0070921985815602,0.0070921985815602,0.0070921985815602,0.0,0.3617021276595745,0.0,0.1134751773049645,0.0425531914893617,0.0212765957446808,0.0,0.0070921985815602,0.0070921985815602,0.0638297872340425,1,1,1,1,1,1,1,0,1,1,0,1,1,1,1,1,0,0,0,0,0,1,0,1,0,0,0,0,0,0,0,0,1,0,0,0,0,0,0,0,0,0,0,0,0,0,0,0,0,0,0,0,0,0,1,0,0,0,0,0,0,0,0,0,0,0
256,38,2623,17,18.0,0.0,2.0,0.0,0.0,28.0,16.0,0.0,0.0,0.0,28.0,0.0,5.0,2.0,1.0,46.0,0.0,5.0,45.0,1.0,0.0,25.0,3.0,3.0,0.0759493670886076,0.0,0.0084388185654008,0.0,0.0,0.1181434599156118,0.0675105485232067,0.0,0.0,0.0,0.1181434599156118,0.0,0.0210970464135021,0.0084388185654008,0.0042194092827004,0.1940928270042194,0.0,0.0210970464135021,0.189873417721519,0.0042194092827004,0.0,0.1054852320675105,0.0126582278481012,0.0126582278481012,1,1,1,1,1,0,1,1,1,1,0,1,1,1,0,1,1,0,0,0,0,1,0,0,0,0,0,0,0,0,0,0,0,0,0,1,0,0,0,0,0,0,0,0,0,0,0,0,0,0,0,0,0,0,0,0,0,0,0,0,0,0,0,0,1,0
274,30,2579,22,16.0,17.0,3.0,0.0,0.0,28.0,23.0,0.0,0.0,0.0,17.0,0.0,11.0,7.0,1.0,84.0,0.0,5.0,19.0,25.0,0.0,2.0,1.0,0.0,0.0551724137931034,0.0586206896551724,0.0103448275862068,0.0,0.0,0.096551724137931,0.0793103448275862,0.0,0.0,0.0,0.0586206896551724,0.0,0.0379310344827586,0.0241379310344827,0.0034482758620689,0.2896551724137931,0.0,0.0172413793103448,0.0655172413793103,0.0862068965517241,0.0,0.0068965517241379,0.0034482758620689,0.0,1,1,1,1,1,1,1,1,1,1,0,1,1,0,0,1,1,0,0,0,0,1,0,0,0,0,0,0,0,0,0,0,0,0,0,0,0,0,0,0,0,0,0,1,0,0,0,0,0,0,0,0,0,0,0,0,0,0,0,0,1,0,0,0,0,0
253,52,2925,21,0.0,16.0,4.0,15.0,0.0,18.0,26.0,0.0,0.0,0.0,28.0,0.0,0.0,14.0,22.0,0.0,9.0,10.0,44.0,8.0,0.0,0.0,4.0,0.0,0.0,0.054054054054054,0.0135135135135135,0.0506756756756756,0.0,0.0608108108108108,0.0878378378378378,0.0,0.0,0.0,0.0945945945945946,0.0,0.0,0.0472972972972973,0.0743243243243243,0.0,0.0304054054054054,0.0337837837837837,0.1486486486486486,0.027027027027027,0.0,0.0,0.0135135135135135,0.0,0,1,1,1,0,1,1,1,1,0,1,1,0,0,0,1,1,0,1,0,0,1,0,0,0,0,0,0,0,0,0,0,0,0,0,0,0,0,0,0,0,0,0,0,1,0,0,0,0,0,0,0,0,0,0,0,0,0,0,0,0,0,0,0,1,0
240,42,2683,19,8.0,12.0,1.0,6.0,0.0,27.0,0.0,0.0,0.0,0.0,26.0,0.0,1.0,3.0,36.0,65.0,0.0,5.0,6.0,19.0,0.0,0.0,4.0,15.0,0.0296296296296296,0.0444444444444444,0.0037037037037037,0.0222222222222222,0.0,0.1,0.0,0.0,0.0,0.0,0.0962962962962963,0.0,0.0037037037037037,0.0111111111111111,0.1333333333333333,0.2407407407407407,0.0,0.0185185185185185,0.0222222222222222,0.0703703703703703,0.0,0.0,0.0148148148148148,0.0555555555555555,1,1,1,1,1,1,1,0,1,0,1,1,1,1,0,1,1,0,0,0,0,1,0,0,0,0,0,0,0,0,0,0,0,0,0,1,0,0,0,0,0,0,0,0,0,0,0,0,0,0,0,0,0,0,0,0,0,1,0,0,0,0,0,0,0,0
264,18,2813,20,29.0,17.0,0.0,0.0,0.0,33.0,0.0,0.0,0.0,1.0,39.0,16.0,2.0,7.0,0.0,48.0,0.0,0.0,26.0,10.0,0.0,8.0,8.0,0.0,0.1228813559322034,0.0720338983050847,0.0,0.0,0.0,0.1398305084745762,0.0,0.0,0.0,0.0042372881355932,0.1652542372881356,0.0677966101694915,0.0084745762711864,0.0296610169491525,0.0,0.2033898305084746,0.0,0.0,0.1101694915254237,0.0423728813559322,0.0,0.0338983050847457,0.0338983050847457,0.0,1,1,1,1,1,1,1,0,0,1,0,1,1,0,1,1,0,0,0,0,0,0,0,1,0,0,0,0,0,0,0,0,0,0,0,0,0,0,0,0,0,0,0,0,1,0,0,0,0,1,0,0,0,0,0,0,0,0,0,0,0,0,0,0,0,0
281,55,3469,18,18.0,8.0,2.0,0.0,9.0,38.0,0.0,0.0,0.0,0.0,22.0,9.0,9.0,5.0,2.0,105.0,0.0,5.0,23.0,1.0,0.0,3.0,12.0,4.0,0.1,0.0444444444444444,0.0111111111111111,0.0,0.05,0.2111111111111111,0.0,0.0,0.0,0.0,0.1222222222222222,0.05,0.05,0.0277777777777777,0.0111111111111111,0.5833333333333334,0.0,0.0277777777777777,0.1277777777777777,0.0055555555555555,0.0,0.0166666666666666,0.0666666666666666,0.0222222222222222,1,1,1,1,1,1,1,0,1,1,0,1,1,1,0,1,1,0,0,0,0,1,1,1,0,0,0,0,0,0,0,0,0,0,0,0,0,0,0,0,0,0,0,0,1,0,0,0,0,0,1,0,0,0,0,0,0,0,0,0,0,0,0,0,0,0
288,38,2865,20,28.0,3.0,1.0,0.0,4.0,56.0,8.0,13.0,0.0,0.0,48.0,0.0,0.0,1.0,0.0,0.0,15.0,1.0,23.0,1.0,33.0,0.0,1.0,7.0,0.0825958702064896,0.0088495575221238,0.0029498525073746,0.0,0.0117994100294985,0.1651917404129793,0.023598820058997,0.0383480825958702,0.0,0.0,0.1415929203539823,0.0,0.0,0.0029498525073746,0.0,0.0,0.0442477876106194,0.0029498525073746,0.0678466076696165,0.0029498525073746,0.0973451327433628,0.0,0.0029498525073746,0.0206489675516224,0,1,1,1,1,1,1,1,1,0,0,1,0,1,0,1,0,0,1,1,1,1,1,0,0,0,0,0,0,0,0,0,0,0,0,0,0,0,0,0,0,0,0,1,0,0,0,0,0,0,0,0,0,0,0,0,0,0,0,0,0,0,0,0,1,0
257,23,2330,17,0.0,5.0,0.0,0.0,0.0,29.0,0.0,0.0,0.0,6.0,25.0,15.0,3.0,3.0,2.0,77.0,0.0,0.0,30.0,0.0,0.0,6.0,1.0,0.0,0.0,0.0234741784037558,0.0,0.0,0.0,0.136150234741784,0.0,0.0,0.0,0.028169014084507,0.1173708920187793,0.0704225352112676,0.0140845070422535,0.0140845070422535,0.0093896713615023,0.3615023474178404,0.0,0.0,0.1408450704225352,0.0,0.0,0.028169014084507,0.0046948356807511,0.0,1,1,1,1,0,1,1,0,0,1,0,0,1,0,1,1,1,0,0,0,0,0,0,1,0,0,0,0,0,0,0,0,0,0,0,0,0,0,1,0,0,0,0,0,0,0,0,0,0,0,0,0,0,0,0,0,0,0,0,0,1,0,0,0,0,0
260,70,3076,21,62.0,4.0,0.0,3.0,0.0,32.0,26.0,0.0,0.0,8.0,26.0,0.0,0.0,6.0,2.0,0.0,7.0,7.0,28.0,6.0,0.0,0.0,1.0,0.0,0.2108843537414966,0.0136054421768707,0.0,0.010204081632653,0.0,0.1088435374149659,0.0884353741496598,0.0,0.0,0.0272108843537414,0.0884353741496598,0.0,0.0,0.0204081632653061,0.0068027210884353,0.0,0.0238095238095238,0.0238095238095238,0.0952380952380952,0.0204081632653061,0.0,0.0,0.0034013605442176,0.0,0,1,1,1,1,1,1,1,1,0,1,1,0,0,1,1,1,0,1,0,0,0,0,0,0,1,0,0,0,0,0,0,0,0,0,0,0,0,0,0,0,0,0,0,0,0,0,0,0,0,0,0,0,0,0,0,0,0,0,0,0,0,1,0,0,0
216,30,2218,16,3.0,4.0,0.0,6.0,0.0,22.0,0.0,0.0,0.0,12.0,25.0,9.0,0.0,5.0,0.0,70.0,0.0,0.0,33.0,2.0,0.0,0.0,4.0,7.0,0.0115830115830115,0.0154440154440154,0.0,0.0231660231660231,0.0,0.0849420849420849,0.0,0.0,0.0,0.0463320463320463,0.0965250965250965,0.0347490347490347,0.0,0.0193050193050193,0.0,0.2702702702702703,0.0,0.0,0.1274131274131274,0.0077220077220077,0.0,0.0,0.0154440154440154,0.027027027027027,1,1,1,1,1,1,1,0,0,0,1,1,0,1,1,1,0,0,0,0,0,0,0,1,0,0,0,0,0,0,0,0,0,0,0,1,0,0,0,0,0,0,0,0,0,0,0,0,0,0,0,0,0,0,0,0,0,0,0,0,0,0,0,0,1,0
319,34,2766,16,0.0,17.0,0.0,0.0,0.0,65.0,0.0,0.0,0.0,0.0,51.0,0.0,4.0,5.0,4.0,69.0,0.0,4.0,22.0,6.0,0.0,40.0,5.0,0.0,0.0,0.0825242718446602,0.0,0.0,0.0,0.3155339805825243,0.0,0.0,0.0,0.0,0.2475728155339805,0.0,0.0194174757281553,0.0242718446601941,0.0194174757281553,0.3349514563106796,0.0,0.0194174757281553,0.1067961165048543,0.029126213592233,0.0,0.1941747572815534,0.0242718446601941,0.0,1,1,1,1,0,1,1,0,1,1,0,1,1,0,0,1,1,0,0,0,0,0,0,0,0,0,1,0,0,0,0,0,0,0,0,0,0,0,0,0,0,0,0,0,0,0,0,0,0,0,0,0,0,0,1,0,0,0,0,0,0,0,0,0,0,0
501,62,5240,27,83.0,42.0,4.0,5.0,15.0,44.0,33.0,20.0,0.0,0.0,28.0,0.0,0.0,5.0,7.0,0.0,8.0,8.0,55.0,10.0,0.0,0.0,5.0,15.0,0.2577639751552795,0.1304347826086956,0.0124223602484472,0.015527950310559,0.046583850931677,0.1366459627329192,0.1024844720496894,0.062111801242236,0.0,0.0,0.0869565217391304,0.0,0.0,0.015527950310559,0.0217391304347826,0.0,0.0248447204968944,0.0248447204968944,0.170807453416149,0.031055900621118,0.0,0.0,0.015527950310559,0.046583850931677,0,1,1,1,1,1,1,1,1,0,1,1,0,1,0,1,1,0,1,1,0,1,1,0,0,0,0,0,0,0,0,0,0,0,0,0,0,0,0,0,0,0,0,0,1,0,0,0,0,0,0,0,0,0,0,0,0,0,0,0,0,0,0,0,1,0
522,107,5960,54,31.0,23.0,8.0,19.0,0.0,76.0,11.0,0.0,0.0,0.0,73.0,0.0,12.0,31.0,15.0,2.0,9.0,18.0,45.0,17.0,0.0,15.0,8.0,13.0,0.06187624750499,0.0459081836327345,0.0159680638722554,0.0379241516966067,0.0,0.1516966067864271,0.0219560878243512,0.0,0.0,0.0,0.1457085828343313,0.0,0.0239520958083832,0.06187624750499,0.029940119760479,0.0039920159680638,0.0179640718562874,0.0359281437125748,0.0898203592814371,0.0339321357285429,0.0,0.029940119760479,0.0159680638722554,0.0259481037924151,1,1,1,1,1,1,1,1,1,1,1,1,1,1,0,1,1,0,1,0,0,1,0,0,0,0,0,0,0,0,0,0,1,0,0,0,0,0,0,0,0,0,0,0,0,0,0,0,0,0,0,0,0,0,1,0,0,0,0,0,0,0,0,0,0,0
290,46,2815,18,72.0,14.0,0.0,7.0,0.0,21.0,12.0,0.0,0.0,0.0,39.0,0.0,3.0,24.0,5.0,0.0,0.0,7.0,33.0,7.0,24.0,4.0,5.0,0.0,0.2637362637362637,0.0512820512820512,0.0,0.0256410256410256,0.0,0.0769230769230769,0.0439560439560439,0.0,0.0,0.0,0.1428571428571428,0.0,0.0109890109890109,0.0879120879120879,0.0183150183150183,0.0,0.0,0.0256410256410256,0.1208791208791208,0.0256410256410256,0.0879120879120879,0.0146520146520146,0.0183150183150183,0.0,0,1,1,1,1,1,1,1,1,1,1,1,1,0,0,1,1,0,0,0,1,0,0,0,0,0,0,0,0,0,0,0,0,0,0,0,0,0,0,0,1,0,0,0,0,0,0,1,0,0,0,0,0,0,0,0,0,0,0,0,0,0,0,0,0,0
299,11,2563,21,0.0,9.0,2.0,0.0,0.0,37.0,0.0,0.0,0.0,12.0,32.0,0.0,8.0,3.0,1.0,108.0,0.0,0.0,30.0,2.0,0.0,3.0,1.0,6.0,0.0,0.0416666666666666,0.0092592592592592,0.0,0.0,0.1712962962962963,0.0,0.0,0.0,0.0555555555555555,0.1481481481481481,0.0,0.037037037037037,0.0138888888888888,0.0046296296296296,0.5,0.0,0.0,0.1388888888888889,0.0092592592592592,0.0,0.0138888888888888,0.0046296296296296,0.0277777777777777,1,1,1,1,0,1,1,0,0,1,0,1,1,1,1,1,1,0,0,0,0,1,0,0,0,0,0,0,0,0,0,0,0,0,0,0,1,0,0,0,0,0,0,0,0,0,0,0,0,0,0,0,0,0,0,1,0,0,0,0,0,0,0,0,0,0
284,47,3206,20,16.0,5.0,3.0,26.0,0.0,14.0,7.0,14.0,0.0,0.0,27.0,0.0,5.0,19.0,1.0,59.0,0.0,8.0,24.0,5.0,0.0,6.0,7.0,4.0,0.0486322188449848,0.0151975683890577,0.0091185410334346,0.0790273556231003,0.0,0.0425531914893617,0.0212765957446808,0.0425531914893617,0.0,0.0,0.0820668693009118,0.0,0.0151975683890577,0.0577507598784194,0.0030395136778115,0.1793313069908814,0.0,0.0243161094224924,0.0729483282674772,0.0151975683890577,0.0,0.0182370820668693,0.0212765957446808,0.0121580547112462,1,1,1,1,1,1,1,1,1,1,1,1,1,1,0,1,1,0,0,1,0,1,0,0,0,0,0,0,0,0,0,0,0,0,0,1,0,0,0,0,0,0,0,0,0,0,0,0,0,0,0,0,0,0,0,0,0,0,0,0,0,0,0,0,1,0
300,50,2735,20,0.0,4.0,0.0,0.0,0.0,31.0,0.0,0.0,0.0,0.0,35.0,0.0,9.0,15.0,3.0,86.0,0.0,14.0,32.0,11.0,0.0,0.0,2.0,0.0,0.0,0.0123839009287925,0.0,0.0,0.0,0.0959752321981424,0.0,0.0,0.0,0.0,0.1083591331269349,0.0,0.0278637770897832,0.0464396284829721,0.0092879256965944,0.2662538699690402,0.0,0.0433436532507739,0.0990712074303405,0.0340557275541795,0.0,0.0,0.0061919504643962,0.0,1,1,1,1,0,1,1,0,1,0,0,1,1,0,0,1,1,0,0,0,0,0,0,0,0,0,0,1,0,0,0,0,0,0,0,0,0,0,0,0,0,0,0,0,0,0,0,0,0,0,0,0,0,0,0,0,0,0,0,0,1,0,0,0,0,0
282,51,2805,15,10.0,12.0,0.0,0.0,0.0,16.0,0.0,0.0,0.0,73.0,38.0,0.0,0.0,0.0,0.0,89.0,0.0,0.0,28.0,1.0,0.0,0.0,1.0,0.0,0.048076923076923,0.0576923076923076,0.0,0.0,0.0,0.0769230769230769,0.0,0.0,0.0,0.3509615384615384,0.1826923076923076,0.0,0.0,0.0,0.0,0.4278846153846153,0.0,0.0,0.1346153846153846,0.0048076923076923,0.0,0.0,0.0048076923076923,0.0,1,1,1,1,1,1,0,0,0,0,0,1,0,0,1,1,0,0,0,0,0,0,0,0,0,0,0,0,0,0,0,1,0,0,0,0,0,0,0,0,0,0,0,0,0,0,0,0,0,0,0,0,0,0,0,0,0,1,0,0,0,0,0,0,0,0
264,43,3049,24,10.0,2.0,1.0,0.0,34.0,9.0,6.0,18.0,0.0,0.0,26.0,0.0,0.0,1.0,2.0,82.0,0.0,5.0,25.0,1.0,0.0,0.0,1.0,2.0,0.0313479623824451,0.006269592476489,0.0031347962382445,0.0,0.1065830721003134,0.0282131661442006,0.018808777429467,0.0564263322884012,0.0,0.0,0.0815047021943573,0.0,0.0,0.0031347962382445,0.006269592476489,0.2570532915360501,0.0,0.0156739811912225,0.0783699059561128,0.0031347962382445,0.0,0.0,0.0031347962382445,0.006269592476489,1,1,1,1,1,1,1,1,1,0,0,1,0,1,0,1,1,0,0,1,0,1,1,0,0,0,0,0,0,0,0,0,0,0,1,0,0,0,0,0,0,0,0,0,0,0,0,0,0,0,0,0,0,1,0,0,0,0,0,0,0,0,0,0,0,0
545,46,5427,28,45.0,49.0,0.0,9.0,0.0,83.0,0.0,0.0,0.0,6.0,67.0,0.0,8.0,14.0,12.0,147.0,0.0,8.0,24.0,9.0,0.0,7.0,7.0,0.0,0.1764705882352941,0.192156862745098,0.0,0.0352941176470588,0.0,0.3254901960784314,0.0,0.0,0.0,0.0235294117647058,0.2627450980392157,0.0,0.0313725490196078,0.0549019607843137,0.0470588235294117,0.5764705882352941,0.0,0.0313725490196078,0.0941176470588235,0.0352941176470588,0.0,0.0274509803921568,0.0274509803921568,0.0,1,1,1,1,1,1,1,0,1,1,1,1,1,0,1,1,1,0,0,0,0,0,0,0,0,0,0,0,0,0,0,0,0,0,1,0,0,0,0,0,0,0,0,0,0,0,0,0,0,0,0,0,0,0,0,1,0,0,0,0,0,0,0,0,0,1
308,40,2819,25,4.0,4.0,2.0,0.0,0.0,42.0,0.0,0.0,0.0,0.0,37.0,0.0,3.0,3.0,1.0,87.0,0.0,7.0,13.0,3.0,0.0,60.0,4.0,8.0,0.0171673819742489,0.0171673819742489,0.0085836909871244,0.0,0.0,0.1802575107296137,0.0,0.0,0.0,0.0,0.1587982832618025,0.0,0.0128755364806866,0.0128755364806866,0.0042918454935622,0.3733905579399141,0.0,0.0300429184549356,0.055793991416309,0.0128755364806866,0.0,0.2575107296137339,0.0171673819742489,0.0343347639484978,1,1,1,1,1,1,1,0,1,1,0,1,1,1,0,1,1,0,0,0,0,1,0,0,0,0,0,0,0,0,0,0,0,0,0,0,0,0,1,0,0,0,0,0,0,0,0,0,0,0,0,0,0,0,0,1,0,0,0,0,0,0,0,0,0,0
260,42,2537,20,5.0,7.0,0.0,4.0,0.0,40.0,0.0,0.0,0.0,32.0,21.0,9.0,2.0,12.0,0.0,69.0,0.0,0.0,22.0,8.0,0.0,7.0,1.0,3.0,0.0174825174825174,0.0244755244755244,0.0,0.0139860139860139,0.0,0.1398601398601398,0.0,0.0,0.0,0.1118881118881118,0.0734265734265734,0.0314685314685314,0.0069930069930069,0.0419580419580419,0.0,0.2412587412587412,0.0,0.0,0.0769230769230769,0.0279720279720279,0.0,0.0244755244755244,0.0034965034965034,0.0104895104895104,1,1,1,1,1,1,1,0,0,1,1,1,1,1,1,1,0,0,0,0,0,0,0,1,0,0,0,0,0,0,0,0,0,0,0,0,0,1,0,0,0,0,0,0,0,0,0,0,0,0,0,0,0,0,0,0,0,0,0,0,0,0,0,1,0,0
188,55,2256,20,13.0,4.0,4.0,6.0,0.0,10.0,0.0,0.0,0.0,0.0,19.0,0.0,1.0,7.0,1.0,45.0,0.0,5.0,33.0,2.0,0.0,0.0,0.0,0.0,0.0460992907801418,0.0141843971631205,0.0141843971631205,0.0212765957446808,0.0,0.0354609929078014,0.0,0.0,0.0,0.0,0.0673758865248227,0.0,0.0035460992907801,0.0248226950354609,0.0035460992907801,0.1595744680851064,0.0,0.0177304964539007,0.1170212765957446,0.0070921985815602,0.0,0.0,0.0,0.0,1,1,1,1,1,1,1,0,1,0,1,1,1,0,0,0,1,0,0,0,0,1,0,0,0,0,0,0,0,0,0,0,0,0,0,0,1,0,0,0,0,0,0,0,0,0,0,0,0,0,0,0,0,0,0,0,0,0,0,0,0,0,0,1,0,0
287,66,2780,15,0.0,11.0,2.0,17.0,0.0,59.0,24.0,0.0,0.0,0.0,58.0,0.0,0.0,13.0,5.0,0.0,11.0,7.0,32.0,10.0,0.0,0.0,5.0,11.0,0.0,0.0210727969348659,0.003831417624521,0.0325670498084291,0.0,0.1130268199233716,0.0459770114942528,0.0,0.0,0.0,0.1111111111111111,0.0,0.0,0.0249042145593869,0.0095785440613026,0.0,0.0210727969348659,0.0134099616858237,0.0613026819923371,0.0191570881226053,0.0,0.0,0.0095785440613026,0.0210727969348659,0,1,1,1,0,1,1,1,1,0,1,1,0,1,0,1,1,0,1,0,0,1,0,0,0,0,0,0,0,0,0,0,0,0,0,0,0,0,0,0,0,1,0,0,0,0,0,1,0,0,0,0,0,0,0,0,0,0,0,0,0,0,0,0,0,0
262,98,2882,25,4.0,1.0,1.0,3.0,0.0,13.0,12.0,2.0,0.0,0.0,23.0,0.0,0.0,6.0,6.0,83.0,0.0,6.0,15.0,2.0,0.0,6.0,3.0,2.0,0.0140845070422535,0.0035211267605633,0.0035211267605633,0.0105633802816901,0.0,0.0457746478873239,0.0422535211267605,0.0070422535211267,0.0,0.0,0.0809859154929577,0.0,0.0,0.0211267605633802,0.0211267605633802,0.2922535211267605,0.0,0.0211267605633802,0.0528169014084507,0.0070422535211267,0.0,0.0211267605633802,0.0105633802816901,0.0070422535211267,1,1,1,1,1,1,1,1,1,1,1,1,0,1,0,1,1,0,0,1,0,1,0,0,0,0,0,0,0,0,0,0,0,0,0,0,0,0,1,0,0,0,0,0,0,0,0,0,0,0,0,0,0,0,0,0,0,0,0,0,0,0,0,0,1,0
288,21,2790,18,3.0,2.0,0.0,0.0,36.0,25.0,1.0,0.0,0.0,0.0,30.0,0.0,2.0,1.0,0.0,76.0,0.0,0.0,33.0,1.0,0.0,24.0,1.0,0.0,0.01,0.0066666666666666,0.0,0.0,0.12,0.0833333333333333,0.0033333333333333,0.0,0.0,0.0,0.1,0.0,0.0066666666666666,0.0033333333333333,0.0,0.2533333333333333,0.0,0.0,0.11,0.0033333333333333,0.0,0.08,0.0033333333333333,0.0,1,1,1,1,1,1,1,1,0,1,0,1,1,0,0,1,0,0,0,0,0,0,1,0,0,0,0,0,0,1,0,0,0,0,0,0,0,0,0,0,0,0,0,0,0,0,0,0,0,0,0,0,0,0,0,0,0,0,0,0,0,1,0,0,0,0
238,30,3051,25,45.0,1.0,0.0,11.0,0.0,26.0,13.0,10.0,0.0,0.0,16.0,0.0,4.0,15.0,1.0,0.0,0.0,18.0,18.0,6.0,22.0,11.0,4.0,0.0,0.15625,0.0034722222222222,0.0,0.0381944444444444,0.0,0.0902777777777777,0.0451388888888888,0.0347222222222222,0.0,0.0,0.0555555555555555,0.0,0.0138888888888888,0.0520833333333333,0.0034722222222222,0.0,0.0,0.0625,0.0625,0.0208333333333333,0.0763888888888889,0.0381944444444444,0.0138888888888888,0.0,0,1,1,1,1,1,1,1,1,1,1,1,1,0,0,1,1,0,0,1,1,0,0,0,0,0,0,0,0,0,0,0,0,0,0,0,0,0,0,0,0,1,0,0,0,0,0,0,0,0,0,1,0,0,0,0,0,0,0,0,0,0,0,0,0,0
516,96,4960,22,7.0,14.0,7.0,2.0,0.0,37.0,0.0,0.0,68.0,24.0,59.0,0.0,4.0,23.0,4.0,159.0,0.0,1.0,42.0,16.0,0.0,5.0,1.0,37.0,0.0318181818181818,0.0636363636363636,0.0318181818181818,0.009090909090909,0.0,0.1681818181818181,0.0,0.0,0.3090909090909091,0.109090909090909,0.2681818181818182,0.0,0.0181818181818181,0.1045454545454545,0.0181818181818181,0.7227272727272728,0.0,0.0045454545454545,0.1909090909090909,0.0727272727272727,0.0,0.0227272727272727,0.0045454545454545,0.1681818181818181,1,1,1,1,1,1,1,0,1,1,1,1,1,1,1,1,1,1,0,0,0,1,0,0,0,0,0,0,0,0,0,0,0,0,0,0,0,0,0,0,0,0,0,0,1,0,0,0,0,0,0,0,0,0,0,0,0,1,0,0,0,0,0,0,0,1
319,41,2983,23,21.0,7.0,13.0,21.0,0.0,34.0,21.0,2.0,19.0,0.0,8.0,0.0,10.0,19.0,1.0,75.0,0.0,3.0,31.0,9.0,0.0,6.0,0.0,0.0,0.0654205607476635,0.0218068535825545,0.0404984423676012,0.0654205607476635,0.0,0.1059190031152648,0.0654205607476635,0.0062305295950155,0.0591900311526479,0.0,0.0249221183800623,0.0,0.0311526479750778,0.0591900311526479,0.0031152647975077,0.2336448598130841,0.0,0.0093457943925233,0.0965732087227414,0.02803738317757,0.0,0.0186915887850467,0.0,0.0,1,1,1,1,1,1,1,1,1,1,1,1,1,0,0,0,1,1,0,1,0,1,0,0,0,0,0,0,1,0,0,0,0,0,0,0,0,0,0,0,0,0,0,0,0,0,0,0,1,0,0,0,0,0,0,0,0,0,0,0,0,0,0,0,0,0
298,41,2876,20,6.0,2.0,2.0,0.0,11.0,38.0,0.0,0.0,0.0,0.0,31.0,0.0,10.0,2.0,2.0,90.0,0.0,3.0,26.0,3.0,0.0,18.0,0.0,29.0,0.0219780219780219,0.0073260073260073,0.0073260073260073,0.0,0.0402930402930402,0.1391941391941392,0.0,0.0,0.0,0.0,0.1135531135531135,0.0,0.0366300366300366,0.0073260073260073,0.0073260073260073,0.3296703296703296,0.0,0.0109890109890109,0.0952380952380952,0.0109890109890109,0.0,0.0659340659340659,0.0,0.1062271062271062,1,1,1,1,1,1,1,0,1,1,0,1,1,1,0,0,1,0,0,0,0,1,1,0,0,0,0,0,0,0,0,0,0,0,0,0,0,0,1,0,0,0,0,0,0,0,0,0,0,0,0,0,0,0,0,0,0,0,0,0,0,0,0,0,1,0
218,61,2451,25,5.0,8.0,3.0,1.0,0.0,51.0,4.0,0.0,0.0,0.0,6.0,0.0,0.0,12.0,3.0,0.0,2.0,11.0,21.0,8.0,0.0,0.0,2.0,0.0,0.0174216027874564,0.0278745644599303,0.0104529616724738,0.0034843205574912,0.0,0.1777003484320557,0.0139372822299651,0.0,0.0,0.0,0.0209059233449477,0.0,0.0,0.0418118466898954,0.0104529616724738,0.0,0.0069686411149825,0.0383275261324041,0.073170731707317,0.0278745644599303,0.0,0.0,0.0069686411149825,0.0,0,1,1,1,1,1,1,1,1,0,1,1,0,0,0,1,1,0,1,0,0,1,0,0,0,0,0,0,0,0,0,0,0,0,0,0,0,0,0,0,1,0,0,0,0,0,0,0,0,0,0,0,0,0,0,0,0,0,1,0,0,0,0,0,0,0
283,67,3074,19,54.0,12.0,1.0,4.0,0.0,34.0,40.0,0.0,0.0,0.0,9.0,0.0,0.0,25.0,3.0,0.0,16.0,27.0,11.0,0.0,0.0,0.0,0.0,9.0,0.2307692307692307,0.0512820512820512,0.0042735042735042,0.017094017094017,0.0,0.1452991452991453,0.1709401709401709,0.0,0.0,0.0,0.0384615384615384,0.0,0.0,0.1068376068376068,0.0128205128205128,0.0,0.0683760683760683,0.1153846153846153,0.047008547008547,0.0,0.0,0.0,0.0,0.0384615384615384,0,1,1,1,1,1,1,1,1,0,1,0,0,1,0,0,1,0,1,0,0,1,0,0,0,0,0,0,0,0,0,0,0,0,0,0,0,0,0,0,0,0,0,0,1,0,0,0,0,0,0,0,0,1,0,0,0,0,0,0,0,0,0,0,0,0
257,55,2834,17,0.0,12.0,3.0,0.0,0.0,33.0,0.0,0.0,0.0,0.0,28.0,0.0,2.0,3.0,0.0,88.0,0.0,9.0,24.0,12.0,0.0,4.0,4.0,22.0,0.0,0.0459770114942528,0.0114942528735632,0.0,0.0,0.1264367816091954,0.0,0.0,0.0,0.0,0.10727969348659,0.0,0.0076628352490421,0.0114942528735632,0.0,0.3371647509578544,0.0,0.0344827586206896,0.0919540229885057,0.0459770114942528,0.0,0.0153256704980842,0.0153256704980842,0.0842911877394636,1,1,1,1,0,1,1,0,1,1,0,1,1,1,0,1,0,0,0,0,0,1,0,0,0,0,0,0,0,0,0,0,1,0,0,0,0,0,0,0,0,0,0,0,0,0,0,0,0,1,0,0,0,0,0,0,0,0,0,0,0,0,0,0,0,0
233,64,2718,15,7.0,7.0,12.0,0.0,0.0,25.0,0.0,0.0,0.0,0.0,68.0,0.0,1.0,2.0,5.0,65.0,0.0,7.0,11.0,4.0,0.0,0.0,2.0,16.0,0.0128440366972477,0.0128440366972477,0.0220183486238532,0.0,0.0,0.0458715596330275,0.0,0.0,0.0,0.0,0.1247706422018348,0.0,0.0018348623853211,0.0036697247706422,0.0091743119266055,0.1192660550458715,0.0,0.0128440366972477,0.0201834862385321,0.0073394495412844,0.0,0.0,0.0036697247706422,0.0293577981651376,1,1,1,1,1,1,1,0,1,0,0,1,1,1,0,1,1,0,0,0,0,1,0,0,0,0,0,0,0,0,0,0,0,0,0,0,0,0,0,0,0,0,0,0,1,0,0,0,0,0,0,0,0,0,0,0,0,1,0,0,0,0,0,0,0,0
507,91,5280,24,29.0,26.0,5.0,10.0,0.0,49.0,0.0,0.0,55.0,5.0,63.0,0.0,12.0,14.0,4.0,115.0,0.0,18.0,36.0,16.0,0.0,20.0,8.0,1.0,0.0571992110453648,0.0512820512820512,0.009861932938856,0.019723865877712,0.0,0.0966469428007889,0.0,0.0,0.1084812623274161,0.009861932938856,0.1242603550295858,0.0,0.0236686390532544,0.0276134122287968,0.0078895463510848,0.2268244575936883,0.0,0.0355029585798816,0.0710059171597633,0.0315581854043392,0.0,0.039447731755424,0.0157790927021696,0.0019723865877712,1,1,1,1,1,1,1,0,1,1,1,1,1,1,1,1,1,1,0,0,0,1,0,0,0,0,0,0,0,0,0,0,0,0,0,0,1,0,0,0,0,0,0,0,0,0,0,0,0,0,0,0,0,0,0,0,0,1,0,0,0,0,0,0,0,1
361,43,2950,17,0.0,5.0,1.0,0.0,0.0,60.0,0.0,0.0,0.0,0.0,55.0,0.0,1.0,2.0,1.0,124.0,0.0,3.0,57.0,3.0,0.0,13.0,4.0,7.0,0.0,0.0156739811912225,0.0031347962382445,0.0,0.0,0.1880877742946708,0.0,0.0,0.0,0.0,0.1724137931034483,0.0,0.0031347962382445,0.006269592476489,0.0031347962382445,0.3887147335423197,0.0,0.0094043887147335,0.1786833855799373,0.0094043887147335,0.0,0.0407523510971786,0.012539184952978,0.0219435736677116,1,1,1,1,0,1,1,0,1,1,0,1,1,1,0,1,1,0,0,0,0,1,0,0,0,0,0,0,0,0,0,0,0,0,0,0,0,0,1,0,0,0,0,0,0,0,0,0,0,0,0,0,0,0,0,0,0,0,0,0,0,0,0,0,1,0
286,72,3348,16,10.0,11.0,6.0,0.0,0.0,42.0,0.0,0.0,0.0,11.0,31.0,15.0,4.0,11.0,5.0,80.0,0.0,0.0,35.0,12.0,0.0,5.0,0.0,7.0,0.0389105058365758,0.0428015564202334,0.0233463035019455,0.0,0.0,0.1634241245136186,0.0,0.0,0.0,0.0428015564202334,0.1206225680933852,0.0583657587548638,0.0155642023346303,0.0428015564202334,0.0194552529182879,0.311284046692607,0.0,0.0,0.1361867704280155,0.046692607003891,0.0,0.0194552529182879,0.0,0.0272373540856031,1,1,1,1,1,1,1,0,0,1,0,1,1,1,1,0,1,0,0,0,0,1,0,1,0,0,0,0,0,0,0,1,0,0,0,0,0,0,0,0,0,0,0,0,0,0,0,0,0,0,0,0,0,0,0,0,0,0,0,0,0,0,0,1,0,0
203,20,2808,12,0.0,4.0,0.0,0.0,0.0,17.0,0.0,0.0,0.0,0.0,25.0,0.0,2.0,8.0,0.0,75.0,0.0,13.0,12.0,0.0,0.0,4.0,5.0,2.0,0.0,0.0197044334975369,0.0,0.0,0.0,0.083743842364532,0.0,0.0,0.0,0.0,0.1231527093596059,0.0,0.0098522167487684,0.0394088669950738,0.0,0.3694581280788177,0.0,0.064039408866995,0.0591133004926108,0.0,0.0,0.0197044334975369,0.0246305418719211,0.0098522167487684,1,1,1,1,0,1,1,0,1,1,0,0,1,1,0,1,0,0,0,0,0,0,0,0,0,0,1,0,0,0,0,0,0,0,0,0,0,0,0,0,0,0,0,0,0,0,0,0,0,0,0,0,0,0,1,0,0,0,0,0,0,0,0,0,0,0
257,45,2760,18,34.0,12.0,8.0,0.0,0.0,31.0,0.0,0.0,0.0,0.0,46.0,4.0,10.0,8.0,0.0,53.0,0.0,6.0,14.0,1.0,0.0,2.0,1.0,0.0,0.1642512077294686,0.0579710144927536,0.038647342995169,0.0,0.0,0.1497584541062802,0.0,0.0,0.0,0.0,0.2222222222222222,0.0193236714975845,0.0483091787439613,0.038647342995169,0.0,0.2560386473429952,0.0,0.0289855072463768,0.0676328502415458,0.0048309178743961,0.0,0.0096618357487922,0.0048309178743961,0.0,1,1,1,1,1,1,1,0,1,1,0,1,1,0,0,1,0,0,0,0,0,1,0,1,0,0,0,0,0,0,0,0,0,0,0,0,0,0,0,0,0,0,0,0,1,0,0,0,0,0,0,0,0,0,0,0,0,0,0,0,1,0,0,0,0,0
240,32,2860,21,16.0,3.0,4.0,5.0,0.0,21.0,7.0,11.0,0.0,0.0,22.0,0.0,5.0,5.0,3.0,58.0,0.0,8.0,25.0,7.0,0.0,3.0,5.0,3.0,0.0666666666666666,0.0125,0.0166666666666666,0.0208333333333333,0.0,0.0875,0.0291666666666666,0.0458333333333333,0.0,0.0,0.0916666666666666,0.0,0.0208333333333333,0.0208333333333333,0.0125,0.2416666666666666,0.0,0.0333333333333333,0.1041666666666666,0.0291666666666666,0.0,0.0125,0.0208333333333333,0.0125,1,1,1,1,1,1,1,1,1,1,1,1,1,1,0,1,1,0,0,1,0,1,0,0,0,0,0,0,0,0,1,0,0,0,0,0,0,0,0,0,0,0,0,0,0,0,0,0,0,0,0,1,0,0,0,0,0,0,0,0,0,0,0,0,0,0
323,44,2720,16,18.0,23.0,1.0,0.0,6.0,29.0,0.0,0.0,0.0,0.0,31.0,0.0,1.0,3.0,1.0,100.0,0.0,31.0,58.0,2.0,0.0,0.0,4.0,2.0,0.0818181818181818,0.1045454545454545,0.0045454545454545,0.0,0.0272727272727272,0.1318181818181818,0.0,0.0,0.0,0.0,0.1409090909090909,0.0,0.0045454545454545,0.0136363636363636,0.0045454545454545,0.4545454545454545,0.0,0.1409090909090909,0.2636363636363636,0.009090909090909,0.0,0.0,0.0181818181818181,0.009090909090909,1,1,1,1,1,1,1,0,1,0,0,1,1,1,0,1,1,0,0,0,0,1,1,0,0,0,0,0,0,0,0,1,0,0,0,0,0,0,0,0,0,0,0,0,0,0,0,0,0,0,0,0,0,0,0,0,0,1,0,0,0,0,0,0,0,0
255,26,2816,15,23.0,3.0,1.0,13.0,0.0,32.0,0.0,0.0,0.0,0.0,23.0,0.0,1.0,8.0,0.0,87.0,0.0,2.0,16.0,7.0,0.0,6.0,23.0,10.0,0.0942622950819672,0.0122950819672131,0.0040983606557377,0.0532786885245901,0.0,0.1311475409836065,0.0,0.0,0.0,0.0,0.0942622950819672,0.0,0.0040983606557377,0.0327868852459016,0.0,0.3565573770491803,0.0,0.0081967213114754,0.0655737704918032,0.0286885245901639,0.0,0.0245901639344262,0.0942622950819672,0.040983606557377,1,1,1,1,1,1,1,0,1,1,1,1,1,1,0,1,0,0,0,0,0,1,0,0,0,0,0,0,0,0,0,0,0,0,0,0,0,0,0,0,0,0,0,0,1,0,0,0,0,0,0,0,0,0,0,0,0,0,0,0,1,0,0,0,0,0
244,56,2542,21,12.0,4.0,0.0,8.0,0.0,10.0,10.0,4.0,0.0,0.0,10.0,0.0,5.0,4.0,1.0,68.0,0.0,5.0,8.0,2.0,0.0,2.0,3.0,0.0,0.0376175548589341,0.012539184952978,0.0,0.0250783699059561,0.0,0.0313479623824451,0.0313479623824451,0.012539184952978,0.0,0.0,0.0313479623824451,0.0,0.0156739811912225,0.012539184952978,0.0031347962382445,0.2131661442006269,0.0,0.0156739811912225,0.0250783699059561,0.006269592476489,0.0,0.006269592476489,0.0094043887147335,0.0,1,1,1,1,1,1,1,1,1,1,1,1,1,0,0,1,1,0,0,1,0,0,0,0,0,0,0,0,0,0,1,0,0,0,0,0,0,0,0,0,0,0,0,0,0,0,0,0,0,0,0,0,0,0,0,0,0,0,1,0,0,0,0,0,0,0
487,68,5243,22,7.0,48.0,9.0,5.0,0.0,54.0,0.0,0.0,0.0,7.0,50.0,0.0,6.0,18.0,19.0,130.0,0.0,9.0,81.0,4.0,0.0,8.0,9.0,9.0,0.0143737166324435,0.0985626283367556,0.0184804928131416,0.0102669404517453,0.0,0.1108829568788501,0.0,0.0,0.0,0.0143737166324435,0.1026694045174538,0.0,0.0123203285420944,0.0369609856262833,0.0390143737166324,0.2669404517453799,0.0,0.0184804928131416,0.1663244353182751,0.0082135523613963,0.0,0.0164271047227926,0.0184804928131416,0.0184804928131416,1,1,1,1,1,1,1,0,1,1,1,1,1,1,1,1,1,0,0,0,0,1,0,0,0,0,0,0,0,0,0,0,1,0,0,0,0,0,0,0,0,0,0,0,0,0,0,0,0,1,0,0,0,0,0,0,0,0,0,0,0,0,0,0,0,1
223,11,2534,16,0.0,1.0,0.0,3.0,0.0,22.0,0.0,0.0,0.0,0.0,29.0,0.0,4.0,0.0,3.0,75.0,0.0,1.0,17.0,4.0,0.0,2.0,8.0,0.0,0.0,0.0035587188612099,0.0,0.0106761565836298,0.0,0.0782918149466192,0.0,0.0,0.0,0.0,0.1032028469750889,0.0,0.0142348754448398,0.0,0.0106761565836298,0.2669039145907473,0.0,0.0035587188612099,0.0604982206405693,0.0142348754448398,0.0,0.0071174377224199,0.0284697508896797,0.0,1,1,1,1,0,1,0,0,1,1,1,1,1,0,0,1,1,0,0,0,0,0,0,0,0,0,0,0,0,0,0,0,1,0,0,0,0,0,0,0,0,0,0,0,0,0,0,0,0,0,0,0,0,0,1,0,0,0,0,0,0,0,0,0,0,0
319,31,3222,17,12.0,5.0,9.0,1.0,0.0,49.0,10.0,0.0,0.0,0.0,29.0,0.0,2.0,1.0,8.0,95.0,0.0,5.0,30.0,13.0,0.0,25.0,12.0,13.0,0.0385852090032154,0.0160771704180064,0.0289389067524115,0.0032154340836012,0.0,0.157556270096463,0.0321543408360128,0.0,0.0,0.0,0.0932475884244373,0.0,0.0064308681672025,0.0032154340836012,0.0257234726688102,0.3054662379421222,0.0,0.0160771704180064,0.0964630225080385,0.0418006430868167,0.0,0.0803858520900321,0.0385852090032154,0.0418006430868167,1,1,1,1,1,1,1,1,1,1,1,1,1,1,0,1,1,0,0,0,0,1,0,0,0,0,0,0,0,0,0,0,0,0,0,0,0,0,0,0,0,0,0,0,1,0,1,0,0,0,0,0,0,0,0,0,0,0,0,0,0,0,0,0,0,0
278,49,2979,16,57.0,2.0,2.0,24.0,0.0,48.0,7.0,2.0,0.0,0.0,26.0,0.0,1.0,2.0,0.0,0.0,0.0,11.0,0.0,3.0,38.0,3.0,0.0,3.0,0.1932203389830508,0.0067796610169491,0.0067796610169491,0.0813559322033898,0.0,0.1627118644067796,0.023728813559322,0.0067796610169491,0.0,0.0,0.0881355932203389,0.0,0.0033898305084745,0.0067796610169491,0.0,0.0,0.0,0.0372881355932203,0.0,0.0101694915254237,0.1288135593220339,0.0101694915254237,0.0,0.0101694915254237,0,1,1,0,1,1,1,1,1,1,1,1,1,1,0,0,0,0,0,1,1,1,0,0,0,0,0,0,0,0,0,0,0,0,0,0,0,0,0,0,0,0,0,0,1,0,0,0,0,0,0,0,0,0,0,0,0,0,0,0,0,0,0,0,1,0
288,48,3243,21,63.0,3.0,1.0,49.0,0.0,31.0,8.0,0.0,0.0,0.0,43.0,0.0,6.0,14.0,4.0,0.0,0.0,18.0,23.0,6.0,0.0,5.0,0.0,1.0,0.2386363636363636,0.0113636363636363,0.0037878787878787,0.1856060606060606,0.0,0.1174242424242424,0.0303030303030303,0.0,0.0,0.0,0.1628787878787878,0.0,0.0227272727272727,0.053030303030303,0.0151515151515151,0.0,0.0,0.0681818181818181,0.0871212121212121,0.0227272727272727,0.0,0.0189393939393939,0.0,0.0037878787878787,0,1,1,1,1,1,1,1,1,1,1,1,1,1,0,0,1,0,0,0,0,1,0,0,0,0,0,0,0,1,0,0,0,0,0,0,0,0,0,0,0,0,0,0,0,0,0,0,0,0,0,0,0,1,0,0,0,0,0,0,0,0,0,0,0,0
257,54,2795,21,26.0,11.0,2.0,5.0,0.0,73.0,13.0,20.0,0.0,0.0,28.0,0.0,6.0,20.0,1.0,0.0,0.0,4.0,11.0,5.0,0.0,2.0,2.0,6.0,0.134020618556701,0.056701030927835,0.0103092783505154,0.0257731958762886,0.0,0.3762886597938144,0.0670103092783505,0.1030927835051546,0.0,0.0,0.1443298969072164,0.0,0.0309278350515463,0.1030927835051546,0.0051546391752577,0.0,0.0,0.0206185567010309,0.056701030927835,0.0257731958762886,0.0,0.0103092783505154,0.0103092783505154,0.0309278350515463,0,1,1,1,1,1,1,1,1,1,1,1,1,1,0,1,1,0,0,1,0,1,0,0,0,0,0,0,0,0,0,0,0,0,0,1,0,0,0,0,0,0,0,0,0,0,0,0,0,0,0,0,0,0,0,0,0,0,0,0,0,0,1,0,0,0
353,41,3297,19,57.0,0.0,1.0,0.0,0.0,50.0,7.0,0.0,0.0,0.0,14.0,0.0,0.0,17.0,3.0,122.0,0.0,18.0,5.0,1.0,0.0,4.0,0.0,3.0,0.173780487804878,0.0,0.0030487804878048,0.0,0.0,0.1524390243902439,0.0213414634146341,0.0,0.0,0.0,0.0426829268292682,0.0,0.0,0.0518292682926829,0.0091463414634146,0.3719512195121951,0.0,0.0548780487804878,0.0152439024390243,0.0030487804878048,0.0,0.0121951219512195,0.0,0.0091463414634146,1,1,1,1,1,0,1,1,1,1,0,1,0,1,0,0,1,0,0,0,0,1,0,0,0,0,0,1,0,0,0,0,0,0,0,0,0,0,0,0,0,0,0,0,0,0,0,0,1,0,0,0,0,0,0,0,0,0,0,0,0,0,0,0,0,0
264,106,2957,23,20.0,3.0,2.0,26.0,0.0,45.0,15.0,1.0,0.0,0.0,45.0,0.0,3.0,19.0,1.0,0.0,12.0,4.0,10.0,6.0,0.0,2.0,2.0,16.0,0.064516129032258,0.0096774193548387,0.0064516129032258,0.0838709677419354,0.0,0.1451612903225806,0.0483870967741935,0.0032258064516129,0.0,0.0,0.1451612903225806,0.0,0.0096774193548387,0.0612903225806451,0.0032258064516129,0.0,0.0387096774193548,0.0129032258064516,0.032258064516129,0.0193548387096774,0.0,0.0064516129032258,0.0064516129032258,0.0516129032258064,0,1,1,1,1,1,1,1,1,1,1,1,1,1,0,1,1,0,1,1,0,1,0,0,0,0,0,0,0,0,0,0,0,0,0,0,0,0,0,0,0,1,0,0,0,0,0,0,0,0,0,0,0,0,0,0,1,0,0,0,0,0,0,0,0,0
268,19,2976,20,13.0,4.0,1.0,4.0,0.0,48.0,4.0,17.0,0.0,0.0,34.0,0.0,6.0,0.0,0.0,31.0,0.0,7.0,39.0,3.0,0.0,3.0,3.0,35.0,0.0217391304347826,0.0066889632107023,0.0016722408026755,0.0066889632107023,0.0,0.0802675585284281,0.0066889632107023,0.0284280936454849,0.0,0.0,0.0568561872909698,0.0,0.0100334448160535,0.0,0.0,0.0518394648829431,0.0,0.011705685618729,0.0652173913043478,0.0050167224080267,0.0,0.0050167224080267,0.0050167224080267,0.0585284280936454,1,1,1,1,1,1,0,1,1,1,1,1,1,1,0,1,0,0,0,1,0,1,0,0,0,0,1,0,0,0,0,0,0,0,0,0,0,0,0,0,0,0,0,0,0,0,0,0,0,0,0,1,0,0,0,0,0,0,0,0,0,0,0,0,0,0
382,33,4333,20,68.0,30.0,2.0,11.0,0.0,54.0,9.0,0.0,0.0,0.0,63.0,0.0,0.0,13.0,1.0,0.0,5.0,19.0,30.0,4.0,0.0,0.0,4.0,7.0,0.2615384615384615,0.1153846153846153,0.0076923076923076,0.0423076923076923,0.0,0.2076923076923077,0.0346153846153846,0.0,0.0,0.0,0.2423076923076923,0.0,0.0,0.05,0.0038461538461538,0.0,0.0192307692307692,0.073076923076923,0.1153846153846153,0.0153846153846153,0.0,0.0,0.0153846153846153,0.0269230769230769,0,1,1,1,1,1,1,1,1,0,1,1,0,1,0,1,1,0,1,0,0,1,0,0,0,0,0,0,0,0,0,0,0,0,0,0,0,0,0,0,0,0,0,0,1,0,0,0,0,0,0,1,0,0,0,0,0,0,0,0,0,0,0,0,0,0
325,82,2711,26,69.0,10.0,1.0,0.0,0.0,16.0,0.0,0.0,0.0,0.0,22.0,0.0,15.0,2.0,5.0,77.0,0.0,38.0,14.0,2.0,0.0,13.0,3.0,0.0,0.2518248175182482,0.0364963503649635,0.0036496350364963,0.0,0.0,0.0583941605839416,0.0,0.0,0.0,0.0,0.0802919708029197,0.0,0.0547445255474452,0.0072992700729927,0.0182481751824817,0.2810218978102189,0.0,0.1386861313868613,0.0510948905109489,0.0072992700729927,0.0,0.0474452554744525,0.010948905109489,0.0,1,1,1,1,1,1,1,0,1,1,0,1,1,0,0,1,1,0,0,0,0,1,0,0,0,0,0,1,0,0,0,0,0,0,0,0,0,0,0,0,0,0,0,0,0,0,0,0,0,0,0,0,0,0,0,0,0,0,0,0,1,0,0,0,0,0
494,166,6076,34,26.0,11.0,17.0,27.0,0.0,44.0,23.0,30.0,0.0,0.0,90.0,0.0,17.0,14.0,6.0,0.0,9.0,22.0,32.0,20.0,12.0,11.0,4.0,13.0,0.0830670926517571,0.0351437699680511,0.0543130990415335,0.0862619808306709,0.0,0.1405750798722044,0.0734824281150159,0.0958466453674121,0.0,0.0,0.2875399361022364,0.0,0.0543130990415335,0.0447284345047923,0.0191693290734824,0.0,0.0287539936102236,0.0702875399361022,0.1022364217252396,0.0638977635782747,0.0383386581469648,0.0351437699680511,0.0127795527156549,0.0415335463258785,0,1,1,1,1,1,1,1,1,1,1,1,1,1,0,1,1,0,1,1,1,1,0,0,0,0,0,0,0,0,0,0,0,0,0,0,0,0,0,0,1,0,0,0,0,0,0,0,0,0,0,1,0,0,0,0,0,0,0,0,0,0,0,0,0,1
551,108,5567,20,14.0,23.0,10.0,0.0,0.0,67.0,0.0,0.0,0.0,16.0,41.0,0.0,20.0,13.0,0.0,139.0,0.0,3.0,50.0,13.0,0.0,78.0,5.0,18.0,0.0454545454545454,0.0746753246753246,0.0324675324675324,0.0,0.0,0.2175324675324675,0.0,0.0,0.0,0.0519480519480519,0.1331168831168831,0.0,0.0649350649350649,0.0422077922077922,0.0,0.4512987012987013,0.0,0.0097402597402597,0.1623376623376623,0.0422077922077922,0.0,0.2532467532467532,0.0162337662337662,0.0584415584415584,1,1,1,1,1,1,1,0,1,1,0,1,1,1,1,1,0,0,0,0,0,1,0,0,0,0,0,0,0,0,0,0,0,0,0,0,0,1,0,0,0,0,0,0,0,0,0,0,0,0,0,0,0,0,0,0,0,0,0,0,0,0,0,0,1,1
294,56,3042,24,9.0,21.0,1.0,3.0,6.0,53.0,18.0,0.0,0.0,25.0,22.0,0.0,0.0,3.0,4.0,0.0,6.0,21.0,45.0,14.0,0.0,0.0,0.0,5.0,0.0235602094240837,0.0549738219895288,0.0026178010471204,0.0078534031413612,0.0157068062827225,0.1387434554973822,0.0471204188481675,0.0,0.0,0.0654450261780104,0.0575916230366492,0.0,0.0,0.0078534031413612,0.0104712041884816,0.0,0.0157068062827225,0.0549738219895288,0.1178010471204188,0.0366492146596858,0.0,0.0,0.0,0.013089005235602,0,1,1,1,1,1,1,1,1,0,1,1,0,1,1,0,1,0,1,0,0,1,1,0,0,0,0,0,1,0,0,0,0,0,0,0,0,0,0,0,0,0,0,0,0,0,0,0,0,0,0,0,0,0,0,0,0,0,0,0,0,0,0,0,1,0
390,47,3405,19,38.0,2.0,2.0,23.0,0.0,56.0,2.0,0.0,0.0,0.0,59.0,0.0,3.0,12.0,15.0,85.0,0.0,16.0,10.0,8.0,0.0,3.0,5.0,0.0,0.1450381679389313,0.0076335877862595,0.0076335877862595,0.0877862595419847,0.0,0.2137404580152671,0.0076335877862595,0.0,0.0,0.0,0.2251908396946564,0.0,0.0114503816793893,0.0458015267175572,0.0572519083969465,0.3244274809160305,0.0,0.0610687022900763,0.0381679389312977,0.0305343511450381,0.0,0.0114503816793893,0.0190839694656488,0.0,1,1,1,1,1,1,1,1,1,1,1,1,1,0,0,1,1,0,0,0,0,1,0,0,0,0,0,0,0,0,0,0,0,0,0,0,0,0,1,0,0,0,0,0,0,0,0,0,0,0,0,0,0,0,0,0,0,0,0,0,1,0,0,0,0,0
296,95,2908,20,33.0,7.0,4.0,11.0,0.0,31.0,31.0,0.0,0.0,0.0,39.0,0.0,0.0,10.0,1.0,0.0,31.0,5.0,34.0,1.0,0.0,0.0,1.0,5.0,0.1166077738515901,0.0247349823321554,0.0141342756183745,0.03886925795053,0.0,0.1095406360424028,0.1095406360424028,0.0,0.0,0.0,0.1378091872791519,0.0,0.0,0.0353356890459364,0.0035335689045936,0.0,0.1095406360424028,0.0176678445229682,0.1201413427561837,0.0035335689045936,0.0,0.0,0.0035335689045936,0.0176678445229682,0,1,1,1,1,1,1,1,1,0,1,1,0,1,0,1,1,0,1,0,0,1,0,0,0,1,0,0,0,0,0,0,0,0,0,0,0,0,0,0,0,0,0,0,0,0,0,0,0,0,0,0,0,0,0,0,1,0,0,0,0,0,0,0,0,0
265,26,3038,23,22.0,3.0,1.0,0.0,8.0,36.0,21.0,0.0,0.0,0.0,38.0,0.0,1.0,6.0,0.0,68.0,0.0,2.0,14.0,4.0,0.0,4.0,2.0,0.0,0.0398550724637681,0.0054347826086956,0.0018115942028985,0.0,0.0144927536231884,0.0652173913043478,0.0380434782608695,0.0,0.0,0.0,0.0688405797101449,0.0,0.0018115942028985,0.0108695652173913,0.0,0.1231884057971014,0.0,0.0036231884057971,0.0253623188405797,0.0072463768115942,0.0,0.0072463768115942,0.0036231884057971,0.0,1,1,1,1,1,1,1,1,1,1,0,1,1,0,0,1,0,0,0,0,0,1,1,0,0,0,0,0,0,0,0,1,0,0,0,0,0,0,0,0,0,0,0,0,0,1,0,0,0,0,0,0,0,0,0,0,0,0,0,0,0,0,0,0,0,0
275,39,2585,19,0.0,13.0,0.0,0.0,0.0,34.0,0.0,0.0,0.0,0.0,53.0,0.0,1.0,8.0,0.0,80.0,0.0,6.0,38.0,4.0,0.0,2.0,2.0,0.0,0.0,0.0353260869565217,0.0,0.0,0.0,0.092391304347826,0.0,0.0,0.0,0.0,0.1440217391304347,0.0,0.0027173913043478,0.0217391304347826,0.0,0.217391304347826,0.0,0.0163043478260869,0.1032608695652173,0.0108695652173913,0.0,0.0054347826086956,0.0054347826086956,0.0,1,1,1,1,0,1,1,0,1,1,0,1,1,0,0,1,0,0,0,0,0,0,0,0,0,0,0,0,0,0,0,0,0,0,1,0,0,0,0,0,0,0,0,0,0,0,0,0,0,0,0,0,0,0,0,0,0,1,0,0,0,0,0,0,0,0
284,46,2833,25,51.0,0.0,2.0,3.0,12.0,19.0,25.0,7.0,12.0,0.0,24.0,0.0,12.0,9.0,0.0,37.0,0.0,14.0,18.0,3.0,0.0,8.0,2.0,0.0,0.1307692307692307,0.0,0.0051282051282051,0.0076923076923076,0.0307692307692307,0.0487179487179487,0.0641025641025641,0.0179487179487179,0.0307692307692307,0.0,0.0615384615384615,0.0,0.0307692307692307,0.023076923076923,0.0,0.0948717948717948,0.0,0.0358974358974358,0.0461538461538461,0.0076923076923076,0.0,0.0205128205128205,0.0051282051282051,0.0,1,1,1,1,1,0,1,1,1,1,1,1,1,0,0,1,0,1,0,1,0,1,1,0,0,0,0,0,0,0,0,0,0,0,0,0,0,0,0,0,0,0,1,0,0,1,0,0,0,0,0,0,0,0,0,0,0,0,0,0,0,0,0,0,0,0
241,29,2617,23,61.0,7.0,0.0,9.0,0.0,26.0,5.0,4.0,0.0,0.0,22.0,0.0,3.0,4.0,5.0,0.0,0.0,9.0,10.0,3.0,18.0,7.0,1.0,6.0,0.2337164750957854,0.0268199233716475,0.0,0.0344827586206896,0.0,0.0996168582375478,0.0191570881226053,0.0153256704980842,0.0,0.0,0.0842911877394636,0.0,0.0114942528735632,0.0153256704980842,0.0191570881226053,0.0,0.0,0.0344827586206896,0.0383141762452107,0.0114942528735632,0.0689655172413793,0.0268199233716475,0.003831417624521,0.0229885057471264,0,1,1,1,1,1,1,1,1,1,1,1,1,1,0,1,1,0,0,1,1,0,0,0,0,0,0,0,0,0,0,0,0,0,0,1,0,0,0,0,0,0,0,0,0,0,0,0,1,0,0,0,0,0,0,0,0,0,0,0,0,0,0,0,0,0
247,55,3038,18,24.0,6.0,2.0,0.0,4.0,30.0,15.0,0.0,0.0,0.0,47.0,0.0,1.0,11.0,4.0,67.0,0.0,8.0,12.0,5.0,0.0,1.0,6.0,0.0,0.0895522388059701,0.0223880597014925,0.0074626865671641,0.0,0.0149253731343283,0.1119402985074626,0.0559701492537313,0.0,0.0,0.0,0.1753731343283582,0.0,0.003731343283582,0.0410447761194029,0.0149253731343283,0.25,0.0,0.0298507462686567,0.044776119402985,0.0186567164179104,0.0,0.003731343283582,0.0223880597014925,0.0,1,1,1,1,1,1,1,1,1,1,0,1,1,0,0,1,1,0,0,0,0,1,1,0,0,0,0,0,0,0,1,0,0,0,0,0,0,0,0,0,0,0,0,0,0,0,0,0,0,1,0,0,0,0,0,0,0,0,0,0,0,0,0,0,0,0
237,44,2628,23,36.0,1.0,1.0,10.0,0.0,34.0,5.0,21.0,0.0,0.0,17.0,0.0,2.0,15.0,6.0,0.0,0.0,17.0,0.0,3.0,16.0,6.0,4.0,0.0,0.125,0.0034722222222222,0.0034722222222222,0.0347222222222222,0.0,0.1180555555555555,0.0173611111111111,0.0729166666666666,0.0,0.0,0.0590277777777777,0.0,0.0069444444444444,0.0520833333333333,0.0208333333333333,0.0,0.0,0.0590277777777777,0.0,0.0104166666666666,0.0555555555555555,0.0208333333333333,0.0138888888888888,0.0,0,1,1,0,1,1,1,1,1,1,1,1,1,0,0,1,1,0,0,1,1,1,0,0,0,0,0,0,0,0,0,0,0,0,0,0,0,0,0,0,0,0,1,0,0,1,0,0,0,0,0,0,0,0,0,0,0,0,0,0,0,0,0,0,0,0
245,34,3209,23,17.0,4.0,2.0,6.0,0.0,19.0,4.0,5.0,0.0,0.0,13.0,0.0,5.0,7.0,0.0,67.0,0.0,2.0,17.0,5.0,0.0,2.0,2.0,7.0,0.0604982206405693,0.0142348754448398,0.0071174377224199,0.0213523131672597,0.0,0.0676156583629893,0.0142348754448398,0.0177935943060498,0.0,0.0,0.0462633451957295,0.0,0.0177935943060498,0.0249110320284697,0.0,0.2384341637010676,0.0,0.0071174377224199,0.0604982206405693,0.0177935943060498,0.0,0.0071174377224199,0.0071174377224199,0.0249110320284697,1,1,1,1,1,1,1,1,1,1,1,1,1,1,0,1,0,0,0,1,0,1,0,0,0,0,0,0,0,0,0,0,0,0,0,0,0,0,0,0,0,0,0,1,0,0,0,0,0,0,0,0,0,0,0,0,0,0,1,0,0,0,0,0,0,0
273,62,2552,20,38.0,4.0,0.0,9.0,0.0,37.0,48.0,7.0,0.0,0.0,21.0,0.0,6.0,11.0,9.0,0.0,0.0,11.0,0.0,2.0,23.0,8.0,7.0,7.0,0.1576763485477178,0.0165975103734439,0.0,0.0373443983402489,0.0,0.1535269709543568,0.1991701244813278,0.0290456431535269,0.0,0.0,0.0871369294605809,0.0,0.0248962655601659,0.0456431535269709,0.0373443983402489,0.0,0.0,0.0456431535269709,0.0,0.0082987551867219,0.0954356846473029,0.0331950207468879,0.0290456431535269,0.0290456431535269,0,1,1,0,1,1,1,1,1,1,1,1,1,1,0,1,1,0,0,1,1,0,0,0,0,0,0,0,0,0,0,0,0,0,0,0,0,0,0,1,0,0,0,0,0,0,0,1,0,0,0,0,0,0,0,0,0,0,0,0,0,0,0,0,0,0
281,33,2604,14,0.0,6.0,0.0,0.0,0.0,55.0,0.0,0.0,0.0,0.0,55.0,0.0,0.0,9.0,1.0,83.0,0.0,10.0,33.0,2.0,0.0,5.0,3.0,0.0,0.0,0.0303030303030303,0.0,0.0,0.0,0.2777777777777778,0.0,0.0,0.0,0.0,0.2777777777777778,0.0,0.0,0.0454545454545454,0.005050505050505,0.4191919191919191,0.0,0.0505050505050505,0.1666666666666666,0.0101010101010101,0.0,0.0252525252525252,0.0151515151515151,0.0,1,1,1,1,0,1,1,0,1,1,0,1,0,0,0,1,1,0,0,0,0,0,0,0,0,0,0,0,0,0,0,0,0,0,0,0,0,1,0,0,0,0,0,0,0,0,0,0,0,0,0,0,0,0,0,0,0,1,0,0,0,0,0,0,0,0
625,53,5950,27,25.0,19.0,1.0,0.0,0.0,47.0,35.0,0.0,0.0,0.0,134.0,0.0,3.0,29.0,6.0,117.0,0.0,3.0,126.0,6.0,0.0,2.0,3.0,1.0,0.1012145748987854,0.0769230769230769,0.0040485829959514,0.0,0.0,0.1902834008097166,0.1417004048582996,0.0,0.0,0.0,0.5425101214574899,0.0,0.0121457489878542,0.117408906882591,0.0242914979757085,0.4736842105263157,0.0,0.0121457489878542,0.5101214574898786,0.0242914979757085,0.0,0.0080971659919028,0.0121457489878542,0.0040485829959514,1,1,1,1,1,1,1,1,1,1,0,1,1,1,0,1,1,0,0,0,0,1,0,0,0,0,0,0,0,0,0,0,0,0,0,0,0,0,0,0,0,0,0,0,1,0,0,0,0,0,0,0,0,0,0,0,0,0,0,0,0,0,0,0,1,1
