season,total_votes,n_lines,n_directions,n_words,n_speak_char,andy,angela,creed,darryl,david,dwight,erin,gabe,holly,jan,jim,karen,kelly,kevin,meredith,michael,nellie,oscar,pam,phyllis,robert,ryan,stanley,toby,andy_perc,angela_perc,creed_perc,darryl_perc,david_perc,dwight_perc,erin_perc,gabe_perc,holly_perc,jan_perc,jim_perc,karen_perc,kelly_perc,kevin_perc,meredith_perc,michael_perc,nellie_perc,oscar_perc,pam_perc,phyllis_perc,robert_perc,ryan_perc,stanley_perc,toby_perc,michael_dummy,dwight_dummy,jim_dummy,pam_dummy,andy_dummy,angela_dummy,kevin_dummy,erin_dummy,oscar_dummy,ryan_dummy,darryl_dummy,phyllis_dummy,kelly_dummy,toby_dummy,jan_dummy,stanley_dummy,meredith_dummy,holly_dummy,nellie_dummy,gabe_dummy,robert_dummy,creed_dummy,david_dummy,karen_dummy,Paul_Lieberstein_dummy_writer,Lee_Eisenberg_dummy_writer,Michael_Schur_dummy_writer,Jennifer_Celotta_dummy_writer,B.J._Novak_dummy_writer,Justin_Spitzer_dummy_writer,Aaron_Shure_dummy_writer,Charlie_Grandy_dummy_writer,Greg_Daniels_dummy_writer,Brent_Forrester_dummy_writer,Gene_Stupnitsky_dummy_writer,Mindy_Kaling_dummy_writer,Halsted_Sullivan_dummy_writer,Warren_Lieberstein_dummy_writer,Daniel_Chun_dummy_writer,Allison_Silverman_dummy_writer,Owen_Ellickson_dummy_writer,Carrie_Kemper_dummy_writer,Steve_Hely_dummy_writer,Robert_Padnick_dummy_writer,low_appearance_writer,Ken_Kwapis_dummy_director,David_Rogers_dummy_director,Randall_Einhorn_dummy_director,Paul_Lieberstein_dummy_director,Harold_Ramis_dummy_director,Charles_McDougall_dummy_director,Ken_Whittingham_dummy_director,Jennifer_Celotta_dummy_director,B.J._Novak_dummy_director,Troy_Miller_dummy_director,Greg_Daniels_dummy_director,Brent_Forrester_dummy_director,Jeffrey_Blitz_dummy_director,Tucker_Gates_dummy_director,Matt_Sohn_dummy_director,Steve_Carell_dummy_director,Paul_Feig_dummy_director,John_Krasinski_dummy_director,Rainn_Wilson_dummy_director,low_appearance_directors,multi_part_dummy
3,2622,185,18,2108,23,0.0,2.0,5.0,0.0,0.0,22.0,0.0,0.0,0.0,0.0,11.0,5.0,9.0,6.0,3.0,45.0,0.0,4.0,26.0,0.0,0.0,15.0,1.0,3.0,0.0,0.0042194092827004,0.010548523206751,0.0,0.0,0.0464135021097046,0.0,0.0,0.0,0.0,0.0232067510548523,0.010548523206751,0.0189873417721519,0.0126582278481012,0.0063291139240506,0.0949367088607595,0.0,0.0084388185654008,0.0548523206751054,0.0,0.0,0.0316455696202531,0.0021097046413502,0.0063291139240506,1,1,1,1,0,1,1,0,1,1,0,0,1,1,0,1,1,0,0,0,0,1,0,1,0,0,0,0,0,0,0,0,0,1,0,0,0,0,0,0,0,0,0,0,0,0,0,0,0,0,0,0,0,0,0,0,0,0,0,0,0,0,0,0,1,0
2,2463,206,27,2612,16,0.0,4.0,4.0,0.0,0.0,49.0,0.0,0.0,0.0,0.0,35.0,0.0,5.0,4.0,0.0,52.0,0.0,3.0,19.0,4.0,0.0,7.0,5.0,4.0,0.0,0.0145454545454545,0.0145454545454545,0.0,0.0,0.1781818181818182,0.0,0.0,0.0,0.0,0.1272727272727272,0.0,0.0181818181818181,0.0145454545454545,0.0,0.1890909090909091,0.0,0.0109090909090909,0.069090909090909,0.0145454545454545,0.0,0.0254545454545454,0.0181818181818181,0.0145454545454545,1,1,1,1,0,1,1,0,1,1,0,1,1,1,0,1,0,0,0,0,0,1,0,0,1,0,0,0,0,0,0,0,0,0,0,0,0,0,0,0,0,0,0,0,0,0,0,0,0,0,1,0,0,0,0,0,0,0,0,0,0,0,0,0,0,0
9,1634,287,66,2780,15,0.0,11.0,2.0,17.0,0.0,59.0,24.0,0.0,0.0,0.0,58.0,0.0,0.0,13.0,5.0,0.0,11.0,7.0,32.0,10.0,0.0,0.0,5.0,11.0,0.0,0.0210727969348659,0.003831417624521,0.0325670498084291,0.0,0.1130268199233716,0.0459770114942528,0.0,0.0,0.0,0.1111111111111111,0.0,0.0,0.0249042145593869,0.0095785440613026,0.0,0.0210727969348659,0.0134099616858237,0.0613026819923371,0.0191570881226053,0.0,0.0,0.0095785440613026,0.0210727969348659,0,1,1,1,0,1,1,1,1,0,1,1,0,1,0,1,1,0,1,0,0,1,0,0,0,0,0,0,0,0,0,0,0,0,0,0,0,0,0,0,0,0,0,1,0,0,0,0,0,0,1,0,0,0,0,0,0,0,0,0,0,0,0,0,0,0
7,1598,307,51,3162,26,10.0,20.0,3.0,0.0,0.0,24.0,7.0,8.0,0.0,0.0,24.0,0.0,5.0,9.0,0.0,66.0,0.0,5.0,28.0,1.0,0.0,54.0,7.0,0.0,0.020242914979757,0.0404858299595141,0.0060728744939271,0.0,0.0,0.048582995951417,0.0141700404858299,0.0161943319838056,0.0,0.0,0.048582995951417,0.0,0.0101214574898785,0.0182186234817813,0.0,0.1336032388663967,0.0,0.0101214574898785,0.0566801619433198,0.0020242914979757,0.0,0.1093117408906882,0.0141700404858299,0.0,1,1,1,1,1,1,1,1,1,1,0,1,1,0,0,1,0,0,0,1,0,1,0,0,0,0,0,0,0,0,1,0,0,0,0,0,0,0,0,0,0,0,0,0,0,0,0,0,0,0,0,0,0,0,0,0,0,0,0,0,0,0,0,0,1,0
2,2440,257,55,2834,17,0.0,12.0,3.0,0.0,0.0,33.0,0.0,0.0,0.0,0.0,28.0,0.0,2.0,3.0,0.0,88.0,0.0,9.0,24.0,12.0,0.0,4.0,4.0,22.0,0.0,0.0459770114942528,0.0114942528735632,0.0,0.0,0.1264367816091954,0.0,0.0,0.0,0.0,0.10727969348659,0.0,0.0076628352490421,0.0114942528735632,0.0,0.3371647509578544,0.0,0.0344827586206896,0.0919540229885057,0.0459770114942528,0.0,0.0153256704980842,0.0153256704980842,0.0842911877394636,1,1,1,1,0,1,1,0,1,1,0,1,1,1,0,1,0,0,0,0,0,1,0,0,0,0,0,0,0,0,0,0,1,0,0,0,0,0,0,0,0,0,0,0,0,0,0,0,0,0,0,0,0,0,0,1,0,0,0,0,0,0,0,0,0,0
9,1407,260,70,3076,21,62.0,4.0,0.0,3.0,0.0,32.0,26.0,0.0,0.0,8.0,26.0,0.0,0.0,6.0,2.0,0.0,7.0,7.0,28.0,6.0,0.0,0.0,1.0,0.0,0.2108843537414966,0.0136054421768707,0.0,0.010204081632653,0.0,0.1088435374149659,0.0884353741496598,0.0,0.0,0.0272108843537414,0.0884353741496598,0.0,0.0,0.0204081632653061,0.0068027210884353,0.0,0.0238095238095238,0.0238095238095238,0.0952380952380952,0.0204081632653061,0.0,0.0,0.0034013605442176,0.0,0,1,1,1,1,1,1,1,1,0,1,1,0,0,1,1,1,0,1,0,0,0,0,0,0,0,0,0,0,0,0,0,0,0,0,0,0,0,0,1,0,0,0,0,0,0,0,0,0,0,0,0,0,0,1,0,0,0,0,0,0,0,0,0,0,0
2,3644,368,28,3204,23,0.0,5.0,4.0,8.0,0.0,31.0,0.0,0.0,0.0,40.0,52.0,0.0,1.0,16.0,1.0,94.0,0.0,4.0,44.0,7.0,0.0,1.0,1.0,4.0,0.0,0.0177935943060498,0.0142348754448398,0.0284697508896797,0.0,0.1103202846975089,0.0,0.0,0.0,0.1423487544483986,0.1850533807829181,0.0,0.0035587188612099,0.0569395017793594,0.0035587188612099,0.3345195729537366,0.0,0.0142348754448398,0.1565836298932384,0.0249110320284697,0.0,0.0035587188612099,0.0035587188612099,0.0142348754448398,1,1,1,1,0,1,1,0,1,1,1,1,1,1,1,1,1,0,0,0,0,1,0,0,0,0,0,0,0,0,0,0,0,0,0,0,0,0,0,0,0,0,0,0,1,0,0,0,0,0,0,0,0,0,0,1,0,0,0,0,0,0,0,0,0,0
8,1464,295,35,2667,30,49.0,20.0,1.0,15.0,17.0,27.0,9.0,2.0,0.0,0.0,31.0,0.0,4.0,3.0,2.0,0.0,19.0,11.0,22.0,5.0,15.0,0.0,1.0,5.0,0.1891891891891892,0.0772200772200772,0.0038610038610038,0.0579150579150579,0.0656370656370656,0.1042471042471042,0.0347490347490347,0.0077220077220077,0.0,0.0,0.1196911196911196,0.0,0.0154440154440154,0.0115830115830115,0.0077220077220077,0.0,0.0733590733590733,0.0424710424710424,0.0849420849420849,0.0193050193050193,0.0579150579150579,0.0,0.0038610038610038,0.0193050193050193,0,1,1,1,1,1,1,1,1,0,1,1,1,1,0,1,1,0,1,1,1,1,1,0,0,0,0,0,1,0,0,0,0,0,0,0,0,0,0,0,0,0,0,0,0,0,0,0,0,0,0,0,0,1,0,0,0,0,0,0,0,0,0,0,0,0
6,1726,267,46,3064,27,14.0,0.0,1.0,0.0,14.0,26.0,3.0,0.0,0.0,0.0,37.0,0.0,0.0,4.0,1.0,71.0,0.0,18.0,12.0,7.0,0.0,18.0,4.0,0.0,0.0460526315789473,0.0,0.0032894736842105,0.0,0.0460526315789473,0.0855263157894736,0.0098684210526315,0.0,0.0,0.0,0.1217105263157894,0.0,0.0,0.0131578947368421,0.0032894736842105,0.2335526315789473,0.0,0.0592105263157894,0.0394736842105263,0.0230263157894736,0.0,0.0592105263157894,0.0131578947368421,0.0,1,1,1,1,1,0,1,1,1,1,0,1,0,0,0,1,1,0,0,0,0,1,1,0,0,0,0,0,0,1,0,0,0,0,0,0,0,0,0,0,0,0,0,0,0,0,0,0,0,0,1,0,0,0,0,0,0,0,0,0,0,0,0,0,0,0
7,2742,290,22,2902,20,17.0,1.0,0.0,10.0,0.0,31.0,0.0,1.0,47.0,0.0,24.0,0.0,3.0,18.0,3.0,72.0,0.0,7.0,32.0,3.0,0.0,9.0,1.0,0.0,0.0548387096774193,0.0032258064516129,0.0,0.032258064516129,0.0,0.1,0.0,0.0032258064516129,0.1516129032258064,0.0,0.0774193548387096,0.0,0.0096774193548387,0.0580645161290322,0.0096774193548387,0.232258064516129,0.0,0.0225806451612903,0.1032258064516129,0.0096774193548387,0.0,0.0290322580645161,0.0032258064516129,0.0,1,1,1,1,1,1,1,0,1,1,1,1,1,0,0,1,1,1,0,1,0,0,0,0,0,0,0,0,0,0,0,0,0,0,0,0,0,0,0,0,0,0,0,0,1,0,0,0,0,0,0,0,0,0,0,0,0,0,0,0,1,0,0,0,0,0
7,1661,310,30,3229,21,23.0,3.0,2.0,13.0,0.0,48.0,10.0,1.0,0.0,0.0,27.0,0.0,8.0,8.0,2.0,56.0,0.0,25.0,46.0,3.0,0.0,7.0,6.0,0.0,0.085820895522388,0.0111940298507462,0.0074626865671641,0.0485074626865671,0.0,0.1791044776119403,0.0373134328358208,0.003731343283582,0.0,0.0,0.1007462686567164,0.0,0.0298507462686567,0.0298507462686567,0.0074626865671641,0.208955223880597,0.0,0.0932835820895522,0.1716417910447761,0.0111940298507462,0.0,0.0261194029850746,0.0223880597014925,0.0,1,1,1,1,1,1,1,1,1,1,1,1,1,0,0,1,1,0,0,1,0,1,0,0,0,0,0,0,0,0,0,0,0,0,0,0,1,1,0,0,0,0,0,0,0,0,0,0,0,0,1,0,0,0,0,0,0,0,0,0,0,0,0,0,0,0
3,2260,260,42,2537,20,5.0,7.0,0.0,4.0,0.0,40.0,0.0,0.0,0.0,32.0,21.0,9.0,2.0,12.0,0.0,69.0,0.0,0.0,22.0,8.0,0.0,7.0,1.0,3.0,0.0174825174825174,0.0244755244755244,0.0,0.0139860139860139,0.0,0.1398601398601398,0.0,0.0,0.0,0.1118881118881118,0.0734265734265734,0.0314685314685314,0.0069930069930069,0.0419580419580419,0.0,0.2412587412587412,0.0,0.0,0.0769230769230769,0.0279720279720279,0.0,0.0244755244755244,0.0034965034965034,0.0104895104895104,1,1,1,1,1,1,1,0,0,1,1,1,1,1,1,1,0,0,0,0,0,0,0,1,0,0,1,0,0,0,0,0,0,0,0,0,0,0,0,0,0,0,0,0,0,0,0,0,0,0,0,0,0,0,0,0,0,0,1,0,0,0,0,0,0,0
5,2107,274,30,2579,22,16.0,17.0,3.0,0.0,0.0,28.0,23.0,0.0,0.0,0.0,17.0,0.0,11.0,7.0,1.0,84.0,0.0,5.0,19.0,25.0,0.0,2.0,1.0,0.0,0.0551724137931034,0.0586206896551724,0.0103448275862068,0.0,0.0,0.096551724137931,0.0793103448275862,0.0,0.0,0.0,0.0586206896551724,0.0,0.0379310344827586,0.0241379310344827,0.0034482758620689,0.2896551724137931,0.0,0.0172413793103448,0.0655172413793103,0.0862068965517241,0.0,0.0068965517241379,0.0034482758620689,0.0,1,1,1,1,1,1,1,1,1,1,0,1,1,0,0,1,1,0,0,0,0,1,0,0,0,0,0,0,0,0,0,0,0,0,0,0,1,1,0,0,0,0,0,0,0,0,0,1,0,0,0,0,0,0,0,0,0,0,0,0,0,0,0,0,0,0
4,2185,281,32,2914,13,8.0,0.0,0.0,0.0,0.0,38.0,0.0,0.0,0.0,0.0,69.0,25.0,0.0,2.0,0.0,82.0,0.0,10.0,18.0,2.0,0.0,0.0,10.0,7.0,0.014519056261343,0.0,0.0,0.0,0.0,0.0689655172413793,0.0,0.0,0.0,0.0,0.1252268602540834,0.0453720508166969,0.0,0.0036297640653357,0.0,0.1488203266787658,0.0,0.0181488203266787,0.0326678765880217,0.0036297640653357,0.0,0.0,0.0181488203266787,0.0127041742286751,1,1,1,1,1,0,1,0,1,0,0,1,0,1,0,1,0,0,0,0,0,0,0,1,0,0,0,0,0,0,0,0,0,0,0,1,0,0,0,0,0,0,0,0,0,0,0,0,0,0,0,0,0,0,0,0,0,0,0,0,0,0,0,0,1,0
6,1627,308,62,3111,19,30.0,0.0,2.0,26.0,0.0,38.0,3.0,4.0,0.0,0.0,14.0,0.0,7.0,0.0,1.0,92.0,0.0,1.0,42.0,0.0,0.0,4.0,3.0,0.0,0.048,0.0,0.0032,0.0416,0.0,0.0608,0.0048,0.0064,0.0,0.0,0.0224,0.0,0.0112,0.0,0.0016,0.1472,0.0,0.0016,0.0672,0.0,0.0,0.0064,0.0048,0.0,1,1,1,1,1,0,0,1,1,1,1,0,1,0,0,1,1,0,0,1,0,1,0,0,0,1,0,0,0,0,0,0,0,0,1,0,0,0,0,0,0,0,0,0,0,0,0,0,0,0,0,0,0,0,0,0,0,0,0,0,0,0,0,1,0,0
3,2388,259,58,2167,15,10.0,12.0,2.0,0.0,0.0,71.0,0.0,0.0,0.0,25.0,12.0,8.0,8.0,4.0,0.0,73.0,0.0,0.0,17.0,5.0,0.0,0.0,2.0,0.0,0.0344827586206896,0.0413793103448275,0.0068965517241379,0.0,0.0,0.2448275862068965,0.0,0.0,0.0,0.0862068965517241,0.0413793103448275,0.0275862068965517,0.0275862068965517,0.0137931034482758,0.0,0.2517241379310345,0.0,0.0,0.0586206896551724,0.0172413793103448,0.0,0.0,0.0068965517241379,0.0,1,1,1,1,1,1,1,0,0,0,0,1,1,0,1,1,0,0,0,0,0,1,0,1,1,0,0,0,0,0,0,0,0,0,0,0,0,0,0,0,0,0,0,0,0,0,0,0,0,0,0,0,0,0,0,1,0,0,0,0,0,0,0,0,0,0
6,1681,264,43,3049,24,10.0,2.0,1.0,0.0,34.0,9.0,6.0,18.0,0.0,0.0,26.0,0.0,0.0,1.0,2.0,82.0,0.0,5.0,25.0,1.0,0.0,0.0,1.0,2.0,0.0313479623824451,0.006269592476489,0.0031347962382445,0.0,0.1065830721003134,0.0282131661442006,0.018808777429467,0.0564263322884012,0.0,0.0,0.0815047021943573,0.0,0.0,0.0031347962382445,0.006269592476489,0.2570532915360501,0.0,0.0156739811912225,0.0783699059561128,0.0031347962382445,0.0,0.0,0.0031347962382445,0.006269592476489,1,1,1,1,1,1,1,1,1,0,0,1,0,1,0,1,1,0,0,1,0,1,1,0,0,0,0,1,0,0,0,0,0,0,0,0,0,0,0,0,0,0,0,0,0,0,0,0,0,0,0,0,0,0,0,0,0,0,0,0,0,0,1,0,0,0
6,1613,267,63,2889,20,25.0,5.0,0.0,3.0,0.0,17.0,52.0,23.0,0.0,0.0,8.0,0.0,5.0,20.0,9.0,46.0,0.0,6.0,28.0,3.0,0.0,5.0,0.0,3.0,0.0946969696969697,0.0189393939393939,0.0,0.0113636363636363,0.0,0.0643939393939393,0.1969696969696969,0.0871212121212121,0.0,0.0,0.0303030303030303,0.0,0.0189393939393939,0.0757575757575757,0.034090909090909,0.1742424242424242,0.0,0.0227272727272727,0.106060606060606,0.0113636363636363,0.0,0.0189393939393939,0.0,0.0113636363636363,1,1,1,1,1,1,1,1,1,1,1,1,1,1,0,0,1,0,0,1,0,0,0,0,0,0,0,0,0,0,0,0,0,0,0,1,0,0,0,0,0,0,0,0,0,0,0,0,0,0,0,0,0,0,0,0,0,0,0,0,1,0,0,0,0,0
8,1476,294,54,2775,18,48.0,7.0,0.0,15.0,0.0,48.0,8.0,22.0,0.0,0.0,36.0,0.0,5.0,10.0,0.0,0.0,0.0,11.0,17.0,2.0,31.0,3.0,7.0,8.0,0.1643835616438356,0.023972602739726,0.0,0.0513698630136986,0.0,0.1643835616438356,0.0273972602739726,0.0753424657534246,0.0,0.0,0.1232876712328767,0.0,0.0171232876712328,0.0342465753424657,0.0,0.0,0.0,0.0376712328767123,0.0582191780821917,0.0068493150684931,0.1061643835616438,0.0102739726027397,0.023972602739726,0.0273972602739726,0,1,1,1,1,1,1,1,1,1,1,1,1,1,0,1,0,0,0,1,1,0,0,0,0,0,0,0,0,0,0,0,0,0,0,0,0,0,1,0,0,0,0,0,0,0,0,0,0,0,0,0,0,0,1,0,0,0,0,0,0,0,0,0,0,0
9,1470,253,52,2925,21,0.0,16.0,4.0,15.0,0.0,18.0,26.0,0.0,0.0,0.0,28.0,0.0,0.0,14.0,22.0,0.0,9.0,10.0,44.0,8.0,0.0,0.0,4.0,0.0,0.0,0.054054054054054,0.0135135135135135,0.0506756756756756,0.0,0.0608108108108108,0.0878378378378378,0.0,0.0,0.0,0.0945945945945946,0.0,0.0,0.0472972972972973,0.0743243243243243,0.0,0.0304054054054054,0.0337837837837837,0.1486486486486486,0.027027027027027,0.0,0.0,0.0135135135135135,0.0,0,1,1,1,0,1,1,1,1,0,1,1,0,0,0,1,1,0,1,0,0,1,0,0,0,0,0,0,0,0,0,0,0,0,0,0,0,0,0,0,0,0,0,0,1,0,0,0,0,0,0,0,0,0,0,0,0,0,0,0,0,0,0,0,1,0
1,3179,230,49,2437,18,0.0,3.0,0.0,15.0,0.0,25.0,0.0,0.0,0.0,0.0,21.0,0.0,0.0,1.0,0.0,104.0,0.0,2.0,14.0,4.0,0.0,8.0,3.0,0.0,0.0,0.0130434782608695,0.0,0.0652173913043478,0.0,0.108695652173913,0.0,0.0,0.0,0.0,0.0913043478260869,0.0,0.0,0.0043478260869565,0.0,0.4521739130434782,0.0,0.008695652173913,0.0608695652173913,0.017391304347826,0.0,0.0347826086956521,0.0130434782608695,0.0,1,1,1,1,0,1,1,0,1,1,1,1,0,0,0,1,0,0,0,0,0,0,0,0,0,0,0,0,0,0,0,0,1,0,0,0,0,0,0,0,0,0,0,0,0,0,0,0,0,0,0,0,0,0,0,1,0,0,0,0,0,0,0,0,0,0
9,1438,322,42,2890,19,0.0,52.0,3.0,6.0,3.0,57.0,6.0,0.0,0.0,0.0,29.0,0.0,0.0,16.0,8.0,0.0,9.0,22.0,17.0,12.0,0.0,0.0,14.0,8.0,0.0,0.1037924151696606,0.0059880239520958,0.0119760479041916,0.0059880239520958,0.1137724550898203,0.0119760479041916,0.0,0.0,0.0,0.0578842315369261,0.0,0.0,0.0319361277445109,0.0159680638722554,0.0,0.0179640718562874,0.0439121756487025,0.0339321357285429,0.0239520958083832,0.0,0.0,0.0279441117764471,0.0159680638722554,0,1,1,1,0,1,1,1,1,0,1,1,0,1,0,1,1,0,1,0,0,1,1,0,0,0,0,0,0,0,0,0,0,0,0,0,0,0,0,0,0,0,0,0,1,0,0,0,0,0,0,0,0,0,0,0,1,0,0,0,0,0,0,0,0,0
8,1642,261,32,2811,21,33.0,1.0,1.0,7.0,0.0,21.0,32.0,0.0,0.0,0.0,38.0,0.0,1.0,8.0,2.0,0.0,42.0,1.0,17.0,4.0,24.0,1.0,1.0,3.0,0.1392405063291139,0.0042194092827004,0.0042194092827004,0.0295358649789029,0.0,0.0886075949367088,0.1350210970464135,0.0,0.0,0.0,0.160337552742616,0.0,0.0042194092827004,0.0337552742616033,0.0084388185654008,0.0,0.1772151898734177,0.0042194092827004,0.0717299578059071,0.0168776371308016,0.1012658227848101,0.0042194092827004,0.0042194092827004,0.0126582278481012,0,1,1,1,1,1,1,1,1,1,1,1,1,1,0,1,1,0,1,0,1,1,0,0,0,0,0,0,0,0,0,1,0,0,0,0,0,0,0,0,0,0,0,0,0,0,0,0,0,0,0,0,0,0,0,0,0,0,0,0,0,0,0,1,0,0
8,1584,238,30,3051,25,45.0,1.0,0.0,11.0,0.0,26.0,13.0,10.0,0.0,0.0,16.0,0.0,4.0,15.0,1.0,0.0,0.0,18.0,18.0,6.0,22.0,11.0,4.0,0.0,0.15625,0.0034722222222222,0.0,0.0381944444444444,0.0,0.0902777777777777,0.0451388888888888,0.0347222222222222,0.0,0.0,0.0555555555555555,0.0,0.0138888888888888,0.0520833333333333,0.0034722222222222,0.0,0.0,0.0625,0.0625,0.0208333333333333,0.0763888888888889,0.0381944444444444,0.0138888888888888,0.0,0,1,1,1,1,1,1,1,1,1,1,1,1,0,0,1,1,0,0,1,1,0,0,0,0,0,0,0,0,0,0,0,0,0,0,0,0,0,0,0,0,0,0,1,0,0,0,0,0,0,0,0,0,0,0,0,0,1,0,0,0,0,0,0,0,0
9,1445,318,55,2707,28,11.0,32.0,0.0,12.0,0.0,37.0,3.0,0.0,0.0,0.0,31.0,0.0,0.0,9.0,3.0,0.0,4.0,29.0,42.0,6.0,0.0,0.0,5.0,2.0,0.0434782608695652,0.1264822134387351,0.0,0.0474308300395256,0.0,0.1462450592885375,0.0118577075098814,0.0,0.0,0.0,0.1225296442687747,0.0,0.0,0.0355731225296442,0.0118577075098814,0.0,0.0158102766798418,0.1146245059288537,0.1660079051383399,0.0237154150197628,0.0,0.0,0.0197628458498023,0.0079051383399209,0,1,1,1,1,1,1,1,1,0,1,1,0,1,0,1,1,0,1,0,0,0,0,0,0,0,0,0,0,0,0,0,0,0,0,0,0,0,0,0,0,0,0,0,1,0,0,0,0,0,0,0,1,0,0,0,0,0,0,0,0,0,0,0,0,0
3,2409,257,45,2760,18,34.0,12.0,8.0,0.0,0.0,31.0,0.0,0.0,0.0,0.0,46.0,4.0,10.0,8.0,0.0,53.0,0.0,6.0,14.0,1.0,0.0,2.0,1.0,0.0,0.1642512077294686,0.0579710144927536,0.038647342995169,0.0,0.0,0.1497584541062802,0.0,0.0,0.0,0.0,0.2222222222222222,0.0193236714975845,0.0483091787439613,0.038647342995169,0.0,0.2560386473429952,0.0,0.0289855072463768,0.0676328502415458,0.0048309178743961,0.0,0.0096618357487922,0.0048309178743961,0.0,1,1,1,1,1,1,1,0,1,1,0,1,1,0,0,1,0,0,0,0,0,1,0,1,0,0,0,0,0,1,0,0,0,1,0,0,0,0,0,0,0,0,0,0,0,0,0,1,0,0,0,0,0,0,0,0,0,0,0,0,0,0,0,0,0,0
9,1402,260,63,3047,25,0.0,15.0,1.0,35.0,0.0,37.0,10.0,0.0,0.0,0.0,30.0,0.0,0.0,6.0,1.0,0.0,9.0,12.0,57.0,1.0,0.0,0.0,0.0,3.0,0.0,0.0530035335689045,0.0035335689045936,0.1236749116607773,0.0,0.1307420494699646,0.0353356890459364,0.0,0.0,0.0,0.1060070671378091,0.0,0.0,0.0212014134275618,0.0035335689045936,0.0,0.0318021201413427,0.0424028268551236,0.2014134275618374,0.0035335689045936,0.0,0.0,0.0,0.0106007067137809,0,1,1,1,0,1,1,1,1,0,1,1,0,1,0,0,1,0,1,0,0,1,0,0,0,0,0,0,0,0,0,0,0,0,0,0,0,0,0,0,1,0,0,0,0,0,0,0,0,0,0,0,0,0,0,0,0,0,0,0,0,0,0,0,1,0
5,1847,300,50,2735,20,0.0,4.0,0.0,0.0,0.0,31.0,0.0,0.0,0.0,0.0,35.0,0.0,9.0,15.0,3.0,86.0,0.0,14.0,32.0,11.0,0.0,0.0,2.0,0.0,0.0,0.0123839009287925,0.0,0.0,0.0,0.0959752321981424,0.0,0.0,0.0,0.0,0.1083591331269349,0.0,0.0278637770897832,0.0464396284829721,0.0092879256965944,0.2662538699690402,0.0,0.0433436532507739,0.0990712074303405,0.0340557275541795,0.0,0.0,0.0061919504643962,0.0,1,1,1,1,0,1,1,0,1,0,0,1,1,0,0,1,1,0,0,0,0,0,0,0,0,0,0,0,0,0,0,0,0,1,0,0,0,0,0,0,0,0,0,0,0,0,0,1,0,0,0,0,0,0,0,0,0,0,0,0,0,0,0,0,0,0
4,1977,188,55,2256,20,13.0,4.0,4.0,6.0,0.0,10.0,0.0,0.0,0.0,0.0,19.0,0.0,1.0,7.0,1.0,45.0,0.0,5.0,33.0,2.0,0.0,0.0,0.0,0.0,0.0460992907801418,0.0141843971631205,0.0141843971631205,0.0212765957446808,0.0,0.0354609929078014,0.0,0.0,0.0,0.0,0.0673758865248227,0.0,0.0035460992907801,0.0248226950354609,0.0035460992907801,0.1595744680851064,0.0,0.0177304964539007,0.1170212765957446,0.0070921985815602,0.0,0.0,0.0,0.0,1,1,1,1,1,1,1,0,1,0,1,1,1,0,0,0,1,0,0,0,0,1,0,0,0,1,0,0,0,0,0,0,0,0,1,0,0,0,0,0,0,0,0,0,0,0,0,0,0,0,0,0,0,0,0,0,0,0,1,0,0,0,0,0,0,0
7,1616,284,46,2833,25,51.0,0.0,2.0,3.0,12.0,19.0,25.0,7.0,12.0,0.0,24.0,0.0,12.0,9.0,0.0,37.0,0.0,14.0,18.0,3.0,0.0,8.0,2.0,0.0,0.1307692307692307,0.0,0.0051282051282051,0.0076923076923076,0.0307692307692307,0.0487179487179487,0.0641025641025641,0.0179487179487179,0.0307692307692307,0.0,0.0615384615384615,0.0,0.0307692307692307,0.023076923076923,0.0,0.0948717948717948,0.0,0.0358974358974358,0.0461538461538461,0.0076923076923076,0.0,0.0205128205128205,0.0051282051282051,0.0,1,1,1,1,1,0,1,1,1,1,1,1,1,0,0,1,0,1,0,1,0,1,1,0,0,0,0,0,0,0,0,0,0,0,0,0,0,0,0,0,0,0,1,0,0,0,0,0,0,0,0,0,0,1,0,0,0,0,0,0,0,0,0,0,0,0
7,1736,352,50,2876,20,37.0,9.0,1.0,16.0,0.0,24.0,38.0,21.0,38.0,0.0,23.0,0.0,1.0,13.0,1.0,73.0,0.0,17.0,24.0,3.0,0.0,6.0,1.0,0.0,0.1293706293706293,0.0314685314685314,0.0034965034965034,0.0559440559440559,0.0,0.0839160839160839,0.1328671328671328,0.0734265734265734,0.1328671328671328,0.0,0.0804195804195804,0.0,0.0034965034965034,0.0454545454545454,0.0034965034965034,0.2552447552447552,0.0,0.0594405594405594,0.0839160839160839,0.0104895104895104,0.0,0.0209790209790209,0.0034965034965034,0.0,1,1,1,1,1,1,1,1,1,1,1,1,1,0,0,1,1,1,0,1,0,1,0,0,0,0,0,0,0,0,0,0,0,0,0,0,0,0,0,0,0,0,0,1,0,0,0,0,0,0,0,0,0,0,0,1,0,0,0,0,0,0,0,0,0,0
5,1884,268,43,2436,20,7.0,8.0,2.0,8.0,0.0,31.0,0.0,0.0,36.0,0.0,21.0,0.0,0.0,5.0,0.0,75.0,0.0,5.0,5.0,23.0,0.0,0.0,1.0,0.0,0.0253623188405797,0.0289855072463768,0.0072463768115942,0.0289855072463768,0.0,0.1123188405797101,0.0,0.0,0.1304347826086956,0.0,0.0760869565217391,0.0,0.0,0.0181159420289855,0.0,0.2717391304347826,0.0,0.0181159420289855,0.0181159420289855,0.0833333333333333,0.0,0.0,0.0036231884057971,0.0,1,1,1,1,1,1,1,0,1,0,1,1,0,0,0,1,0,1,0,0,0,1,0,0,0,0,0,0,0,0,0,1,0,0,0,0,0,0,0,0,0,0,0,0,0,0,0,0,0,0,0,0,1,0,0,0,0,0,0,0,0,0,0,0,0,0
6,1670,295,43,3183,17,24.0,1.0,0.0,0.0,0.0,39.0,23.0,5.0,0.0,0.0,33.0,0.0,11.0,5.0,4.0,68.0,0.0,6.0,5.0,4.0,0.0,19.0,0.0,0.0,0.0653950953678474,0.0027247956403269,0.0,0.0,0.0,0.106267029972752,0.0626702997275204,0.0136239782016348,0.0,0.0,0.0899182561307901,0.0,0.0299727520435967,0.0136239782016348,0.0108991825613079,0.1852861035422343,0.0,0.0163487738419618,0.0136239782016348,0.0108991825613079,0.0,0.0517711171662125,0.0,0.0,1,1,1,1,1,1,1,1,1,1,0,1,1,0,0,0,1,0,0,1,0,0,0,0,0,0,0,0,0,0,0,0,0,0,0,1,0,0,0,0,0,0,0,0,0,0,0,0,0,0,0,0,0,0,0,0,0,0,0,0,0,0,0,0,1,0
2,2323,281,20,3063,21,0.0,5.0,0.0,27.0,0.0,12.0,0.0,0.0,0.0,55.0,22.0,0.0,9.0,4.0,5.0,76.0,0.0,0.0,26.0,9.0,0.0,2.0,1.0,0.0,0.0,0.0196850393700787,0.0,0.1062992125984252,0.0,0.0472440944881889,0.0,0.0,0.0,0.2165354330708661,0.0866141732283464,0.0,0.0354330708661417,0.0157480314960629,0.0196850393700787,0.2992125984251969,0.0,0.0,0.1023622047244094,0.0354330708661417,0.0,0.0078740157480314,0.0039370078740157,0.0,1,1,1,1,0,1,1,0,0,1,1,1,1,0,1,1,1,0,0,0,0,0,0,0,0,0,0,0,1,0,0,0,0,0,0,0,0,0,0,0,0,0,0,0,0,0,0,0,0,0,0,0,0,0,0,0,0,0,0,0,0,0,0,0,1,0
8,1829,226,31,2609,16,50.0,6.0,0.0,4.0,0.0,28.0,9.0,0.0,0.0,0.0,33.0,0.0,5.0,8.0,5.0,0.0,0.0,4.0,23.0,10.0,29.0,1.0,8.0,1.0,0.2212389380530973,0.0265486725663716,0.0,0.0176991150442477,0.0,0.1238938053097345,0.0398230088495575,0.0,0.0,0.0,0.1460176991150442,0.0,0.0221238938053097,0.0353982300884955,0.0221238938053097,0.0,0.0,0.0176991150442477,0.1017699115044247,0.0442477876106194,0.1283185840707964,0.0044247787610619,0.0353982300884955,0.0044247787610619,0,1,1,1,1,1,1,1,1,1,1,1,1,1,0,1,1,0,0,0,1,0,0,0,0,0,0,0,1,0,0,0,0,0,0,0,0,0,0,0,0,0,0,0,0,0,0,0,0,0,0,0,0,1,0,0,0,0,0,0,0,0,0,0,0,0
9,2860,501,54,4965,30,44.0,39.0,4.0,30.0,0.0,87.0,22.0,0.0,0.0,0.0,89.0,0.0,0.0,30.0,9.0,0.0,0.0,28.0,34.0,7.0,0.0,0.0,4.0,0.0,0.1692307692307692,0.15,0.0153846153846153,0.1153846153846153,0.0,0.3346153846153846,0.0846153846153846,0.0,0.0,0.0,0.3423076923076923,0.0,0.0,0.1153846153846153,0.0346153846153846,0.0,0.0,0.1076923076923077,0.1307692307692307,0.0269230769230769,0.0,0.0,0.0153846153846153,0.0,0,1,1,1,1,1,1,1,1,0,1,1,0,0,0,1,1,0,0,0,0,1,0,0,0,0,0,0,0,0,0,0,0,1,0,0,0,0,0,0,0,0,0,0,0,0,1,0,0,0,0,0,0,0,0,0,0,0,0,0,0,0,0,0,0,0
5,1863,309,55,2885,21,16.0,3.0,1.0,0.0,0.0,17.0,0.0,0.0,0.0,0.0,35.0,0.0,1.0,10.0,0.0,78.0,0.0,1.0,65.0,2.0,0.0,11.0,4.0,0.0,0.0384615384615384,0.0072115384615384,0.0024038461538461,0.0,0.0,0.0408653846153846,0.0,0.0,0.0,0.0,0.0841346153846153,0.0,0.0024038461538461,0.0240384615384615,0.0,0.1875,0.0,0.0024038461538461,0.15625,0.0048076923076923,0.0,0.0264423076923076,0.0096153846153846,0.0,1,1,1,1,1,1,1,0,1,1,0,1,1,0,0,1,0,0,0,0,0,1,0,0,0,0,0,0,1,0,0,0,0,0,0,0,0,0,0,0,0,0,0,0,0,0,0,0,0,0,0,0,0,0,0,0,0,0,0,0,0,1,0,0,0,0
1,3706,229,27,2757,15,0.0,1.0,0.0,0.0,0.0,29.0,0.0,0.0,0.0,12.0,36.0,0.0,0.0,1.0,0.0,81.0,0.0,3.0,41.0,2.0,0.0,8.0,5.0,0.0,0.0,0.0043668122270742,0.0,0.0,0.0,0.1266375545851528,0.0,0.0,0.0,0.0524017467248908,0.1572052401746725,0.0,0.0,0.0043668122270742,0.0,0.3537117903930131,0.0,0.0131004366812227,0.1790393013100436,0.0087336244541484,0.0,0.0349344978165938,0.0218340611353711,0.0,1,1,1,1,0,1,1,0,1,1,0,1,0,0,1,1,0,0,0,0,0,0,0,0,0,0,0,0,0,0,0,0,1,0,0,0,0,0,0,0,0,0,0,0,1,1,0,0,0,0,0,0,0,0,0,0,0,0,0,0,0,0,0,0,0,0
5,1864,267,37,2638,18,14.0,6.0,1.0,0.0,0.0,12.0,0.0,0.0,0.0,0.0,26.0,0.0,6.0,13.0,2.0,88.0,0.0,12.0,38.0,3.0,0.0,0.0,7.0,1.0,0.0534351145038167,0.0229007633587786,0.0038167938931297,0.0,0.0,0.0458015267175572,0.0,0.0,0.0,0.0,0.099236641221374,0.0,0.0229007633587786,0.049618320610687,0.0076335877862595,0.3358778625954198,0.0,0.0458015267175572,0.1450381679389313,0.0114503816793893,0.0,0.0,0.0267175572519083,0.0038167938931297,1,1,1,1,1,1,1,0,1,0,0,1,1,1,0,1,1,0,0,0,0,1,0,0,0,0,0,0,0,0,1,0,0,0,0,0,0,0,0,0,0,0,0,0,0,0,0,0,1,0,0,0,0,0,0,0,0,0,0,0,0,0,0,0,0,0
3,3010,508,102,5151,19,22.0,6.0,3.0,0.0,45.0,60.0,0.0,0.0,0.0,43.0,65.0,40.0,3.0,17.0,6.0,118.0,0.0,11.0,46.0,4.0,0.0,4.0,7.0,0.0,0.1189189189189189,0.0324324324324324,0.0162162162162162,0.0,0.2432432432432432,0.3243243243243243,0.0,0.0,0.0,0.2324324324324324,0.3513513513513513,0.2162162162162162,0.0162162162162162,0.0918918918918919,0.0324324324324324,0.6378378378378379,0.0,0.0594594594594594,0.2486486486486486,0.0216216216216216,0.0,0.0216216216216216,0.0378378378378378,0.0,1,1,1,1,1,1,1,0,1,1,0,1,1,0,1,1,1,0,0,0,0,1,1,1,1,0,1,0,0,0,0,0,0,0,0,0,0,0,0,0,0,0,0,0,0,1,0,0,0,0,0,0,0,0,0,0,0,0,0,0,0,0,0,0,0,1
7,2040,494,166,6076,34,26.0,11.0,17.0,27.0,0.0,44.0,23.0,30.0,0.0,0.0,90.0,0.0,17.0,14.0,6.0,0.0,9.0,22.0,32.0,20.0,12.0,11.0,4.0,13.0,0.0830670926517571,0.0351437699680511,0.0543130990415335,0.0862619808306709,0.0,0.1405750798722044,0.0734824281150159,0.0958466453674121,0.0,0.0,0.2875399361022364,0.0,0.0543130990415335,0.0447284345047923,0.0191693290734824,0.0,0.0287539936102236,0.0702875399361022,0.1022364217252396,0.0638977635782747,0.0383386581469648,0.0351437699680511,0.0127795527156549,0.0415335463258785,0,1,1,1,1,1,1,1,1,1,1,1,1,1,0,1,1,0,1,1,1,1,0,0,1,0,0,0,0,0,0,0,0,0,0,0,0,0,0,0,0,0,0,0,0,0,0,0,0,0,0,0,0,0,0,0,0,1,0,0,0,0,0,0,0,1
8,1488,237,44,2628,23,36.0,1.0,1.0,10.0,0.0,34.0,5.0,21.0,0.0,0.0,17.0,0.0,2.0,15.0,6.0,0.0,0.0,17.0,0.0,3.0,16.0,6.0,4.0,0.0,0.125,0.0034722222222222,0.0034722222222222,0.0347222222222222,0.0,0.1180555555555555,0.0173611111111111,0.0729166666666666,0.0,0.0,0.0590277777777777,0.0,0.0069444444444444,0.0520833333333333,0.0208333333333333,0.0,0.0,0.0590277777777777,0.0,0.0104166666666666,0.0555555555555555,0.0208333333333333,0.0138888888888888,0.0,0,1,1,0,1,1,1,1,1,1,1,1,1,0,0,1,1,0,0,1,1,1,0,0,0,0,0,0,0,0,0,0,0,0,0,0,0,0,0,0,0,0,1,0,0,0,0,0,0,0,0,0,0,1,0,0,0,0,0,0,0,0,0,0,0,0
9,1477,296,95,2908,20,33.0,7.0,4.0,11.0,0.0,31.0,31.0,0.0,0.0,0.0,39.0,0.0,0.0,10.0,1.0,0.0,31.0,5.0,34.0,1.0,0.0,0.0,1.0,5.0,0.1166077738515901,0.0247349823321554,0.0141342756183745,0.03886925795053,0.0,0.1095406360424028,0.1095406360424028,0.0,0.0,0.0,0.1378091872791519,0.0,0.0,0.0353356890459364,0.0035335689045936,0.0,0.1095406360424028,0.0176678445229682,0.1201413427561837,0.0035335689045936,0.0,0.0,0.0035335689045936,0.0176678445229682,0,1,1,1,1,1,1,1,1,0,1,1,0,1,0,1,1,0,1,0,0,1,0,0,0,0,0,0,0,0,0,0,0,0,0,0,0,0,0,1,0,0,0,0,0,0,0,0,0,0,0,0,0,0,0,0,0,0,0,1,0,0,0,0,0,0
6,2016,247,55,3038,18,24.0,6.0,2.0,0.0,4.0,30.0,15.0,0.0,0.0,0.0,47.0,0.0,1.0,11.0,4.0,67.0,0.0,8.0,12.0,5.0,0.0,1.0,6.0,0.0,0.0895522388059701,0.0223880597014925,0.0074626865671641,0.0,0.0149253731343283,0.1119402985074626,0.0559701492537313,0.0,0.0,0.0,0.1753731343283582,0.0,0.003731343283582,0.0410447761194029,0.0149253731343283,0.25,0.0,0.0298507462686567,0.044776119402985,0.0186567164179104,0.0,0.003731343283582,0.0223880597014925,0.0,1,1,1,1,1,1,1,1,1,1,0,1,1,0,0,1,1,0,0,0,0,1,1,0,0,0,0,0,0,0,0,0,0,0,0,0,0,0,1,0,0,0,0,0,0,0,0,0,0,0,0,0,0,0,0,1,0,0,0,0,0,0,0,0,0,0
3,2373,191,23,2419,17,17.0,10.0,2.0,0.0,0.0,4.0,0.0,0.0,0.0,7.0,31.0,10.0,0.0,13.0,1.0,54.0,0.0,0.0,16.0,1.0,0.0,3.0,2.0,4.0,0.0334645669291338,0.0196850393700787,0.0039370078740157,0.0,0.0,0.0078740157480314,0.0,0.0,0.0,0.0137795275590551,0.0610236220472441,0.0196850393700787,0.0,0.0255905511811023,0.0019685039370078,0.1062992125984252,0.0,0.0,0.0314960629921259,0.0019685039370078,0.0,0.0059055118110236,0.0039370078740157,0.0078740157480314,1,1,1,1,1,1,1,0,0,1,0,1,0,1,1,1,1,0,0,0,0,1,0,1,0,0,0,0,0,0,0,0,0,0,0,0,0,0,0,0,0,0,0,0,1,0,0,0,0,0,0,0,0,0,0,0,0,1,0,0,0,0,0,0,0,0
3,2254,262,16,2519,18,5.0,4.0,0.0,0.0,0.0,45.0,0.0,0.0,0.0,7.0,45.0,10.0,6.0,3.0,0.0,33.0,0.0,0.0,52.0,2.0,0.0,36.0,6.0,1.0,0.0172413793103448,0.0137931034482758,0.0,0.0,0.0,0.1551724137931034,0.0,0.0,0.0,0.0241379310344827,0.1551724137931034,0.0344827586206896,0.0206896551724137,0.0103448275862068,0.0,0.1137931034482758,0.0,0.0,0.1793103448275862,0.0068965517241379,0.0,0.1241379310344827,0.0206896551724137,0.0034482758620689,1,1,1,1,1,1,1,0,0,1,0,1,1,1,1,1,0,0,0,0,0,0,0,1,0,0,0,0,1,0,0,0,0,0,0,0,0,0,0,0,0,0,0,0,0,0,0,1,0,0,0,0,0,0,0,0,0,0,0,0,0,0,0,0,0,0
9,1508,283,39,2999,33,0.0,6.0,2.0,24.0,0.0,44.0,18.0,0.0,0.0,0.0,37.0,0.0,0.0,10.0,2.0,0.0,24.0,8.0,48.0,3.0,0.0,0.0,1.0,7.0,0.0,0.01875,0.00625,0.075,0.0,0.1375,0.05625,0.0,0.0,0.0,0.115625,0.0,0.0,0.03125,0.00625,0.0,0.075,0.025,0.15,0.009375,0.0,0.0,0.003125,0.021875,0,1,1,1,0,1,1,1,1,0,1,1,0,1,0,1,1,0,1,0,0,1,0,0,0,0,0,0,0,0,0,0,0,0,0,0,0,0,0,0,0,0,0,0,1,0,0,0,0,0,0,0,0,0,0,0,0,0,0,0,0,0,0,0,1,0
2,2713,319,34,2766,16,0.0,17.0,0.0,0.0,0.0,65.0,0.0,0.0,0.0,0.0,51.0,0.0,4.0,5.0,4.0,69.0,0.0,4.0,22.0,6.0,0.0,40.0,5.0,0.0,0.0,0.0825242718446602,0.0,0.0,0.0,0.3155339805825243,0.0,0.0,0.0,0.0,0.2475728155339805,0.0,0.0194174757281553,0.0242718446601941,0.0194174757281553,0.3349514563106796,0.0,0.0194174757281553,0.1067961165048543,0.029126213592233,0.0,0.1941747572815534,0.0242718446601941,0.0,1,1,1,1,0,1,1,0,1,1,0,1,1,0,0,1,1,0,0,0,0,0,0,0,0,0,0,0,1,0,0,0,0,0,0,0,0,0,0,0,0,0,0,0,0,1,0,0,0,0,0,0,0,0,0,0,0,0,0,0,0,0,0,0,0,0
3,2783,281,55,3469,18,18.0,8.0,2.0,0.0,9.0,38.0,0.0,0.0,0.0,0.0,22.0,9.0,9.0,5.0,2.0,105.0,0.0,5.0,23.0,1.0,0.0,3.0,12.0,4.0,0.1,0.0444444444444444,0.0111111111111111,0.0,0.05,0.2111111111111111,0.0,0.0,0.0,0.0,0.1222222222222222,0.05,0.05,0.0277777777777777,0.0111111111111111,0.5833333333333334,0.0,0.0277777777777777,0.1277777777777777,0.0055555555555555,0.0,0.0166666666666666,0.0666666666666666,0.0222222222222222,1,1,1,1,1,1,1,0,1,1,0,1,1,1,0,1,1,0,0,0,0,1,1,1,0,0,0,1,0,0,0,0,1,0,0,0,0,0,0,0,0,0,0,0,0,0,0,0,0,1,0,0,0,0,0,0,0,0,0,0,0,0,0,0,0,0
6,1873,359,45,2766,24,35.0,17.0,1.0,10.0,0.0,34.0,16.0,0.0,0.0,0.0,33.0,0.0,4.0,7.0,1.0,74.0,0.0,20.0,31.0,6.0,0.0,5.0,1.0,0.0,0.2671755725190839,0.1297709923664122,0.0076335877862595,0.0763358778625954,0.0,0.2595419847328244,0.1221374045801526,0.0,0.0,0.0,0.2519083969465648,0.0,0.0305343511450381,0.0534351145038167,0.0076335877862595,0.5648854961832062,0.0,0.1526717557251908,0.2366412213740458,0.0458015267175572,0.0,0.0381679389312977,0.0076335877862595,0.0,1,1,1,1,1,1,1,1,1,1,1,1,1,0,0,1,1,0,0,0,0,1,0,0,0,0,0,0,1,0,0,0,0,0,0,0,0,0,0,0,0,0,0,0,0,0,0,0,0,0,0,0,0,0,0,0,0,0,0,1,0,0,0,0,0,0
6,1625,245,34,3209,23,17.0,4.0,2.0,6.0,0.0,19.0,4.0,5.0,0.0,0.0,13.0,0.0,5.0,7.0,0.0,67.0,0.0,2.0,17.0,5.0,0.0,2.0,2.0,7.0,0.0604982206405693,0.0142348754448398,0.0071174377224199,0.0213523131672597,0.0,0.0676156583629893,0.0142348754448398,0.0177935943060498,0.0,0.0,0.0462633451957295,0.0,0.0177935943060498,0.0249110320284697,0.0,0.2384341637010676,0.0,0.0071174377224199,0.0604982206405693,0.0177935943060498,0.0,0.0071174377224199,0.0071174377224199,0.0249110320284697,1,1,1,1,1,1,1,1,1,1,1,1,1,1,0,1,0,0,0,1,0,1,0,0,0,0,0,0,0,0,0,0,0,0,0,0,1,1,0,0,0,0,0,0,0,0,0,0,1,0,0,0,0,0,0,0,0,0,0,0,0,0,0,0,0,0
2,2679,223,11,2534,16,0.0,1.0,0.0,3.0,0.0,22.0,0.0,0.0,0.0,0.0,29.0,0.0,4.0,0.0,3.0,75.0,0.0,1.0,17.0,4.0,0.0,2.0,8.0,0.0,0.0,0.0035587188612099,0.0,0.0106761565836298,0.0,0.0782918149466192,0.0,0.0,0.0,0.0,0.1032028469750889,0.0,0.0142348754448398,0.0,0.0106761565836298,0.2669039145907473,0.0,0.0035587188612099,0.0604982206405693,0.0142348754448398,0.0,0.0071174377224199,0.0284697508896797,0.0,1,1,1,1,0,1,0,0,1,1,1,1,1,0,0,1,1,0,0,0,0,0,0,0,0,0,0,0,0,0,0,0,1,0,0,0,0,0,0,0,0,0,0,0,0,1,0,0,0,0,0,0,0,0,0,0,0,0,0,0,0,0,0,0,0,0
7,1633,278,81,2884,19,27.0,9.0,4.0,0.0,0.0,26.0,42.0,18.0,0.0,0.0,18.0,0.0,13.0,9.0,0.0,56.0,0.0,7.0,23.0,12.0,0.0,3.0,1.0,0.0,0.1050583657587548,0.0350194552529182,0.0155642023346303,0.0,0.0,0.1011673151750972,0.1634241245136186,0.0700389105058365,0.0,0.0,0.0700389105058365,0.0,0.0505836575875486,0.0350194552529182,0.0,0.2178988326848249,0.0,0.0272373540856031,0.0894941634241245,0.046692607003891,0.0,0.0116731517509727,0.0038910505836575,0.0,1,1,1,1,1,1,1,1,1,1,0,1,1,0,0,1,0,0,0,1,0,1,0,0,0,0,0,0,0,0,0,0,0,0,0,0,0,0,0,0,0,0,0,0,1,0,0,0,0,0,0,1,0,0,0,0,0,0,0,0,0,0,0,0,0,0
3,2541,480,142,4672,29,28.0,37.0,3.0,3.0,0.0,61.0,0.0,0.0,0.0,0.0,44.0,34.0,5.0,14.0,3.0,108.0,0.0,1.0,57.0,12.0,0.0,8.0,3.0,8.0,0.0936454849498327,0.1237458193979933,0.0100334448160535,0.0100334448160535,0.0,0.2040133779264214,0.0,0.0,0.0,0.0,0.1471571906354515,0.1137123745819397,0.0167224080267558,0.0468227424749163,0.0100334448160535,0.3612040133779264,0.0,0.0033444816053511,0.1906354515050167,0.040133779264214,0.0,0.0267558528428093,0.0100334448160535,0.0267558528428093,1,1,1,1,1,1,1,0,1,1,1,1,1,1,0,1,1,0,0,0,0,1,0,1,0,0,0,1,0,0,0,0,0,0,0,0,0,0,0,0,0,0,0,0,0,0,0,0,0,1,0,0,0,0,0,0,0,0,0,0,0,0,0,0,0,1
8,1553,278,49,2979,16,57.0,2.0,2.0,24.0,0.0,48.0,7.0,2.0,0.0,0.0,26.0,0.0,1.0,2.0,0.0,0.0,0.0,11.0,0.0,3.0,38.0,3.0,0.0,3.0,0.1932203389830508,0.0067796610169491,0.0067796610169491,0.0813559322033898,0.0,0.1627118644067796,0.023728813559322,0.0067796610169491,0.0,0.0,0.0881355932203389,0.0,0.0033898305084745,0.0067796610169491,0.0,0.0,0.0,0.0372881355932203,0.0,0.0101694915254237,0.1288135593220339,0.0101694915254237,0.0,0.0101694915254237,0,1,1,0,1,1,1,1,1,1,1,1,1,1,0,0,0,0,0,1,1,1,0,0,0,0,0,0,0,0,0,0,0,0,0,0,0,0,0,0,0,0,0,0,1,0,0,0,0,0,0,0,0,0,0,0,0,0,0,0,0,0,0,0,1,0
8,1717,241,29,2617,23,61.0,7.0,0.0,9.0,0.0,26.0,5.0,4.0,0.0,0.0,22.0,0.0,3.0,4.0,5.0,0.0,0.0,9.0,10.0,3.0,18.0,7.0,1.0,6.0,0.2337164750957854,0.0268199233716475,0.0,0.0344827586206896,0.0,0.0996168582375478,0.0191570881226053,0.0153256704980842,0.0,0.0,0.0842911877394636,0.0,0.0114942528735632,0.0153256704980842,0.0191570881226053,0.0,0.0,0.0344827586206896,0.0383141762452107,0.0114942528735632,0.0689655172413793,0.0268199233716475,0.003831417624521,0.0229885057471264,0,1,1,1,1,1,1,1,1,1,1,1,1,1,0,1,1,0,0,1,1,0,0,0,0,0,0,0,0,1,0,0,0,0,0,0,0,0,0,0,0,0,0,0,0,0,1,0,0,0,0,0,0,0,0,0,0,0,0,0,0,0,0,0,0,0
1,2886,243,24,2939,14,0.0,7.0,0.0,0.0,0.0,47.0,0.0,0.0,0.0,0.0,49.0,0.0,0.0,3.0,10.0,68.0,0.0,14.0,22.0,5.0,0.0,4.0,2.0,4.0,0.0,0.0288065843621399,0.0,0.0,0.0,0.1934156378600823,0.0,0.0,0.0,0.0,0.2016460905349794,0.0,0.0,0.0123456790123456,0.0411522633744856,0.279835390946502,0.0,0.0576131687242798,0.0905349794238683,0.0205761316872428,0.0,0.0164609053497942,0.0082304526748971,0.0164609053497942,1,1,1,1,0,1,1,0,1,1,0,1,0,1,0,1,1,0,0,0,0,0,0,0,0,0,1,0,0,0,0,0,0,0,0,0,0,0,0,0,0,0,0,0,0,0,0,0,0,0,0,0,0,0,0,0,0,0,0,0,0,0,0,0,1,0
4,2826,487,68,5243,22,7.0,48.0,9.0,5.0,0.0,54.0,0.0,0.0,0.0,7.0,50.0,0.0,6.0,18.0,19.0,130.0,0.0,9.0,81.0,4.0,0.0,8.0,9.0,9.0,0.0143737166324435,0.0985626283367556,0.0184804928131416,0.0102669404517453,0.0,0.1108829568788501,0.0,0.0,0.0,0.0143737166324435,0.1026694045174538,0.0,0.0123203285420944,0.0369609856262833,0.0390143737166324,0.2669404517453799,0.0,0.0184804928131416,0.1663244353182751,0.0082135523613963,0.0,0.0164271047227926,0.0184804928131416,0.0184804928131416,1,1,1,1,1,1,1,0,1,1,1,1,1,1,1,1,1,0,0,0,0,1,0,0,0,0,0,0,0,0,0,0,1,0,0,0,0,0,0,0,0,0,0,0,0,0,0,0,0,0,0,0,0,0,0,1,0,0,0,0,0,0,0,0,0,1
6,1609,281,78,2846,18,15.0,6.0,0.0,9.0,0.0,43.0,7.0,7.0,0.0,0.0,51.0,0.0,8.0,8.0,3.0,85.0,0.0,1.0,3.0,18.0,0.0,3.0,11.0,2.0,0.0449101796407185,0.0179640718562874,0.0,0.0269461077844311,0.0,0.1287425149700598,0.0209580838323353,0.0209580838323353,0.0,0.0,0.1526946107784431,0.0,0.0239520958083832,0.0239520958083832,0.0089820359281437,0.2544910179640718,0.0,0.0029940119760479,0.0089820359281437,0.0538922155688622,0.0,0.0089820359281437,0.0329341317365269,0.0059880239520958,1,1,1,1,1,1,1,1,1,1,1,1,1,1,0,1,1,0,0,1,0,0,0,0,0,0,0,0,0,0,0,0,0,1,0,0,0,0,0,0,0,0,0,0,0,0,0,0,0,0,0,0,0,0,0,0,1,0,0,0,0,0,0,0,0,0
6,1844,334,70,2962,24,16.0,6.0,2.0,0.0,19.0,37.0,11.0,0.0,0.0,0.0,39.0,0.0,3.0,13.0,3.0,95.0,0.0,13.0,16.0,27.0,0.0,8.0,5.0,6.0,0.0453257790368272,0.0169971671388102,0.0056657223796034,0.0,0.0538243626062322,0.1048158640226629,0.0311614730878186,0.0,0.0,0.0,0.1104815864022662,0.0,0.0084985835694051,0.036827195467422,0.0084985835694051,0.2691218130311614,0.0,0.036827195467422,0.0453257790368272,0.0764872521246459,0.0,0.0226628895184136,0.0141643059490084,0.0169971671388102,1,1,1,1,1,1,1,1,1,1,0,1,1,1,0,1,1,0,0,0,0,1,1,0,0,0,0,0,0,0,0,0,0,0,0,1,0,0,0,0,0,0,0,0,0,0,0,1,0,0,0,0,0,0,0,0,0,0,0,0,0,0,0,0,0,0
2,2337,248,47,2331,19,0.0,12.0,0.0,0.0,0.0,43.0,0.0,0.0,0.0,5.0,22.0,0.0,4.0,14.0,1.0,87.0,0.0,7.0,26.0,2.0,0.0,3.0,3.0,8.0,0.0,0.0538116591928251,0.0,0.0,0.0,0.1928251121076233,0.0,0.0,0.0,0.0224215246636771,0.0986547085201793,0.0,0.0179372197309417,0.0627802690582959,0.0044843049327354,0.3901345291479821,0.0,0.0313901345291479,0.116591928251121,0.0089686098654708,0.0,0.0134529147982062,0.0134529147982062,0.0358744394618834,1,1,1,1,0,1,1,0,1,1,0,1,1,1,1,1,1,0,0,0,0,0,0,0,0,1,0,0,0,0,0,0,0,0,1,0,0,0,0,0,0,0,0,0,0,0,0,0,0,0,0,0,0,0,0,0,0,0,0,0,0,0,0,0,1,0
3,2311,236,52,2737,19,4.0,6.0,6.0,0.0,0.0,36.0,0.0,0.0,0.0,12.0,15.0,15.0,5.0,2.0,1.0,83.0,0.0,0.0,25.0,3.0,0.0,6.0,5.0,3.0,0.0112676056338028,0.0169014084507042,0.0169014084507042,0.0,0.0,0.1014084507042253,0.0,0.0,0.0,0.0338028169014084,0.0422535211267605,0.0422535211267605,0.0140845070422535,0.0056338028169014,0.0028169014084507,0.2338028169014084,0.0,0.0,0.0704225352112676,0.0084507042253521,0.0,0.0169014084507042,0.0140845070422535,0.0084507042253521,1,1,1,1,1,1,1,0,0,1,0,1,1,1,1,1,1,0,0,0,0,1,0,1,0,0,0,1,0,0,0,0,0,0,0,0,0,0,0,0,0,0,0,0,0,0,0,0,0,0,0,0,0,0,0,0,0,0,0,0,0,0,0,0,1,0
2,2342,261,67,2758,21,0.0,2.0,9.0,3.0,0.0,25.0,0.0,0.0,0.0,0.0,27.0,0.0,10.0,7.0,0.0,101.0,0.0,5.0,28.0,1.0,0.0,13.0,2.0,1.0,0.0,0.0074626865671641,0.0335820895522388,0.0111940298507462,0.0,0.0932835820895522,0.0,0.0,0.0,0.0,0.1007462686567164,0.0,0.0373134328358208,0.0261194029850746,0.0,0.376865671641791,0.0,0.0186567164179104,0.1044776119402985,0.003731343283582,0.0,0.0485074626865671,0.0074626865671641,0.003731343283582,1,1,1,1,0,1,1,0,1,1,1,1,1,1,0,1,0,0,0,0,0,1,0,0,1,0,0,0,0,0,0,0,0,0,0,0,0,0,0,0,0,0,0,0,0,0,0,0,0,0,0,0,0,0,0,0,0,0,0,0,0,0,0,0,1,0
4,4095,282,51,2805,15,10.0,12.0,0.0,0.0,0.0,16.0,0.0,0.0,0.0,73.0,38.0,0.0,0.0,0.0,0.0,89.0,0.0,0.0,28.0,1.0,0.0,0.0,1.0,0.0,0.048076923076923,0.0576923076923076,0.0,0.0,0.0,0.0769230769230769,0.0,0.0,0.0,0.3509615384615384,0.1826923076923076,0.0,0.0,0.0,0.0,0.4278846153846153,0.0,0.0,0.1346153846153846,0.0048076923076923,0.0,0.0,0.0048076923076923,0.0,1,1,1,1,1,1,0,0,0,0,0,1,0,0,1,1,0,0,0,0,0,0,0,0,0,1,0,0,0,0,0,0,0,0,1,0,0,0,0,0,0,0,0,0,0,0,0,0,0,0,0,0,0,0,0,0,0,0,0,0,0,1,0,0,0,0
8,1563,321,37,2822,22,43.0,0.0,2.0,23.0,0.0,55.0,13.0,2.0,0.0,0.0,40.0,0.0,6.0,15.0,0.0,0.0,0.0,4.0,65.0,2.0,10.0,6.0,0.0,4.0,0.1799163179916318,0.0,0.00836820083682,0.0962343096234309,0.0,0.2301255230125523,0.0543933054393305,0.00836820083682,0.0,0.0,0.1673640167364016,0.0,0.0251046025104602,0.0627615062761506,0.0,0.0,0.0,0.0167364016736401,0.2719665271966527,0.00836820083682,0.0418410041841004,0.0251046025104602,0.0,0.0167364016736401,0,1,1,1,1,0,1,1,1,1,1,1,1,1,0,0,0,0,0,1,1,1,0,0,0,0,0,0,0,0,0,0,0,0,0,0,0,0,0,1,0,0,0,0,0,0,0,0,0,0,0,0,0,0,0,0,0,0,0,1,0,0,0,0,0,0
5,1954,262,58,2464,23,5.0,3.0,1.0,0.0,9.0,73.0,0.0,0.0,0.0,0.0,14.0,0.0,2.0,14.0,2.0,90.0,0.0,3.0,5.0,4.0,0.0,0.0,5.0,0.0,0.0169491525423728,0.0101694915254237,0.0033898305084745,0.0,0.0305084745762711,0.247457627118644,0.0,0.0,0.0,0.0,0.047457627118644,0.0,0.0067796610169491,0.047457627118644,0.0067796610169491,0.3050847457627119,0.0,0.0101694915254237,0.0169491525423728,0.0135593220338983,0.0,0.0,0.0169491525423728,0.0,1,1,1,1,1,1,1,0,1,0,0,1,1,0,0,1,1,0,0,0,0,1,1,0,0,0,0,0,1,0,0,0,0,0,0,0,0,0,0,0,0,0,0,0,0,0,0,0,0,0,0,0,0,0,0,0,0,0,0,0,0,0,0,0,1,0
6,2127,332,124,2997,21,38.0,5.0,6.0,0.0,0.0,20.0,7.0,0.0,0.0,0.0,42.0,0.0,9.0,14.0,4.0,95.0,0.0,10.0,27.0,7.0,0.0,1.0,12.0,1.0,0.1144578313253012,0.0150602409638554,0.0180722891566265,0.0,0.0,0.0602409638554216,0.0210843373493975,0.0,0.0,0.0,0.1265060240963855,0.0,0.0271084337349397,0.0421686746987951,0.0120481927710843,0.286144578313253,0.0,0.0301204819277108,0.0813253012048192,0.0210843373493975,0.0,0.003012048192771,0.036144578313253,0.003012048192771,1,1,1,1,1,1,1,1,1,1,0,1,1,1,0,1,1,0,0,0,0,1,0,0,1,0,0,0,0,0,0,0,0,0,0,0,0,0,0,0,0,0,0,0,0,0,0,0,1,0,0,0,0,0,0,0,0,0,0,0,0,0,0,0,0,0
3,2320,213,28,2108,26,14.0,10.0,1.0,0.0,0.0,6.0,0.0,0.0,0.0,0.0,19.0,14.0,15.0,6.0,2.0,56.0,0.0,0.0,23.0,2.0,0.0,7.0,1.0,2.0,0.0544747081712062,0.0389105058365758,0.0038910505836575,0.0,0.0,0.0233463035019455,0.0,0.0,0.0,0.0,0.0739299610894941,0.0544747081712062,0.0583657587548638,0.0233463035019455,0.0077821011673151,0.2178988326848249,0.0,0.0,0.0894941634241245,0.0077821011673151,0.0,0.0272373540856031,0.0038910505836575,0.0077821011673151,1,1,1,1,1,1,1,0,0,1,0,1,1,1,0,1,1,0,0,0,0,1,0,1,0,0,0,0,0,0,0,0,0,0,0,1,0,0,0,0,0,0,0,0,0,0,0,0,0,0,0,0,0,0,0,0,0,0,0,0,0,0,0,0,1,0
9,1482,234,48,2564,27,39.0,16.0,1.0,10.0,0.0,21.0,16.0,0.0,0.0,0.0,17.0,0.0,0.0,10.0,0.0,0.0,20.0,2.0,22.0,0.0,2.0,0.0,2.0,7.0,0.1397849462365591,0.057347670250896,0.003584229390681,0.03584229390681,0.0,0.075268817204301,0.057347670250896,0.0,0.0,0.0,0.060931899641577,0.0,0.0,0.03584229390681,0.0,0.0,0.07168458781362,0.007168458781362,0.078853046594982,0.0,0.007168458781362,0.0,0.007168458781362,0.025089605734767,0,1,1,1,1,1,1,1,1,0,1,0,0,1,0,1,0,0,1,0,1,1,0,0,0,0,0,0,0,0,0,0,0,0,0,0,1,1,0,0,0,0,0,0,0,0,0,0,0,0,0,0,0,0,0,0,0,0,0,0,0,0,0,0,1,0
3,2316,264,18,2813,20,29.0,17.0,0.0,0.0,0.0,33.0,0.0,0.0,0.0,1.0,39.0,16.0,2.0,7.0,0.0,48.0,0.0,0.0,26.0,10.0,0.0,8.0,8.0,0.0,0.1228813559322034,0.0720338983050847,0.0,0.0,0.0,0.1398305084745762,0.0,0.0,0.0,0.0042372881355932,0.1652542372881356,0.0677966101694915,0.0084745762711864,0.0296610169491525,0.0,0.2033898305084746,0.0,0.0,0.1101694915254237,0.0423728813559322,0.0,0.0338983050847457,0.0338983050847457,0.0,1,1,1,1,1,1,1,0,0,1,0,1,1,0,1,1,0,0,0,0,0,0,0,1,0,1,1,0,0,0,0,0,0,0,1,0,0,0,0,0,0,0,0,0,0,0,0,0,0,0,0,0,0,0,0,1,0,0,0,0,0,0,0,0,0,0
3,3087,141,30,2213,18,5.0,4.0,1.0,0.0,0.0,18.0,0.0,0.0,0.0,7.0,11.0,1.0,1.0,1.0,0.0,51.0,0.0,16.0,6.0,3.0,0.0,1.0,1.0,9.0,0.0354609929078014,0.0283687943262411,0.0070921985815602,0.0,0.0,0.1276595744680851,0.0,0.0,0.0,0.0496453900709219,0.0780141843971631,0.0070921985815602,0.0070921985815602,0.0070921985815602,0.0,0.3617021276595745,0.0,0.1134751773049645,0.0425531914893617,0.0212765957446808,0.0,0.0070921985815602,0.0070921985815602,0.0638297872340425,1,1,1,1,1,1,1,0,1,1,0,1,1,1,1,1,0,0,0,0,0,1,0,1,0,0,0,0,0,0,0,0,1,0,0,0,0,0,0,0,0,0,0,0,0,1,0,0,0,0,0,0,0,0,0,0,0,0,0,0,0,0,0,0,0,0
5,2509,288,21,2790,18,3.0,2.0,0.0,0.0,36.0,25.0,1.0,0.0,0.0,0.0,30.0,0.0,2.0,1.0,0.0,76.0,0.0,0.0,33.0,1.0,0.0,24.0,1.0,0.0,0.01,0.0066666666666666,0.0,0.0,0.12,0.0833333333333333,0.0033333333333333,0.0,0.0,0.0,0.1,0.0,0.0066666666666666,0.0033333333333333,0.0,0.2533333333333333,0.0,0.0,0.11,0.0033333333333333,0.0,0.08,0.0033333333333333,0.0,1,1,1,1,1,1,1,1,0,1,0,1,1,0,0,1,0,0,0,0,0,0,1,0,0,0,0,0,0,0,0,1,0,0,0,0,0,0,0,0,0,0,0,0,0,0,0,0,0,0,0,0,0,0,0,0,0,0,0,0,1,0,0,0,0,0
9,1461,243,48,2707,17,44.0,2.0,0.0,31.0,0.0,24.0,21.0,0.0,0.0,0.0,19.0,0.0,0.0,3.0,1.0,0.0,34.0,7.0,34.0,3.0,0.0,0.0,2.0,0.0,0.2018348623853211,0.0091743119266055,0.0,0.1422018348623853,0.0,0.110091743119266,0.0963302752293578,0.0,0.0,0.0,0.0871559633027523,0.0,0.0,0.0137614678899082,0.0045871559633027,0.0,0.1559633027522936,0.0321100917431192,0.1559633027522936,0.0137614678899082,0.0,0.0,0.0091743119266055,0.0,0,1,1,1,1,1,1,1,1,0,1,1,0,0,0,1,1,0,1,0,0,0,0,0,0,0,0,0,0,0,0,0,0,0,0,0,0,0,0,0,0,0,0,0,1,0,1,0,0,0,0,0,0,0,0,0,0,0,0,0,0,0,0,0,0,0
4,3010,516,96,4960,22,7.0,14.0,7.0,2.0,0.0,37.0,0.0,0.0,68.0,24.0,59.0,0.0,4.0,23.0,4.0,159.0,0.0,1.0,42.0,16.0,0.0,5.0,1.0,37.0,0.0318181818181818,0.0636363636363636,0.0318181818181818,0.009090909090909,0.0,0.1681818181818181,0.0,0.0,0.3090909090909091,0.109090909090909,0.2681818181818182,0.0,0.0181818181818181,0.1045454545454545,0.0181818181818181,0.7227272727272728,0.0,0.0045454545454545,0.1909090909090909,0.0727272727272727,0.0,0.0227272727272727,0.0045454545454545,0.1681818181818181,1,1,1,1,1,1,1,0,1,1,1,1,1,1,1,1,1,1,0,0,0,1,0,0,1,0,0,1,0,0,0,0,0,0,0,0,0,0,0,0,0,0,0,0,0,0,0,0,0,0,0,0,0,0,0,0,0,0,0,0,0,1,0,0,0,1
3,2424,290,32,2911,20,18.0,1.0,3.0,30.0,0.0,55.0,0.0,0.0,0.0,0.0,24.0,4.0,6.0,16.0,0.0,78.0,0.0,3.0,19.0,0.0,0.0,5.0,2.0,8.0,0.0681818181818181,0.0037878787878787,0.0113636363636363,0.1136363636363636,0.0,0.2083333333333333,0.0,0.0,0.0,0.0,0.0909090909090909,0.0151515151515151,0.0227272727272727,0.0606060606060606,0.0,0.2954545454545454,0.0,0.0113636363636363,0.0719696969696969,0.0,0.0,0.0189393939393939,0.0075757575757575,0.0303030303030303,1,1,1,1,1,1,1,0,1,1,1,0,1,1,0,1,0,0,0,0,0,1,0,1,0,0,0,0,1,0,0,0,0,0,0,0,0,0,0,0,0,0,0,0,0,0,0,0,0,1,0,0,0,0,0,0,0,0,0,0,0,0,0,0,0,0
3,2403,286,72,3348,16,10.0,11.0,6.0,0.0,0.0,42.0,0.0,0.0,0.0,11.0,31.0,15.0,4.0,11.0,5.0,80.0,0.0,0.0,35.0,12.0,0.0,5.0,0.0,7.0,0.0389105058365758,0.0428015564202334,0.0233463035019455,0.0,0.0,0.1634241245136186,0.0,0.0,0.0,0.0428015564202334,0.1206225680933852,0.0583657587548638,0.0155642023346303,0.0428015564202334,0.0194552529182879,0.311284046692607,0.0,0.0,0.1361867704280155,0.046692607003891,0.0,0.0194552529182879,0.0,0.0272373540856031,1,1,1,1,1,1,1,0,0,1,0,1,1,1,1,0,1,0,0,0,0,1,0,1,0,1,0,0,0,0,0,0,0,0,1,0,0,0,0,0,0,0,0,0,0,0,0,0,0,0,0,0,0,0,0,0,0,0,1,0,0,0,0,0,0,0
9,1551,320,75,2818,19,43.0,5.0,3.0,11.0,0.0,40.0,11.0,0.0,0.0,0.0,60.0,0.0,0.0,17.0,7.0,0.0,27.0,14.0,29.0,5.0,0.0,0.0,10.0,2.0,0.1352201257861635,0.0157232704402515,0.0094339622641509,0.0345911949685534,0.0,0.1257861635220125,0.0345911949685534,0.0,0.0,0.0,0.1886792452830188,0.0,0.0,0.0534591194968553,0.0220125786163522,0.0,0.0849056603773584,0.0440251572327044,0.0911949685534591,0.0157232704402515,0.0,0.0,0.0314465408805031,0.0062893081761006,0,1,1,1,1,1,1,1,1,0,1,1,0,1,0,1,1,0,1,0,0,1,0,0,0,0,0,0,0,0,0,0,0,1,0,0,0,0,0,0,0,0,0,0,0,0,0,0,0,0,0,0,0,0,0,0,0,0,0,0,0,0,0,0,1,0
7,1650,321,62,3141,30,40.0,2.0,2.0,8.0,0.0,41.0,4.0,3.0,16.0,16.0,4.0,0.0,5.0,10.0,7.0,88.0,0.0,7.0,8.0,5.0,0.0,1.0,4.0,0.0,0.1639344262295081,0.0081967213114754,0.0081967213114754,0.0327868852459016,0.0,0.1680327868852459,0.0163934426229508,0.0122950819672131,0.0655737704918032,0.0655737704918032,0.0163934426229508,0.0,0.0204918032786885,0.040983606557377,0.0286885245901639,0.360655737704918,0.0,0.0286885245901639,0.0327868852459016,0.0204918032786885,0.0,0.0040983606557377,0.0163934426229508,0.0,1,1,1,1,1,1,1,1,1,1,1,1,1,0,1,1,1,1,0,1,0,1,0,0,1,0,0,0,0,0,0,0,0,0,0,0,0,0,0,0,0,0,0,0,0,0,0,0,1,0,0,0,0,0,0,0,0,0,0,0,0,0,0,0,0,0
7,1684,268,19,2976,20,13.0,4.0,1.0,4.0,0.0,48.0,4.0,17.0,0.0,0.0,34.0,0.0,6.0,0.0,0.0,31.0,0.0,7.0,39.0,3.0,0.0,3.0,3.0,35.0,0.0217391304347826,0.0066889632107023,0.0016722408026755,0.0066889632107023,0.0,0.0802675585284281,0.0066889632107023,0.0284280936454849,0.0,0.0,0.0568561872909698,0.0,0.0100334448160535,0.0,0.0,0.0518394648829431,0.0,0.011705685618729,0.0652173913043478,0.0050167224080267,0.0,0.0050167224080267,0.0050167224080267,0.0585284280936454,1,1,1,1,1,1,0,1,1,1,1,1,1,1,0,1,0,0,0,1,0,1,0,0,0,0,0,0,1,0,0,0,0,0,0,0,0,0,0,0,0,0,0,0,0,0,0,0,0,0,0,0,0,0,0,0,0,1,0,0,0,0,0,0,0,0
5,1990,220,39,2786,18,12.0,2.0,1.0,0.0,0.0,14.0,0.0,0.0,51.0,0.0,27.0,0.0,3.0,5.0,13.0,58.0,0.0,5.0,9.0,3.0,0.0,3.0,3.0,0.0,0.0388349514563106,0.0064724919093851,0.0032362459546925,0.0,0.0,0.0453074433656957,0.0,0.0,0.1650485436893204,0.0,0.087378640776699,0.0,0.0097087378640776,0.0161812297734627,0.0420711974110032,0.1877022653721682,0.0,0.0161812297734627,0.029126213592233,0.0097087378640776,0.0,0.0097087378640776,0.0097087378640776,0.0,1,1,1,1,1,1,1,0,1,1,0,1,1,0,0,1,1,1,0,0,0,1,0,0,0,0,0,0,0,0,0,0,0,0,0,0,0,0,0,0,0,0,0,0,1,0,0,0,0,0,0,0,0,0,0,0,0,1,0,0,0,0,0,0,0,0
2,2631,254,46,2445,14,0.0,0.0,0.0,0.0,0.0,22.0,0.0,0.0,0.0,46.0,40.0,0.0,1.0,1.0,0.0,73.0,0.0,4.0,32.0,4.0,0.0,6.0,0.0,1.0,0.0,0.0,0.0,0.0,0.0,0.1032863849765258,0.0,0.0,0.0,0.215962441314554,0.1877934272300469,0.0,0.0046948356807511,0.0046948356807511,0.0,0.3427230046948357,0.0,0.0187793427230046,0.1502347417840375,0.0187793427230046,0.0,0.028169014084507,0.0,0.0046948356807511,1,1,1,1,0,0,1,0,1,1,0,1,1,1,1,0,0,0,0,0,0,0,0,0,1,0,0,0,0,0,0,0,0,0,0,0,0,0,0,0,0,0,0,0,0,0,0,0,0,0,0,0,0,0,0,1,0,0,0,0,0,0,0,0,0,0
3,2264,290,20,2507,22,0.0,1.0,2.0,0.0,8.0,32.0,0.0,0.0,0.0,46.0,21.0,12.0,1.0,8.0,0.0,84.0,0.0,0.0,22.0,0.0,0.0,3.0,0.0,3.0,0.0,0.0052356020942408,0.0104712041884816,0.0,0.0418848167539267,0.1675392670157068,0.0,0.0,0.0,0.2408376963350785,0.1099476439790576,0.06282722513089,0.0052356020942408,0.0418848167539267,0.0,0.4397905759162304,0.0,0.0,0.1151832460732984,0.0,0.0,0.0157068062827225,0.0,0.0157068062827225,1,1,1,1,0,1,1,0,0,1,0,0,1,1,1,0,0,0,0,0,0,1,1,1,1,0,0,0,0,0,0,0,0,0,0,0,0,0,0,0,0,0,0,0,0,0,0,0,0,0,0,0,0,0,0,0,0,0,0,0,0,0,0,0,1,0
8,1567,339,52,3011,20,20.0,11.0,0.0,14.0,0.0,60.0,19.0,6.0,0.0,0.0,55.0,0.0,8.0,4.0,0.0,0.0,24.0,10.0,15.0,4.0,0.0,20.0,6.0,0.0,0.0840336134453781,0.0462184873949579,0.0,0.0588235294117647,0.0,0.2521008403361344,0.0798319327731092,0.0252100840336134,0.0,0.0,0.2310924369747899,0.0,0.0336134453781512,0.0168067226890756,0.0,0.0,0.1008403361344537,0.042016806722689,0.0630252100840336,0.0168067226890756,0.0,0.0840336134453781,0.0252100840336134,0.0,0,1,1,1,1,1,1,1,1,1,1,1,1,0,0,1,0,0,1,1,0,0,0,0,0,0,0,0,0,0,0,0,0,0,0,0,1,1,0,0,0,0,0,0,0,0,0,0,0,0,0,0,0,0,0,0,0,0,0,0,0,0,0,0,1,0
2,3213,256,59,2812,20,0.0,1.0,0.0,1.0,0.0,32.0,0.0,0.0,0.0,9.0,32.0,0.0,7.0,1.0,0.0,96.0,0.0,2.0,41.0,10.0,0.0,2.0,8.0,0.0,0.0,0.00390625,0.0,0.00390625,0.0,0.125,0.0,0.0,0.0,0.03515625,0.125,0.0,0.02734375,0.00390625,0.0,0.375,0.0,0.0078125,0.16015625,0.0390625,0.0,0.0078125,0.03125,0.0,1,1,1,1,0,1,1,0,1,1,1,1,1,0,1,1,0,0,0,0,0,0,0,0,0,0,0,0,0,0,0,0,0,0,0,1,0,0,0,0,0,0,0,0,0,0,0,0,0,0,0,0,0,0,0,1,0,0,0,0,0,0,0,0,0,0
2,2736,283,35,3064,26,0.0,2.0,0.0,9.0,0.0,11.0,0.0,0.0,0.0,11.0,16.0,0.0,0.0,6.0,1.0,100.0,0.0,0.0,27.0,6.0,0.0,1.0,1.0,26.0,0.0,0.0055401662049861,0.0,0.0249307479224376,0.0,0.0304709141274238,0.0,0.0,0.0,0.0304709141274238,0.0443213296398892,0.0,0.0,0.0166204986149584,0.002770083102493,0.2770083102493075,0.0,0.0,0.074792243767313,0.0166204986149584,0.0,0.002770083102493,0.002770083102493,0.0720221606648199,1,1,1,1,0,1,1,0,0,1,1,1,0,1,1,1,1,0,0,0,0,0,0,0,0,0,0,0,1,0,0,0,0,0,0,0,0,0,0,0,0,0,0,0,0,1,0,0,0,0,0,0,0,0,0,0,0,0,0,0,0,0,0,0,0,0
2,2415,264,52,2740,25,0.0,4.0,4.0,1.0,0.0,23.0,0.0,0.0,0.0,0.0,17.0,0.0,6.0,5.0,2.0,77.0,0.0,1.0,21.0,0.0,0.0,10.0,6.0,13.0,0.0,0.0141342756183745,0.0141342756183745,0.0035335689045936,0.0,0.0812720848056537,0.0,0.0,0.0,0.0,0.0600706713780918,0.0,0.0212014134275618,0.0176678445229682,0.0070671378091872,0.2720848056537102,0.0,0.0035335689045936,0.0742049469964664,0.0,0.0,0.0353356890459364,0.0212014134275618,0.0459363957597173,1,1,1,1,0,1,1,0,1,1,1,0,1,1,0,1,1,0,0,0,0,1,0,0,0,0,0,0,0,0,0,0,0,0,0,1,0,0,0,0,0,0,0,0,0,0,0,0,0,0,0,0,0,0,0,0,0,0,0,0,0,0,0,0,1,0
2,3282,361,43,2950,17,0.0,5.0,1.0,0.0,0.0,60.0,0.0,0.0,0.0,0.0,55.0,0.0,1.0,2.0,1.0,124.0,0.0,3.0,57.0,3.0,0.0,13.0,4.0,7.0,0.0,0.0156739811912225,0.0031347962382445,0.0,0.0,0.1880877742946708,0.0,0.0,0.0,0.0,0.1724137931034483,0.0,0.0031347962382445,0.006269592476489,0.0031347962382445,0.3887147335423197,0.0,0.0094043887147335,0.1786833855799373,0.0094043887147335,0.0,0.0407523510971786,0.012539184952978,0.0219435736677116,1,1,1,1,0,1,1,0,1,1,0,1,1,1,0,1,1,0,0,0,0,1,0,0,0,0,0,0,0,0,0,0,0,0,0,1,0,0,0,0,0,0,0,0,0,0,0,0,0,0,0,0,0,0,0,0,0,0,0,0,0,0,0,0,1,0
5,2011,291,63,2476,15,65.0,22.0,2.0,0.0,8.0,66.0,0.0,0.0,0.0,0.0,34.0,0.0,2.0,8.0,6.0,52.0,0.0,10.0,9.0,3.0,0.0,0.0,2.0,0.0,0.2425373134328358,0.0820895522388059,0.0074626865671641,0.0,0.0298507462686567,0.2462686567164179,0.0,0.0,0.0,0.0,0.126865671641791,0.0,0.0074626865671641,0.0298507462686567,0.0223880597014925,0.1940298507462686,0.0,0.0373134328358208,0.0335820895522388,0.0111940298507462,0.0,0.0,0.0074626865671641,0.0,1,1,1,1,1,1,1,0,1,0,0,1,1,0,0,1,1,0,0,0,0,1,1,0,0,0,0,1,0,0,0,0,0,0,0,0,0,0,0,0,0,0,0,0,0,0,0,0,0,0,0,0,0,0,0,0,0,0,0,0,0,0,0,0,1,0
3,2555,355,47,3556,19,2.0,11.0,3.0,43.0,0.0,18.0,0.0,0.0,0.0,30.0,41.0,16.0,14.0,8.0,0.0,106.0,0.0,4.0,16.0,4.0,0.0,9.0,4.0,17.0,0.0041666666666666,0.0229166666666666,0.00625,0.0895833333333333,0.0,0.0375,0.0,0.0,0.0,0.0625,0.0854166666666666,0.0333333333333333,0.0291666666666666,0.0166666666666666,0.0,0.2208333333333333,0.0,0.0083333333333333,0.0333333333333333,0.0083333333333333,0.0,0.01875,0.0083333333333333,0.0354166666666666,1,1,1,1,1,1,1,0,1,1,1,1,1,1,1,1,0,0,0,0,0,1,0,1,0,0,1,0,0,0,0,0,0,0,0,0,0,0,0,0,0,0,0,0,0,0,0,0,0,0,0,0,0,0,0,0,0,1,0,0,0,0,0,0,0,0
5,1875,290,43,3121,15,4.0,8.0,0.0,0.0,18.0,21.0,0.0,0.0,0.0,0.0,30.0,0.0,7.0,5.0,0.0,104.0,0.0,1.0,14.0,3.0,0.0,0.0,2.0,0.0,0.0137457044673539,0.0274914089347079,0.0,0.0,0.0618556701030927,0.0721649484536082,0.0,0.0,0.0,0.0,0.1030927835051546,0.0,0.0240549828178694,0.0171821305841924,0.0,0.3573883161512027,0.0,0.0034364261168384,0.0481099656357388,0.0103092783505154,0.0,0.0,0.0068728522336769,0.0,1,1,1,1,1,1,1,0,1,0,0,1,1,0,0,1,0,0,0,0,0,0,1,0,0,1,0,0,0,0,0,0,0,0,1,0,0,0,0,0,0,0,0,0,0,0,0,0,0,0,0,0,0,0,0,0,0,0,0,0,0,1,0,0,0,0
2,2363,262,21,2494,16,0.0,5.0,3.0,0.0,0.0,38.0,0.0,0.0,0.0,0.0,50.0,0.0,5.0,8.0,0.0,92.0,0.0,9.0,27.0,0.0,0.0,7.0,3.0,3.0,0.0,0.0185873605947955,0.0111524163568773,0.0,0.0,0.1412639405204461,0.0,0.0,0.0,0.0,0.1858736059479553,0.0,0.0185873605947955,0.0297397769516728,0.0,0.3420074349442379,0.0,0.0334572490706319,0.1003717472118959,0.0,0.0,0.0260223048327137,0.0111524163568773,0.0111524163568773,1,1,1,1,0,1,1,0,1,1,0,0,1,1,0,1,0,0,0,0,0,1,0,0,0,1,0,0,0,0,0,0,0,0,1,0,0,0,0,0,0,0,0,0,0,0,0,0,0,0,0,0,0,0,0,0,0,0,0,0,0,0,0,0,1,0
8,1453,239,31,2859,21,41.0,4.0,1.0,14.0,5.0,15.0,7.0,0.0,0.0,0.0,24.0,0.0,0.0,18.0,2.0,0.0,17.0,16.0,22.0,1.0,13.0,17.0,1.0,0.0,0.1673469387755102,0.0163265306122449,0.0040816326530612,0.0571428571428571,0.0204081632653061,0.0612244897959183,0.0285714285714285,0.0,0.0,0.0,0.0979591836734693,0.0,0.0,0.073469387755102,0.0081632653061224,0.0,0.0693877551020408,0.0653061224489796,0.0897959183673469,0.0040816326530612,0.0530612244897959,0.0693877551020408,0.0040816326530612,0.0,0,1,1,1,1,1,1,1,1,1,1,1,0,0,0,1,1,0,1,0,1,1,1,0,0,0,0,0,0,0,0,0,0,0,0,0,0,0,0,0,1,0,0,0,0,0,1,0,0,0,0,0,0,0,0,0,0,0,0,0,0,0,0,0,0,0
2,2345,198,50,2482,18,0.0,4.0,0.0,0.0,12.0,19.0,0.0,0.0,0.0,16.0,16.0,0.0,13.0,5.0,2.0,45.0,0.0,2.0,23.0,3.0,0.0,4.0,0.0,0.0,0.0,0.0146520146520146,0.0,0.0,0.0439560439560439,0.0695970695970696,0.0,0.0,0.0,0.0586080586080586,0.0586080586080586,0.0,0.0476190476190476,0.0183150183150183,0.0073260073260073,0.1648351648351648,0.0,0.0073260073260073,0.0842490842490842,0.0109890109890109,0.0,0.0146520146520146,0.0,0.0,1,1,1,1,0,1,1,0,1,1,0,1,1,0,1,0,1,0,0,0,0,0,1,0,0,0,1,0,0,0,0,0,0,0,0,0,0,0,0,0,0,0,0,0,0,0,0,0,0,0,0,0,0,0,0,1,0,0,0,0,0,0,0,0,0,0
9,1515,292,45,2878,25,50.0,6.0,3.0,6.0,0.0,39.0,24.0,0.0,0.0,0.0,35.0,0.0,0.0,2.0,5.0,0.0,21.0,3.0,32.0,0.0,0.0,0.0,2.0,5.0,0.1831501831501831,0.0219780219780219,0.0109890109890109,0.0219780219780219,0.0,0.1428571428571428,0.0879120879120879,0.0,0.0,0.0,0.1282051282051282,0.0,0.0,0.0073260073260073,0.0183150183150183,0.0,0.0769230769230769,0.0109890109890109,0.1172161172161172,0.0,0.0,0.0,0.0073260073260073,0.0183150183150183,0,1,1,1,1,1,1,1,1,0,1,0,0,1,0,1,1,0,1,0,0,1,0,0,0,0,0,0,0,0,0,0,0,0,0,0,0,0,0,0,1,0,0,0,0,0,0,0,0,0,0,0,0,0,0,0,0,0,0,0,0,0,0,0,1,0
9,1484,273,59,2965,24,31.0,4.0,2.0,0.0,0.0,61.0,10.0,0.0,0.0,0.0,15.0,0.0,0.0,5.0,2.0,0.0,13.0,7.0,9.0,5.0,7.0,0.0,21.0,15.0,0.1156716417910447,0.0149253731343283,0.0074626865671641,0.0,0.0,0.2276119402985074,0.0373134328358208,0.0,0.0,0.0,0.0559701492537313,0.0,0.0,0.0186567164179104,0.0074626865671641,0.0,0.0485074626865671,0.0261194029850746,0.0335820895522388,0.0186567164179104,0.0261194029850746,0.0,0.0783582089552238,0.0559701492537313,0,1,1,1,1,1,1,1,1,0,0,1,0,1,0,1,1,0,1,0,1,1,0,0,0,0,0,0,0,0,0,0,0,0,0,0,0,0,0,0,0,0,0,0,1,0,0,0,0,0,0,0,0,0,0,0,0,0,0,1,0,0,0,0,0,0
2,2561,269,40,2659,16,0.0,13.0,16.0,0.0,0.0,33.0,0.0,0.0,0.0,0.0,30.0,0.0,3.0,2.0,0.0,108.0,0.0,7.0,27.0,3.0,0.0,1.0,3.0,0.0,0.0,0.0492424242424242,0.0606060606060606,0.0,0.0,0.125,0.0,0.0,0.0,0.0,0.1136363636363636,0.0,0.0113636363636363,0.0075757575757575,0.0,0.4090909090909091,0.0,0.0265151515151515,0.1022727272727272,0.0113636363636363,0.0,0.0037878787878787,0.0113636363636363,0.0,1,1,1,1,0,1,1,0,1,1,0,1,1,0,0,1,0,0,0,0,0,1,0,0,0,0,0,0,0,0,0,0,1,0,0,0,0,0,0,0,0,0,0,0,0,0,0,0,0,0,0,0,0,0,0,0,0,0,0,0,0,1,0,0,0,0
3,2376,474,52,3984,21,41.0,4.0,2.0,0.0,0.0,73.0,0.0,0.0,0.0,6.0,66.0,26.0,6.0,7.0,2.0,125.0,0.0,0.0,36.0,8.0,0.0,9.0,4.0,16.0,0.1459074733096085,0.0142348754448398,0.0071174377224199,0.0,0.0,0.2597864768683274,0.0,0.0,0.0,0.0213523131672597,0.2348754448398576,0.092526690391459,0.0213523131672597,0.0249110320284697,0.0071174377224199,0.4448398576512455,0.0,0.0,0.1281138790035587,0.0284697508896797,0.0,0.0320284697508896,0.0142348754448398,0.0569395017793594,1,1,1,1,1,1,1,0,0,1,0,1,1,1,1,1,1,0,0,0,0,1,0,1,0,0,0,0,0,0,0,0,0,1,0,0,0,0,0,0,0,0,0,0,0,0,0,0,0,0,0,1,0,0,0,0,0,0,0,0,0,0,0,0,0,0
2,2550,268,38,2517,12,0.0,3.0,0.0,0.0,0.0,64.0,0.0,0.0,0.0,0.0,49.0,0.0,3.0,3.0,0.0,85.0,0.0,0.0,25.0,0.0,0.0,18.0,3.0,5.0,0.0,0.0120967741935483,0.0,0.0,0.0,0.2580645161290322,0.0,0.0,0.0,0.0,0.1975806451612903,0.0,0.0120967741935483,0.0120967741935483,0.0,0.3427419354838709,0.0,0.0,0.1008064516129032,0.0,0.0,0.0725806451612903,0.0120967741935483,0.0201612903225806,1,1,1,1,0,1,1,0,0,1,0,0,1,1,0,1,0,0,0,0,0,0,0,0,0,1,0,0,0,0,0,0,0,0,1,0,0,0,0,0,0,0,0,0,0,1,0,0,0,0,0,0,0,0,0,0,0,0,0,0,0,0,0,0,0,0
4,2388,208,37,2648,22,21.0,2.0,2.0,10.0,0.0,10.0,0.0,0.0,0.0,0.0,28.0,0.0,0.0,3.0,3.0,61.0,0.0,1.0,18.0,7.0,0.0,8.0,1.0,0.0,0.0406976744186046,0.003875968992248,0.003875968992248,0.0193798449612403,0.0,0.0193798449612403,0.0,0.0,0.0,0.0,0.0542635658914728,0.0,0.0,0.005813953488372,0.005813953488372,0.1182170542635659,0.0,0.001937984496124,0.0348837209302325,0.0135658914728682,0.0,0.0155038759689922,0.001937984496124,0.0,1,1,1,1,1,1,1,0,1,1,1,1,0,0,0,1,1,0,0,0,0,1,0,0,0,0,0,0,1,0,0,0,0,0,0,0,0,0,0,0,0,0,0,0,0,0,0,0,0,0,0,0,0,0,0,0,0,0,0,0,0,0,0,0,1,0
5,2501,507,91,5280,24,29.0,26.0,5.0,10.0,0.0,49.0,0.0,0.0,55.0,5.0,63.0,0.0,12.0,14.0,4.0,115.0,0.0,18.0,36.0,16.0,0.0,20.0,8.0,1.0,0.0571992110453648,0.0512820512820512,0.009861932938856,0.019723865877712,0.0,0.0966469428007889,0.0,0.0,0.1084812623274161,0.009861932938856,0.1242603550295858,0.0,0.0236686390532544,0.0276134122287968,0.0078895463510848,0.2268244575936883,0.0,0.0355029585798816,0.0710059171597633,0.0315581854043392,0.0,0.039447731755424,0.0157790927021696,0.0019723865877712,1,1,1,1,1,1,1,0,1,1,1,1,1,1,1,1,1,1,0,0,0,1,0,0,0,1,0,0,0,0,0,0,0,0,1,0,0,0,0,0,0,0,0,0,0,0,0,0,0,0,0,0,0,0,0,0,0,0,0,0,0,1,0,0,0,1
8,1585,292,37,3141,22,53.0,7.0,2.0,5.0,0.0,16.0,24.0,4.0,0.0,0.0,19.0,0.0,13.0,9.0,1.0,0.0,36.0,7.0,29.0,10.0,18.0,30.0,1.0,1.0,0.1827586206896551,0.0241379310344827,0.0068965517241379,0.0172413793103448,0.0,0.0551724137931034,0.0827586206896551,0.0137931034482758,0.0,0.0,0.0655172413793103,0.0,0.0448275862068965,0.0310344827586206,0.0034482758620689,0.0,0.1241379310344827,0.0241379310344827,0.1,0.0344827586206896,0.0620689655172413,0.1034482758620689,0.0034482758620689,0.0034482758620689,0,1,1,1,1,1,1,1,1,1,1,1,1,1,0,1,1,0,1,1,1,1,0,0,0,0,0,0,0,1,0,0,0,0,0,0,0,0,0,0,0,0,0,0,0,0,0,0,0,0,0,0,0,0,0,0,0,0,0,0,0,0,0,0,1,0
6,1571,326,46,3304,21,41.0,17.0,4.0,4.0,0.0,36.0,11.0,6.0,0.0,0.0,21.0,0.0,5.0,6.0,3.0,82.0,0.0,3.0,30.0,8.0,0.0,11.0,2.0,5.0,0.1469534050179211,0.060931899641577,0.014336917562724,0.014336917562724,0.0,0.1290322580645161,0.039426523297491,0.021505376344086,0.0,0.0,0.075268817204301,0.0,0.017921146953405,0.021505376344086,0.010752688172043,0.2939068100358423,0.0,0.010752688172043,0.1075268817204301,0.028673835125448,0.0,0.039426523297491,0.007168458781362,0.017921146953405,1,1,1,1,1,1,1,1,1,1,1,1,1,1,0,1,1,0,0,1,0,1,0,0,0,0,0,0,0,0,1,0,0,0,0,0,0,0,0,0,0,0,0,0,0,0,0,1,0,0,0,0,0,0,0,0,0,0,0,0,0,0,0,0,0,0
8,1489,307,60,3087,26,48.0,8.0,3.0,1.0,0.0,22.0,25.0,2.0,0.0,0.0,39.0,0.0,0.0,3.0,0.0,0.0,22.0,11.0,32.0,9.0,19.0,3.0,1.0,0.0,0.1458966565349544,0.0243161094224924,0.0091185410334346,0.0030395136778115,0.0,0.0668693009118541,0.0759878419452887,0.0060790273556231,0.0,0.0,0.1185410334346504,0.0,0.0,0.0091185410334346,0.0,0.0,0.0668693009118541,0.033434650455927,0.0972644376899696,0.0273556231003039,0.0577507598784194,0.0091185410334346,0.0030395136778115,0.0,0,1,1,1,1,1,1,1,1,1,1,1,0,0,0,1,0,0,1,1,1,1,0,0,0,0,0,0,0,0,0,0,0,0,0,0,0,0,0,0,0,0,1,0,0,0,0,0,0,0,0,0,0,0,0,0,0,0,0,0,0,0,0,0,1,0
5,2032,256,38,2623,17,18.0,0.0,2.0,0.0,0.0,28.0,16.0,0.0,0.0,0.0,28.0,0.0,5.0,2.0,1.0,46.0,0.0,5.0,45.0,1.0,0.0,25.0,3.0,3.0,0.0759493670886076,0.0,0.0084388185654008,0.0,0.0,0.1181434599156118,0.0675105485232067,0.0,0.0,0.0,0.1181434599156118,0.0,0.0210970464135021,0.0084388185654008,0.0042194092827004,0.1940928270042194,0.0,0.0210970464135021,0.189873417721519,0.0042194092827004,0.0,0.1054852320675105,0.0126582278481012,0.0126582278481012,1,1,1,1,1,0,1,1,1,1,0,1,1,1,0,1,1,0,0,0,0,1,0,0,0,0,0,0,0,1,0,0,0,0,0,0,0,0,0,0,0,0,0,0,0,0,0,0,0,0,0,0,0,0,0,0,0,0,0,0,0,0,0,0,1,0
2,2527,275,39,2585,19,0.0,13.0,0.0,0.0,0.0,34.0,0.0,0.0,0.0,0.0,53.0,0.0,1.0,8.0,0.0,80.0,0.0,6.0,38.0,4.0,0.0,2.0,2.0,0.0,0.0,0.0353260869565217,0.0,0.0,0.0,0.092391304347826,0.0,0.0,0.0,0.0,0.1440217391304347,0.0,0.0027173913043478,0.0217391304347826,0.0,0.217391304347826,0.0,0.0163043478260869,0.1032608695652173,0.0108695652173913,0.0,0.0054347826086956,0.0054347826086956,0.0,1,1,1,1,0,1,1,0,1,1,0,1,1,0,0,1,0,0,0,0,0,0,0,0,0,0,0,1,0,0,0,0,0,0,0,0,0,0,0,0,0,0,0,0,0,0,0,0,0,0,0,0,0,0,0,0,0,0,0,0,0,1,0,0,0,0
6,1829,353,41,3297,19,57.0,0.0,1.0,0.0,0.0,50.0,7.0,0.0,0.0,0.0,14.0,0.0,0.0,17.0,3.0,122.0,0.0,18.0,5.0,1.0,0.0,4.0,0.0,3.0,0.173780487804878,0.0,0.0030487804878048,0.0,0.0,0.1524390243902439,0.0213414634146341,0.0,0.0,0.0,0.0426829268292682,0.0,0.0,0.0518292682926829,0.0091463414634146,0.3719512195121951,0.0,0.0548780487804878,0.0152439024390243,0.0030487804878048,0.0,0.0121951219512195,0.0,0.0091463414634146,1,1,1,1,1,0,1,1,1,1,0,1,0,1,0,0,1,0,0,0,0,1,0,0,0,0,0,0,0,0,0,0,0,1,0,0,0,0,0,0,0,0,0,0,0,0,1,0,0,0,0,0,0,0,0,0,0,0,0,0,0,0,0,0,0,0
7,1840,257,54,2795,21,26.0,11.0,2.0,5.0,0.0,73.0,13.0,20.0,0.0,0.0,28.0,0.0,6.0,20.0,1.0,0.0,0.0,4.0,11.0,5.0,0.0,2.0,2.0,6.0,0.134020618556701,0.056701030927835,0.0103092783505154,0.0257731958762886,0.0,0.3762886597938144,0.0670103092783505,0.1030927835051546,0.0,0.0,0.1443298969072164,0.0,0.0309278350515463,0.1030927835051546,0.0051546391752577,0.0,0.0,0.0206185567010309,0.056701030927835,0.0257731958762886,0.0,0.0103092783505154,0.0103092783505154,0.0309278350515463,0,1,1,1,1,1,1,1,1,1,1,1,1,1,0,1,1,0,0,1,0,1,0,0,0,0,0,0,0,1,0,0,0,0,0,0,0,0,0,0,0,0,0,0,0,0,0,0,0,0,0,0,0,0,1,0,0,0,0,0,0,0,0,0,0,0
2,2742,281,33,2604,14,0.0,6.0,0.0,0.0,0.0,55.0,0.0,0.0,0.0,0.0,55.0,0.0,0.0,9.0,1.0,83.0,0.0,10.0,33.0,2.0,0.0,5.0,3.0,0.0,0.0,0.0303030303030303,0.0,0.0,0.0,0.2777777777777778,0.0,0.0,0.0,0.0,0.2777777777777778,0.0,0.0,0.0454545454545454,0.005050505050505,0.4191919191919191,0.0,0.0505050505050505,0.1666666666666666,0.0101010101010101,0.0,0.0252525252525252,0.0151515151515151,0.0,1,1,1,1,0,1,1,0,1,1,0,1,0,0,0,1,1,0,0,0,0,0,0,0,0,0,1,0,0,0,0,0,0,0,0,0,0,0,0,0,0,0,0,0,0,0,0,0,0,0,0,0,0,0,0,0,0,0,0,0,0,1,0,0,0,0
8,1612,273,62,2552,20,38.0,4.0,0.0,9.0,0.0,37.0,48.0,7.0,0.0,0.0,21.0,0.0,6.0,11.0,9.0,0.0,0.0,11.0,0.0,2.0,23.0,8.0,7.0,7.0,0.1576763485477178,0.0165975103734439,0.0,0.0373443983402489,0.0,0.1535269709543568,0.1991701244813278,0.0290456431535269,0.0,0.0,0.0871369294605809,0.0,0.0248962655601659,0.0456431535269709,0.0373443983402489,0.0,0.0,0.0456431535269709,0.0,0.0082987551867219,0.0954356846473029,0.0331950207468879,0.0290456431535269,0.0290456431535269,0,1,1,0,1,1,1,1,1,1,1,1,1,1,0,1,1,0,0,1,1,0,0,0,0,0,0,0,0,0,0,0,0,0,0,0,0,0,0,0,1,0,0,0,0,0,0,0,0,0,1,0,0,0,0,0,0,0,0,0,0,0,0,0,0,0
8,1429,264,106,2957,23,20.0,3.0,2.0,26.0,0.0,45.0,15.0,1.0,0.0,0.0,45.0,0.0,3.0,19.0,1.0,0.0,12.0,4.0,10.0,6.0,0.0,2.0,2.0,16.0,0.064516129032258,0.0096774193548387,0.0064516129032258,0.0838709677419354,0.0,0.1451612903225806,0.0483870967741935,0.0032258064516129,0.0,0.0,0.1451612903225806,0.0,0.0096774193548387,0.0612903225806451,0.0032258064516129,0.0,0.0387096774193548,0.0129032258064516,0.032258064516129,0.0193548387096774,0.0,0.0064516129032258,0.0064516129032258,0.0516129032258064,0,1,1,1,1,1,1,1,1,1,1,1,1,1,0,1,1,0,1,1,0,1,0,0,0,0,0,0,0,0,0,0,0,0,0,0,0,0,0,0,0,0,0,1,0,0,0,0,0,0,0,0,0,0,0,0,0,0,0,1,0,0,0,0,0,0
7,1581,313,90,3327,19,29.0,1.0,0.0,0.0,0.0,41.0,10.0,1.0,32.0,0.0,38.0,0.0,3.0,13.0,3.0,57.0,0.0,1.0,36.0,1.0,0.0,4.0,1.0,0.0,0.0944625407166123,0.003257328990228,0.0,0.0,0.0,0.1335504885993485,0.0325732899022801,0.003257328990228,0.1042345276872964,0.0,0.1237785016286645,0.0,0.009771986970684,0.0423452768729641,0.009771986970684,0.1856677524429967,0.0,0.003257328990228,0.1172638436482084,0.003257328990228,0.0,0.013029315960912,0.003257328990228,0.0,1,1,1,1,1,1,1,1,1,1,0,1,1,0,0,1,1,1,0,1,0,0,0,0,0,0,0,0,0,0,0,0,0,0,0,0,0,0,0,0,0,0,0,0,1,0,0,1,0,0,0,0,0,0,0,0,0,0,0,0,0,0,0,0,0,0
8,1668,290,46,2815,18,72.0,14.0,0.0,7.0,0.0,21.0,12.0,0.0,0.0,0.0,39.0,0.0,3.0,24.0,5.0,0.0,0.0,7.0,33.0,7.0,24.0,4.0,5.0,0.0,0.2637362637362637,0.0512820512820512,0.0,0.0256410256410256,0.0,0.0769230769230769,0.0439560439560439,0.0,0.0,0.0,0.1428571428571428,0.0,0.0109890109890109,0.0879120879120879,0.0183150183150183,0.0,0.0,0.0256410256410256,0.1208791208791208,0.0256410256410256,0.0879120879120879,0.0146520146520146,0.0183150183150183,0.0,0,1,1,1,1,1,1,1,1,1,1,1,1,0,0,1,1,0,0,0,1,0,0,0,1,0,0,0,0,0,0,0,0,0,0,0,0,0,0,0,0,0,0,0,0,0,0,0,0,0,1,0,0,0,0,0,0,0,0,0,0,0,0,0,0,0
4,2095,220,61,2680,20,14.0,1.0,3.0,0.0,0.0,17.0,0.0,0.0,0.0,0.0,21.0,0.0,0.0,20.0,0.0,72.0,0.0,2.0,35.0,9.0,0.0,0.0,1.0,0.0,0.0498220640569395,0.0035587188612099,0.0106761565836298,0.0,0.0,0.0604982206405693,0.0,0.0,0.0,0.0,0.0747330960854092,0.0,0.0,0.0711743772241993,0.0,0.2562277580071174,0.0,0.0071174377224199,0.1245551601423487,0.0320284697508896,0.0,0.0,0.0035587188612099,0.0,1,1,1,1,1,1,1,0,1,0,0,1,0,0,0,1,0,0,0,0,0,1,0,0,0,0,0,0,1,0,0,0,0,0,0,0,0,0,0,0,0,0,0,0,0,0,0,0,0,0,0,0,0,0,0,0,0,1,0,0,0,0,0,0,0,0
5,1987,311,67,3223,13,12.0,0.0,2.0,3.0,25.0,71.0,0.0,0.0,0.0,0.0,39.0,0.0,0.0,10.0,0.0,113.0,0.0,7.0,24.0,0.0,0.0,0.0,1.0,0.0,0.05,0.0,0.0083333333333333,0.0125,0.1041666666666666,0.2958333333333333,0.0,0.0,0.0,0.0,0.1625,0.0,0.0,0.0416666666666666,0.0,0.4708333333333333,0.0,0.0291666666666666,0.1,0.0,0.0,0.0,0.0041666666666666,0.0,1,1,1,1,1,0,1,0,1,0,1,0,0,0,0,1,0,0,0,0,0,1,1,0,0,0,0,0,0,0,0,0,0,0,0,1,0,0,0,0,0,0,0,0,0,0,0,1,0,0,0,0,0,0,0,0,0,0,0,0,0,0,0,0,0,0
9,7934,522,107,5960,54,31.0,23.0,8.0,19.0,0.0,76.0,11.0,0.0,0.0,0.0,73.0,0.0,12.0,31.0,15.0,2.0,9.0,18.0,45.0,17.0,0.0,15.0,8.0,13.0,0.06187624750499,0.0459081836327345,0.0159680638722554,0.0379241516966067,0.0,0.1516966067864271,0.0219560878243512,0.0,0.0,0.0,0.1457085828343313,0.0,0.0239520958083832,0.06187624750499,0.029940119760479,0.0039920159680638,0.0179640718562874,0.0359281437125748,0.0898203592814371,0.0339321357285429,0.0,0.029940119760479,0.0159680638722554,0.0259481037924151,1,1,1,1,1,1,1,1,1,1,1,1,1,1,0,1,1,0,1,0,0,1,0,0,0,0,0,0,0,0,0,0,1,0,0,0,0,0,0,0,0,0,0,0,0,1,0,0,0,0,0,0,0,0,0,0,0,0,0,0,0,0,0,0,0,0
9,1441,268,65,3090,24,0.0,13.0,3.0,19.0,0.0,41.0,11.0,0.0,0.0,0.0,18.0,0.0,0.0,19.0,6.0,0.0,9.0,19.0,23.0,6.0,0.0,0.0,4.0,0.0,0.0,0.0534979423868312,0.0123456790123456,0.0781893004115226,0.0,0.1687242798353909,0.0452674897119341,0.0,0.0,0.0,0.074074074074074,0.0,0.0,0.0781893004115226,0.0246913580246913,0.0,0.037037037037037,0.0781893004115226,0.0946502057613168,0.0246913580246913,0.0,0.0,0.0164609053497942,0.0,0,1,1,1,0,1,1,1,1,0,1,1,0,0,0,1,1,0,1,0,0,1,0,0,0,0,0,0,0,0,0,0,0,0,0,0,0,0,0,0,0,0,0,0,1,0,0,0,0,0,0,0,0,0,0,0,0,0,0,1,0,0,0,0,0,0
6,1755,268,37,3192,21,7.0,3.0,4.0,15.0,34.0,32.0,3.0,0.0,0.0,0.0,19.0,0.0,3.0,1.0,6.0,72.0,0.0,7.0,24.0,2.0,0.0,5.0,2.0,26.0,0.0264150943396226,0.0113207547169811,0.0150943396226415,0.0566037735849056,0.1283018867924528,0.120754716981132,0.0113207547169811,0.0,0.0,0.0,0.0716981132075471,0.0,0.0113207547169811,0.0037735849056603,0.0226415094339622,0.2716981132075471,0.0,0.0264150943396226,0.090566037735849,0.0075471698113207,0.0,0.0188679245283018,0.0075471698113207,0.0981132075471698,1,1,1,1,1,1,1,1,1,1,1,1,1,1,0,1,1,0,0,0,0,1,1,0,0,0,0,0,0,0,1,0,0,0,0,0,0,0,0,0,0,0,0,0,0,0,0,1,0,0,0,0,0,0,0,0,0,0,0,0,0,0,0,0,0,0
5,1962,295,44,2791,17,40.0,0.0,2.0,29.0,0.0,36.0,0.0,0.0,32.0,0.0,25.0,0.0,5.0,1.0,1.0,59.0,0.0,1.0,25.0,4.0,0.0,4.0,1.0,0.0,0.1388888888888889,0.0,0.0069444444444444,0.1006944444444444,0.0,0.125,0.0,0.0,0.1111111111111111,0.0,0.0868055555555555,0.0,0.0173611111111111,0.0034722222222222,0.0034722222222222,0.2048611111111111,0.0,0.0034722222222222,0.0868055555555555,0.0138888888888888,0.0,0.0138888888888888,0.0034722222222222,0.0,1,1,1,1,1,0,1,0,1,1,1,1,1,0,0,1,1,1,0,0,0,1,0,0,0,0,0,0,0,0,0,0,0,0,0,0,0,0,0,0,0,0,0,0,1,0,1,0,0,0,0,0,0,0,0,0,0,0,0,0,0,0,0,0,0,0
3,2254,257,23,2330,17,0.0,5.0,0.0,0.0,0.0,29.0,0.0,0.0,0.0,6.0,25.0,15.0,3.0,3.0,2.0,77.0,0.0,0.0,30.0,0.0,0.0,6.0,1.0,0.0,0.0,0.0234741784037558,0.0,0.0,0.0,0.136150234741784,0.0,0.0,0.0,0.028169014084507,0.1173708920187793,0.0704225352112676,0.0140845070422535,0.0140845070422535,0.0093896713615023,0.3615023474178404,0.0,0.0,0.1408450704225352,0.0,0.0,0.028169014084507,0.0046948356807511,0.0,1,1,1,1,0,1,1,0,0,1,0,0,1,0,1,1,1,0,0,0,0,0,0,1,0,0,0,0,0,0,0,0,0,0,0,1,0,0,0,0,0,0,0,0,0,0,0,1,0,0,0,0,0,0,0,0,0,0,0,0,0,0,0,0,0,0
8,1543,264,39,2804,19,34.0,4.0,3.0,9.0,0.0,18.0,36.0,9.0,0.0,0.0,25.0,0.0,12.0,9.0,5.0,0.0,0.0,7.0,24.0,7.0,28.0,3.0,3.0,7.0,0.1107491856677524,0.013029315960912,0.009771986970684,0.0293159609120521,0.0,0.0586319218241042,0.1172638436482084,0.0293159609120521,0.0,0.0,0.0814332247557003,0.0,0.0390879478827361,0.0293159609120521,0.01628664495114,0.0,0.0,0.022801302931596,0.0781758957654723,0.022801302931596,0.0912052117263843,0.009771986970684,0.009771986970684,0.022801302931596,0,1,1,1,1,1,1,1,1,1,1,1,1,1,0,1,1,0,0,1,1,1,0,0,0,0,0,0,0,0,0,0,0,0,0,0,0,0,0,0,0,1,0,0,0,0,0,1,0,0,0,0,0,0,0,0,0,0,0,0,0,0,0,0,0,0
8,1432,290,36,3205,21,45.0,8.0,1.0,23.0,0.0,67.0,15.0,0.0,0.0,0.0,30.0,0.0,8.0,5.0,2.0,0.0,0.0,4.0,29.0,2.0,0.0,12.0,7.0,2.0,0.1530612244897959,0.0272108843537414,0.0034013605442176,0.0782312925170068,0.0,0.227891156462585,0.0510204081632653,0.0,0.0,0.0,0.1020408163265306,0.0,0.0272108843537414,0.0170068027210884,0.0068027210884353,0.0,0.0,0.0136054421768707,0.0986394557823129,0.0068027210884353,0.0,0.0408163265306122,0.0238095238095238,0.0068027210884353,0,1,1,1,1,1,1,1,1,1,1,1,1,1,0,1,1,0,0,0,0,1,0,0,0,0,0,0,0,0,0,0,0,0,0,0,0,0,0,0,0,0,0,0,1,0,1,0,0,0,0,0,0,0,0,0,0,0,0,0,0,0,0,0,0,0
6,1750,625,53,5950,27,25.0,19.0,1.0,0.0,0.0,47.0,35.0,0.0,0.0,0.0,134.0,0.0,3.0,29.0,6.0,117.0,0.0,3.0,126.0,6.0,0.0,2.0,3.0,1.0,0.1012145748987854,0.0769230769230769,0.0040485829959514,0.0,0.0,0.1902834008097166,0.1417004048582996,0.0,0.0,0.0,0.5425101214574899,0.0,0.0121457489878542,0.117408906882591,0.0242914979757085,0.4736842105263157,0.0,0.0121457489878542,0.5101214574898786,0.0242914979757085,0.0,0.0080971659919028,0.0121457489878542,0.0040485829959514,1,1,1,1,1,1,1,1,1,1,0,1,1,1,0,1,1,0,0,0,0,1,0,0,0,0,0,0,0,0,0,1,0,0,0,0,0,0,1,0,0,0,0,0,0,0,0,0,0,1,0,0,0,0,0,0,0,0,0,0,0,0,0,0,1,1
3,2283,180,20,2015,21,0.0,3.0,0.0,0.0,0.0,25.0,0.0,0.0,0.0,0.0,19.0,4.0,6.0,4.0,1.0,49.0,0.0,0.0,15.0,15.0,0.0,0.0,2.0,2.0,0.0,0.0115384615384615,0.0,0.0,0.0,0.0961538461538461,0.0,0.0,0.0,0.0,0.073076923076923,0.0153846153846153,0.023076923076923,0.0153846153846153,0.0038461538461538,0.1884615384615384,0.0,0.0,0.0576923076923076,0.0576923076923076,0.0,0.0,0.0076923076923076,0.0076923076923076,1,1,1,1,0,1,1,0,0,0,0,1,1,1,0,1,1,0,0,0,0,0,0,1,0,0,0,0,0,0,0,0,0,0,0,0,0,0,0,0,0,0,0,0,1,0,0,0,0,0,0,1,0,0,0,0,0,0,0,0,0,0,0,0,0,0
