n_lines,n_directions,n_words,n_speak_char,andy,angela,darryl,dwight,erin,holly,jan,jim,kelly,kevin,meredith,michael,oscar,pam,phyllis,ryan,stanley,toby,andy_perc,angela_perc,darryl_perc,dwight_perc,erin_perc,holly_perc,jan_perc,jim_perc,kelly_perc,kevin_perc,meredith_perc,michael_perc,oscar_perc,pam_perc,phyllis_perc,ryan_perc,stanley_perc,toby_perc,multi_part,Alex Hardcastle_dummy,Amy Heckerling_dummy,Asaad Kelada_dummy,B.J. Novak_dummy,Brent Forrester_dummy,Brian Baumgartner_dummy,Bryan Cranston_dummy,Bryan Gordon_dummy,Charles McDougal_dummy,Charles McDougall_dummy,Charlie Grandy_dummy,Claire Scanlon_dummy,Claire Scanlong_dummy,Craig Zisk_dummy,Daniel Chun_dummy,Danny Leiner_dummy,David Rogers_dummy,Dean Holland_dummy,Dennie Gordon_dummy,Ed Helms_dummy,Eric Appel_dummy,Gene Stupnitsky_dummy,Greg Daneils_dummy,Greg Daniels_dummy,Harold Ramis_dummy,J.J. Abrams_dummy,Jason Reitman_dummy,Jeffrey Blitz_dummy,Jennifer Celotta_dummy,Jesse Peretz_dummy,John Krasinski_dummy,John Scott_dummy,Jon Favreau_dummy,Joss Whedon_dummy,Julian Farino_dummy,Kelly Cantley-Kashima_dummy,Ken Kwapis_dummy,Ken Whittingham_dummy,Ken Wittingham_dummy,Lee Eisenberg_dummy,Lee Kirk_dummy,Marc Webb_dummy,Matt Sohn_dummy,Michael Spiller_dummy,Miguel Arteta_dummy,Mindy Kaling_dummy,Paul Feig_dummy,Paul Lieberstein_dummy,Paul Lieerstein_dummy,Rainn Wilson_dummy,Randall Einhorn_dummy,Reginald Hudlin_dummy,Rodman Flender_dummy,Roger Nygard_dummy,Seth Gordon_dummy,Stephen Merchant_dummy,Steve Carell_dummy,Troy Miller_dummy,Tucker Gates_dummy,Victor Nelli Jr._dummy,Aaron Shure_dummy,Allison Silverman_dummy,Amelie Gillette_dummy,Anthony Q. Farrell_dummy,B.J. Novak_dummy.1,Brent Forrester_dummy.1,Caroline Williams_dummy,Carrie Kemper_dummy,Charlie Grandy_dummy.1,Dan Greaney_dummy,Dan Sterling_dummy,Daniel Chun_dummy.1,Gabe Miller_dummy,Gene Stupnitsky_dummy.1,Graham Wagner_dummy,Greg Daniels_dummy.1,Halsted Sullivan_dummy,Jason Kessler_dummy,Jennifer Celotta_dummy.1,Jon Vitti_dummy,Jonathan Green_dummy,Jonathan Huges_dummy,Justin Spitzer_dummy,Larry Willmore_dummy,Lee Eisenberg_dummy.1,Lester Lewis_dummy,Michael Schur_dummy,Mindy Kaling_dummy.1,Nicki Schwartz-Wright_dummy,Owen Ellickson_dummy,Paul Lieberstein_dummy.1,Peter Ocko_dummy,Ricky Gervais_dummy,Robert Padnick_dummy,Ryan Koh_dummy,Stephen Merchant_dummy.1,Steve Carell_dummy.1,Steve Hely_dummy,Tim McAuliffe_dummy,Warren Lieberstein_dummy,Andy_dummy,Angela_dummy,Creed_dummy,Darryl_dummy,Dwight_dummy,Erin_dummy,Jim_dummy,Kelly_dummy,Kevin_dummy,Meredith_dummy,Michael_dummy,Oscar_dummy,Pam_dummy,Phyllis_dummy,Ryan_dummy,Stanley_dummy,Toby_dummy
261,67,2758,21,0.0,2.0,3.0,25.0,0.0,0.0,0.0,27.0,10.0,7.0,0.0,101.0,5.0,28.0,1.0,13.0,2.0,1.0,0.0,0.0074626865671641,0.0111940298507462,0.0932835820895522,0.0,0.0,0.0,0.1007462686567164,0.0373134328358208,0.0261194029850746,0.0,0.376865671641791,0.0186567164179104,0.1044776119402985,0.003731343283582,0.0485074626865671,0.0074626865671641,0.003731343283582,0,0,0,0,0,0,0,0,0,0,0,0,0,0,0,0,0,0,0,0,0,0,0,0,0,0,0,0,0,0,0,0,0,0,0,0,0,0,0,0,0,0,0,0,0,0,0,0,0,0,0,0,0,0,0,0,0,0,0,0,1,0,0,0,0,0,0,0,0,0,0,0,0,0,0,0,0,0,0,0,0,0,0,0,0,0,0,0,0,0,0,1,0,0,0,0,0,0,0,0,0,0,1,1,1,1,0,1,1,1,0,1,1,1,1,1,1,1
321,62,3141,30,40.0,2.0,8.0,41.0,4.0,16.0,16.0,4.0,5.0,10.0,7.0,88.0,7.0,8.0,5.0,1.0,4.0,0.0,0.1639344262295081,0.0081967213114754,0.0327868852459016,0.1680327868852459,0.0163934426229508,0.0655737704918032,0.0655737704918032,0.0163934426229508,0.0204918032786885,0.040983606557377,0.0286885245901639,0.360655737704918,0.0286885245901639,0.0327868852459016,0.0204918032786885,0.0040983606557377,0.0163934426229508,0.0,0,0,0,0,0,0,0,0,0,0,0,0,0,0,0,0,0,0,0,0,0,0,0,0,0,0,0,0,0,0,0,0,0,0,0,0,0,0,0,0,0,0,0,0,0,0,0,0,1,0,0,0,0,0,0,0,0,0,0,0,0,0,0,0,0,0,0,0,0,0,0,0,0,0,0,0,0,0,0,0,0,0,0,0,0,0,0,0,0,0,0,1,0,0,0,0,0,0,0,0,0,1,1,1,1,1,1,1,1,1,1,1,1,1,1,1,1,0
326,46,3304,21,41.0,17.0,4.0,36.0,11.0,0.0,0.0,21.0,5.0,6.0,3.0,82.0,3.0,30.0,8.0,11.0,2.0,5.0,0.1469534050179211,0.060931899641577,0.014336917562724,0.1290322580645161,0.039426523297491,0.0,0.0,0.075268817204301,0.017921146953405,0.021505376344086,0.010752688172043,0.2939068100358423,0.010752688172043,0.1075268817204301,0.028673835125448,0.039426523297491,0.007168458781362,0.017921146953405,0,0,0,0,0,0,0,0,0,0,0,0,0,0,0,0,0,0,0,0,0,0,0,0,0,0,0,0,0,0,0,0,0,0,0,0,0,0,0,0,0,0,0,0,0,0,0,0,0,0,0,1,0,0,0,0,0,0,0,0,0,1,0,0,0,0,0,0,0,0,0,0,0,0,0,0,0,0,0,0,0,0,0,0,0,0,0,0,0,0,0,0,0,0,0,0,0,0,0,0,0,1,1,1,1,1,1,1,1,1,1,1,1,1,1,1,1,1
625,53,5950,27,25.0,19.0,0.0,47.0,35.0,0.0,0.0,134.0,3.0,29.0,6.0,117.0,3.0,126.0,6.0,2.0,3.0,1.0,0.1012145748987854,0.0769230769230769,0.0,0.1902834008097166,0.1417004048582996,0.0,0.0,0.5425101214574899,0.0121457489878542,0.117408906882591,0.0242914979757085,0.4736842105263157,0.0121457489878542,0.5101214574898786,0.0242914979757085,0.0080971659919028,0.0121457489878542,0.0040485829959514,1,0,0,0,0,0,0,0,0,0,0,0,0,0,0,0,0,0,0,0,0,0,0,0,0,1,0,0,0,0,0,0,0,0,0,0,0,0,0,0,0,0,0,0,0,0,0,0,0,0,0,0,0,0,0,1,0,0,0,0,0,0,0,0,0,0,0,0,0,1,0,0,1,0,0,0,0,0,0,0,0,0,0,0,0,0,0,0,0,0,0,0,0,0,0,0,0,0,0,0,0,1,1,1,0,1,1,1,1,1,1,1,1,1,1,1,1,1
359,45,2766,24,35.0,17.0,10.0,34.0,16.0,0.0,0.0,33.0,4.0,7.0,1.0,74.0,20.0,31.0,6.0,5.0,1.0,0.0,0.2671755725190839,0.1297709923664122,0.0763358778625954,0.2595419847328244,0.1221374045801526,0.0,0.0,0.2519083969465648,0.0305343511450381,0.0534351145038167,0.0076335877862595,0.5648854961832062,0.1526717557251908,0.2366412213740458,0.0458015267175572,0.0381679389312977,0.0076335877862595,0.0,0,0,0,0,0,0,0,0,0,0,0,0,0,0,0,0,0,0,0,0,0,0,0,0,0,0,0,0,0,0,0,0,0,0,0,0,0,0,0,0,0,0,0,1,0,0,0,0,0,0,0,0,0,0,0,0,0,0,0,0,0,0,0,0,0,1,0,0,0,0,0,0,0,0,0,0,0,0,0,0,0,0,0,0,0,0,0,0,0,0,0,0,0,0,0,0,0,0,0,0,0,1,1,1,1,1,1,1,1,1,1,1,1,1,1,1,1,0
264,43,3049,24,10.0,2.0,0.0,9.0,6.0,0.0,0.0,26.0,0.0,1.0,2.0,82.0,5.0,25.0,1.0,0.0,1.0,2.0,0.0313479623824451,0.006269592476489,0.0,0.0282131661442006,0.018808777429467,0.0,0.0,0.0815047021943573,0.0,0.0031347962382445,0.006269592476489,0.2570532915360501,0.0156739811912225,0.0783699059561128,0.0031347962382445,0.0,0.0031347962382445,0.006269592476489,0,0,0,0,0,0,0,0,0,0,0,0,0,0,0,0,0,0,0,0,0,0,0,0,0,0,0,0,0,0,0,1,0,0,0,0,0,0,0,0,0,0,0,0,0,0,0,0,0,0,0,0,0,0,0,0,0,0,0,0,0,0,0,0,0,0,0,0,0,0,0,0,0,0,0,0,0,0,0,1,0,0,0,0,0,0,0,0,0,0,0,0,0,0,0,0,0,0,0,0,0,1,1,1,0,1,1,1,0,1,1,1,1,1,1,0,1,1
262,58,2464,23,5.0,3.0,0.0,73.0,0.0,0.0,0.0,14.0,2.0,14.0,2.0,90.0,3.0,5.0,4.0,0.0,5.0,0.0,0.0169491525423728,0.0101694915254237,0.0,0.247457627118644,0.0,0.0,0.0,0.047457627118644,0.0067796610169491,0.047457627118644,0.0067796610169491,0.3050847457627119,0.0101694915254237,0.0169491525423728,0.0135593220338983,0.0,0.0169491525423728,0.0,0,0,0,1,0,0,0,0,0,0,0,0,0,0,0,0,0,0,0,0,0,0,0,0,0,0,0,0,0,0,0,0,0,0,0,0,0,0,0,0,0,0,0,0,0,0,0,0,0,0,0,0,0,0,0,0,0,0,0,0,0,0,0,0,0,1,0,0,0,0,0,0,0,0,0,0,0,0,0,0,0,0,0,0,0,0,0,0,0,0,0,0,0,0,0,0,0,0,0,0,0,1,1,1,0,1,0,1,1,1,1,1,1,1,1,0,1,0
290,22,2902,20,17.0,1.0,10.0,31.0,0.0,47.0,0.0,24.0,3.0,18.0,3.0,72.0,7.0,32.0,3.0,9.0,1.0,0.0,0.0548387096774193,0.0032258064516129,0.032258064516129,0.1,0.0,0.1516129032258064,0.0,0.0774193548387096,0.0096774193548387,0.0580645161290322,0.0096774193548387,0.232258064516129,0.0225806451612903,0.1032258064516129,0.0096774193548387,0.0290322580645161,0.0032258064516129,0.0,0,0,0,0,0,0,0,0,0,0,0,0,0,0,0,0,0,0,0,0,0,0,0,0,0,0,0,0,0,0,0,0,0,0,0,0,0,0,0,0,0,0,0,0,0,0,0,0,0,0,0,0,0,0,0,0,0,1,0,0,0,0,0,0,0,0,0,0,0,0,0,0,0,0,0,0,0,0,0,0,1,0,0,0,0,0,0,0,0,0,0,0,0,0,0,0,0,0,0,0,0,1,1,0,1,1,0,1,1,1,1,1,1,1,1,1,1,0
259,58,2167,15,10.0,12.0,0.0,71.0,0.0,0.0,25.0,12.0,8.0,4.0,0.0,73.0,0.0,17.0,5.0,0.0,2.0,0.0,0.0344827586206896,0.0413793103448275,0.0,0.2448275862068965,0.0,0.0,0.0862068965517241,0.0413793103448275,0.0275862068965517,0.0137931034482758,0.0,0.2517241379310345,0.0,0.0586206896551724,0.0172413793103448,0.0,0.0068965517241379,0.0,0,0,0,0,0,0,0,0,0,0,0,0,0,0,0,0,0,0,0,0,0,0,0,0,1,0,0,0,0,0,0,0,0,0,0,0,0,0,0,0,0,0,0,0,0,0,0,0,0,0,0,0,0,0,0,0,0,0,0,0,0,0,0,0,0,0,0,0,0,0,0,0,0,0,0,0,0,0,0,0,0,0,0,0,0,0,0,0,0,0,0,1,0,0,0,0,0,0,0,0,0,1,1,1,0,1,0,1,1,1,0,1,0,1,1,0,1,0
191,23,2419,17,17.0,10.0,0.0,4.0,0.0,0.0,7.0,31.0,0.0,13.0,1.0,54.0,0.0,16.0,1.0,3.0,2.0,4.0,0.0334645669291338,0.0196850393700787,0.0,0.0078740157480314,0.0,0.0,0.0137795275590551,0.0610236220472441,0.0,0.0255905511811023,0.0019685039370078,0.1062992125984252,0.0,0.0314960629921259,0.0019685039370078,0.0059055118110236,0.0039370078740157,0.0078740157480314,0,0,0,0,0,0,0,0,0,0,0,0,0,0,0,0,0,0,0,0,0,0,0,0,0,0,0,0,1,0,0,0,0,0,0,0,0,0,0,0,0,0,0,0,0,0,0,0,0,0,0,0,0,0,0,0,0,0,0,0,0,0,0,0,0,0,0,0,0,0,0,0,0,0,0,0,0,0,0,0,0,0,0,0,0,0,0,0,0,0,0,0,0,1,0,0,1,0,0,0,0,1,1,1,0,1,0,1,0,1,1,1,0,1,1,1,1,1
237,44,2628,23,36.0,1.0,10.0,34.0,5.0,0.0,0.0,17.0,2.0,15.0,6.0,0.0,17.0,0.0,3.0,6.0,4.0,0.0,0.125,0.0034722222222222,0.0347222222222222,0.1180555555555555,0.0173611111111111,0.0,0.0,0.0590277777777777,0.0069444444444444,0.0520833333333333,0.0208333333333333,0.0,0.0590277777777777,0.0,0.0104166666666666,0.0208333333333333,0.0138888888888888,0.0,0,0,0,0,1,0,0,0,0,0,0,0,0,0,0,0,0,0,0,0,0,0,0,0,0,0,0,0,0,0,0,0,0,0,0,0,0,0,0,0,0,0,0,0,0,0,0,0,0,0,0,0,0,0,0,0,0,0,0,0,0,0,0,0,0,0,0,0,0,0,0,0,0,0,0,0,0,0,0,0,0,0,0,0,0,0,0,0,0,0,0,0,0,0,0,0,0,0,1,0,0,1,1,1,1,1,1,1,1,1,1,0,1,0,1,1,1,0
283,67,3074,19,54.0,12.0,4.0,34.0,40.0,0.0,0.0,9.0,0.0,25.0,3.0,0.0,27.0,11.0,0.0,0.0,0.0,9.0,0.2307692307692307,0.0512820512820512,0.017094017094017,0.1452991452991453,0.1709401709401709,0.0,0.0,0.0384615384615384,0.0,0.1068376068376068,0.0128205128205128,0.0,0.1153846153846153,0.047008547008547,0.0,0.0,0.0,0.0384615384615384,0,0,0,0,0,0,0,0,0,0,0,0,0,0,0,0,0,0,0,0,0,0,0,0,0,0,0,0,0,0,0,1,0,0,0,0,0,0,0,0,0,0,0,0,0,0,0,0,0,0,0,0,0,0,0,0,0,0,0,0,0,0,0,0,0,0,0,0,0,0,0,1,0,0,0,0,0,0,0,0,0,0,0,0,0,0,0,0,0,0,0,0,0,0,0,0,0,0,0,0,0,1,1,1,1,1,1,1,0,1,1,0,1,1,0,0,0,1
220,39,2786,18,12.0,2.0,0.0,14.0,0.0,51.0,0.0,27.0,3.0,5.0,13.0,58.0,5.0,9.0,3.0,3.0,3.0,0.0,0.0388349514563106,0.0064724919093851,0.0,0.0453074433656957,0.0,0.1650485436893204,0.0,0.087378640776699,0.0097087378640776,0.0161812297734627,0.0420711974110032,0.1877022653721682,0.0161812297734627,0.029126213592233,0.0097087378640776,0.0097087378640776,0.0097087378640776,0.0,0,0,0,0,0,0,0,0,0,0,0,0,0,0,0,0,0,0,0,0,0,0,0,0,0,0,0,0,1,0,0,0,0,0,0,0,0,0,0,0,0,0,0,0,0,0,0,0,0,0,0,0,0,0,0,0,0,0,0,0,0,0,0,0,0,0,0,0,0,0,0,0,0,0,0,0,0,0,0,0,0,0,0,0,0,0,0,0,0,0,0,0,0,0,0,1,0,0,0,0,0,1,1,1,0,1,0,1,1,1,1,1,1,1,1,1,1,0
259,32,3164,29,28.0,9.0,4.0,53.0,10.0,0.0,0.0,28.0,9.0,8.0,3.0,0.0,6.0,10.0,2.0,17.0,1.0,18.0,0.1007194244604316,0.0323741007194244,0.014388489208633,0.1906474820143885,0.0359712230215827,0.0,0.0,0.1007194244604316,0.0323741007194244,0.0287769784172661,0.0107913669064748,0.0,0.0215827338129496,0.0359712230215827,0.0071942446043165,0.0611510791366906,0.0035971223021582,0.0647482014388489,0,0,0,0,0,1,0,0,0,0,0,0,0,0,0,0,0,0,0,0,0,0,0,0,0,0,0,0,0,0,0,0,0,0,0,0,0,0,0,0,0,0,0,0,0,0,0,0,0,0,0,0,0,0,0,0,0,0,0,0,0,0,0,0,0,0,0,0,0,0,0,0,0,0,0,0,0,0,0,0,0,0,0,0,0,0,0,0,1,0,0,0,0,0,0,0,0,0,0,0,0,1,1,1,1,1,1,1,1,1,1,0,1,1,1,1,1,1
487,68,5243,22,7.0,48.0,5.0,54.0,0.0,0.0,7.0,50.0,6.0,18.0,19.0,130.0,9.0,81.0,4.0,8.0,9.0,9.0,0.0143737166324435,0.0985626283367556,0.0102669404517453,0.1108829568788501,0.0,0.0,0.0143737166324435,0.1026694045174538,0.0123203285420944,0.0369609856262833,0.0390143737166324,0.2669404517453799,0.0184804928131416,0.1663244353182751,0.0082135523613963,0.0164271047227926,0.0184804928131416,0.0184804928131416,1,0,0,0,0,0,0,0,0,0,0,0,0,0,0,0,0,0,0,0,0,0,0,0,1,0,0,0,0,0,0,0,0,0,0,0,0,0,0,0,0,0,0,0,0,0,0,0,0,0,0,0,0,0,0,0,0,0,0,0,0,0,0,0,0,0,0,0,0,0,0,0,0,0,0,0,1,0,0,0,0,0,0,0,0,0,0,0,0,0,0,0,0,0,0,0,0,0,0,0,0,1,1,1,1,1,0,1,1,1,1,1,1,1,1,1,1,1
278,81,2884,19,27.0,9.0,0.0,26.0,42.0,0.0,0.0,18.0,13.0,9.0,0.0,56.0,7.0,23.0,12.0,3.0,1.0,0.0,0.1050583657587548,0.0350194552529182,0.0,0.1011673151750972,0.1634241245136186,0.0,0.0,0.0700389105058365,0.0505836575875486,0.0350194552529182,0.0,0.2178988326848249,0.0272373540856031,0.0894941634241245,0.046692607003891,0.0116731517509727,0.0038910505836575,0.0,0,0,0,0,0,0,0,0,0,0,0,0,0,0,0,0,0,0,0,0,0,0,0,0,0,0,0,0,0,0,0,0,0,0,0,0,0,0,1,0,0,0,0,0,0,0,0,0,0,0,0,0,0,0,0,0,0,0,0,0,0,0,0,0,0,0,0,0,0,0,0,0,0,0,0,0,0,0,0,0,1,0,0,0,0,0,0,0,0,0,0,0,0,0,0,0,0,0,0,0,0,1,1,1,0,1,1,1,1,1,0,1,1,1,1,1,1,0
552,83,5580,33,33.0,12.0,0.0,84.0,10.0,0.0,0.0,56.0,3.0,30.0,6.0,129.0,9.0,70.0,3.0,3.0,7.0,4.0,0.1235955056179775,0.0449438202247191,0.0,0.3146067415730337,0.0374531835205992,0.0,0.0,0.2097378277153558,0.0112359550561797,0.1123595505617977,0.0224719101123595,0.4831460674157303,0.0337078651685393,0.2621722846441947,0.0112359550561797,0.0112359550561797,0.0262172284644194,0.0149812734082397,1,0,0,0,0,0,0,0,0,0,0,0,0,0,0,0,0,0,0,0,0,0,0,0,0,0,0,0,0,0,0,0,0,0,0,0,0,0,0,0,0,0,0,0,0,0,0,1,0,0,0,0,0,0,0,0,0,0,0,0,0,0,0,0,0,0,0,0,0,0,0,0,0,0,0,0,1,0,0,0,0,0,0,0,0,0,0,0,1,0,0,0,0,0,0,0,0,0,0,0,0,1,1,0,0,1,1,1,1,1,1,1,1,1,1,1,1,1
269,40,2659,16,0.0,13.0,0.0,33.0,0.0,0.0,0.0,30.0,3.0,2.0,0.0,108.0,7.0,27.0,3.0,1.0,3.0,0.0,0.0,0.0492424242424242,0.0,0.125,0.0,0.0,0.0,0.1136363636363636,0.0113636363636363,0.0075757575757575,0.0,0.4090909090909091,0.0265151515151515,0.1022727272727272,0.0113636363636363,0.0037878787878787,0.0113636363636363,0.0,0,0,0,0,0,0,0,0,0,0,0,0,0,0,0,0,0,0,0,0,0,0,0,0,0,0,0,0,0,0,0,0,0,0,0,0,0,0,0,0,0,0,0,0,0,0,0,1,0,0,0,0,0,0,0,0,0,0,0,0,0,0,0,0,0,0,0,0,0,0,0,0,0,0,0,0,1,0,0,0,0,0,0,0,0,0,0,0,0,0,0,0,0,0,0,0,0,0,0,0,0,0,1,1,0,1,0,1,1,1,0,1,1,1,1,1,1,0
319,37,3181,20,37.0,10.0,7.0,14.0,17.0,0.0,0.0,49.0,2.0,10.0,8.0,85.0,11.0,39.0,9.0,1.0,3.0,0.0,0.1134969325153374,0.0306748466257668,0.0214723926380368,0.0429447852760736,0.0521472392638036,0.0,0.0,0.1503067484662576,0.0061349693251533,0.0306748466257668,0.0245398773006134,0.2607361963190184,0.0337423312883435,0.1196319018404908,0.0276073619631901,0.0030674846625766,0.00920245398773,0.0,0,0,0,0,0,0,0,0,0,0,0,0,0,0,0,0,0,0,0,0,0,0,0,0,0,0,0,0,0,0,0,0,0,0,0,0,0,0,0,0,0,0,0,0,0,0,0,0,0,0,0,0,1,0,0,0,0,0,0,0,0,0,0,0,0,0,0,0,0,0,0,0,0,0,0,0,0,1,0,0,0,0,0,0,0,0,0,0,0,0,0,0,0,0,0,0,0,0,0,0,1,1,1,1,1,1,1,1,1,1,1,1,1,1,1,1,1,0
203,20,2808,12,0.0,4.0,0.0,17.0,0.0,0.0,0.0,25.0,2.0,8.0,0.0,75.0,13.0,12.0,0.0,4.0,5.0,2.0,0.0,0.0197044334975369,0.0,0.083743842364532,0.0,0.0,0.0,0.1231527093596059,0.0098522167487684,0.0394088669950738,0.0,0.3694581280788177,0.064039408866995,0.0591133004926108,0.0,0.0197044334975369,0.0246305418719211,0.0098522167487684,0,0,0,0,0,0,0,0,0,0,0,0,0,0,0,0,0,0,0,0,0,0,0,0,0,0,0,0,0,0,0,0,0,0,0,0,0,1,0,0,0,0,0,0,0,0,0,0,0,0,0,0,0,0,0,0,0,0,0,0,0,0,0,0,0,1,0,0,0,0,0,0,0,0,0,0,0,0,0,0,0,0,0,0,0,0,0,0,0,0,0,0,0,0,0,0,0,0,0,0,0,0,1,0,0,1,0,1,1,1,0,1,1,1,0,1,1,1
213,28,2108,26,14.0,10.0,0.0,6.0,0.0,0.0,0.0,19.0,15.0,6.0,2.0,56.0,0.0,23.0,2.0,7.0,1.0,2.0,0.0544747081712062,0.0389105058365758,0.0,0.0233463035019455,0.0,0.0,0.0,0.0739299610894941,0.0583657587548638,0.0233463035019455,0.0077821011673151,0.2178988326848249,0.0,0.0894941634241245,0.0077821011673151,0.0272373540856031,0.0038910505836575,0.0077821011673151,0,0,0,0,0,0,0,0,0,0,0,0,0,0,0,0,0,0,0,0,0,0,0,0,0,0,0,0,0,0,0,0,0,0,0,0,0,0,0,0,0,0,0,0,0,1,0,0,0,0,0,0,0,0,0,0,0,0,0,0,0,0,0,0,0,0,0,0,0,0,0,0,0,0,0,0,0,0,0,0,0,0,0,0,0,0,0,0,1,0,0,0,0,0,0,0,0,0,0,0,0,1,1,1,0,1,0,1,1,1,1,1,0,1,1,1,1,1
257,23,2330,17,0.0,5.0,0.0,29.0,0.0,0.0,6.0,25.0,3.0,3.0,2.0,77.0,0.0,30.0,0.0,6.0,1.0,0.0,0.0,0.0234741784037558,0.0,0.136150234741784,0.0,0.0,0.028169014084507,0.1173708920187793,0.0140845070422535,0.0140845070422535,0.0093896713615023,0.3615023474178404,0.0,0.1408450704225352,0.0,0.028169014084507,0.0046948356807511,0.0,0,0,0,0,0,0,0,0,0,0,0,0,0,0,0,0,0,0,0,0,0,0,0,0,0,0,0,0,0,0,0,0,0,0,0,0,0,0,0,0,0,0,0,0,0,0,0,0,0,0,0,1,0,0,0,0,0,0,0,0,0,0,0,0,0,0,0,0,0,0,0,0,0,0,0,0,0,0,0,0,0,0,0,0,0,0,0,0,1,0,0,0,0,0,0,0,0,0,0,0,0,0,1,0,0,1,0,1,1,1,1,1,0,1,0,1,1,0
321,37,2822,22,43.0,0.0,23.0,55.0,13.0,0.0,0.0,40.0,6.0,15.0,0.0,0.0,4.0,65.0,2.0,6.0,0.0,4.0,0.1799163179916318,0.0,0.0962343096234309,0.2301255230125523,0.0543933054393305,0.0,0.0,0.1673640167364016,0.0251046025104602,0.0627615062761506,0.0,0.0,0.0167364016736401,0.2719665271966527,0.00836820083682,0.0251046025104602,0.0,0.0167364016736401,0,0,0,0,0,0,0,0,0,0,0,0,0,0,0,0,0,0,0,0,0,0,0,0,0,0,0,0,0,0,0,0,0,0,0,0,0,0,0,0,0,0,0,1,0,0,0,0,0,0,0,0,0,0,0,0,0,0,0,0,0,0,1,0,0,0,0,0,0,0,0,0,0,0,0,0,0,0,0,0,0,0,0,0,0,0,0,0,0,0,0,0,0,0,0,0,0,0,0,0,0,1,0,1,1,1,1,1,1,1,0,0,1,1,1,1,0,1
325,82,2711,26,69.0,10.0,0.0,16.0,0.0,0.0,0.0,22.0,15.0,2.0,5.0,77.0,38.0,14.0,2.0,13.0,3.0,0.0,0.2518248175182482,0.0364963503649635,0.0,0.0583941605839416,0.0,0.0,0.0,0.0802919708029197,0.0547445255474452,0.0072992700729927,0.0182481751824817,0.2810218978102189,0.1386861313868613,0.0510948905109489,0.0072992700729927,0.0474452554744525,0.010948905109489,0.0,0,0,0,0,0,0,0,0,0,0,0,0,0,0,0,0,0,0,0,0,0,0,0,0,0,0,0,0,0,0,0,0,0,0,0,0,0,0,0,0,0,0,0,0,0,0,0,0,0,0,0,1,0,0,0,0,0,0,0,0,0,0,0,0,0,0,1,0,0,0,0,0,0,0,0,0,0,0,0,0,0,0,0,0,0,0,0,0,0,0,0,0,0,0,0,0,0,0,0,0,0,1,1,1,0,1,0,1,1,1,1,1,1,1,1,1,1,0
361,43,2950,17,0.0,5.0,0.0,60.0,0.0,0.0,0.0,55.0,1.0,2.0,1.0,124.0,3.0,57.0,3.0,13.0,4.0,7.0,0.0,0.0156739811912225,0.0,0.1880877742946708,0.0,0.0,0.0,0.1724137931034483,0.0031347962382445,0.006269592476489,0.0031347962382445,0.3887147335423197,0.0094043887147335,0.1786833855799373,0.0094043887147335,0.0407523510971786,0.012539184952978,0.0219435736677116,0,0,0,0,0,0,0,0,1,0,0,0,0,0,0,0,0,0,0,0,0,0,0,0,0,0,0,0,0,0,0,0,0,0,0,0,0,0,0,0,0,0,0,0,0,0,0,0,0,0,0,0,0,0,0,0,0,0,0,0,0,0,0,0,0,0,0,0,0,0,0,0,0,0,0,0,0,0,0,0,0,0,0,0,0,0,0,0,1,0,0,0,0,0,0,0,0,0,0,0,0,0,1,1,0,1,0,1,1,1,1,1,1,1,1,1,1,1
261,32,2811,21,33.0,1.0,7.0,21.0,32.0,0.0,0.0,38.0,1.0,8.0,2.0,0.0,1.0,17.0,4.0,1.0,1.0,3.0,0.1392405063291139,0.0042194092827004,0.0295358649789029,0.0886075949367088,0.1350210970464135,0.0,0.0,0.160337552742616,0.0042194092827004,0.0337552742616033,0.0084388185654008,0.0,0.0042194092827004,0.0717299578059071,0.0168776371308016,0.0042194092827004,0.0042194092827004,0.0126582278481012,0,0,0,0,0,0,0,0,0,0,0,0,0,0,0,0,0,0,0,0,0,0,0,0,0,0,0,0,0,0,0,0,0,0,0,0,0,0,0,0,0,0,0,0,0,0,0,0,0,0,1,0,0,0,0,0,0,0,0,0,0,0,0,0,0,0,0,0,0,1,0,0,0,0,0,0,0,0,0,0,0,0,0,0,0,0,0,0,0,0,0,0,0,0,0,0,0,0,0,0,0,1,1,1,1,1,1,1,1,1,1,0,1,1,1,1,1,1
281,32,2914,13,8.0,0.0,0.0,38.0,0.0,0.0,0.0,69.0,0.0,2.0,0.0,82.0,10.0,18.0,2.0,0.0,10.0,7.0,0.014519056261343,0.0,0.0,0.0689655172413793,0.0,0.0,0.0,0.1252268602540834,0.0,0.0036297640653357,0.0,0.1488203266787658,0.0181488203266787,0.0326678765880217,0.0036297640653357,0.0,0.0181488203266787,0.0127041742286751,0,0,0,0,0,0,0,0,0,0,0,0,0,0,0,0,0,0,0,0,0,0,0,0,0,0,0,0,0,0,0,0,0,0,1,0,0,0,0,0,0,0,0,0,0,0,0,0,0,0,0,0,0,0,0,0,0,0,0,0,0,0,0,0,0,0,0,0,0,0,0,0,0,0,0,0,0,0,0,0,0,0,0,0,0,0,0,0,1,0,0,0,0,0,0,0,0,0,0,0,0,1,0,0,0,1,0,1,0,1,0,1,1,1,1,0,1,1
262,16,2519,18,5.0,4.0,0.0,45.0,0.0,0.0,7.0,45.0,6.0,3.0,0.0,33.0,0.0,52.0,2.0,36.0,6.0,1.0,0.0172413793103448,0.0137931034482758,0.0,0.1551724137931034,0.0,0.0,0.0241379310344827,0.1551724137931034,0.0206896551724137,0.0103448275862068,0.0,0.1137931034482758,0.0,0.1793103448275862,0.0068965517241379,0.1241379310344827,0.0206896551724137,0.0034482758620689,0,0,0,0,0,0,0,0,0,0,0,0,0,0,0,0,0,0,0,0,0,0,0,0,0,0,0,0,0,0,0,0,0,0,0,0,0,0,0,0,0,0,0,0,0,0,0,0,0,0,0,1,0,0,0,0,0,0,0,0,0,0,0,0,0,1,0,0,0,0,0,0,0,0,0,0,0,0,0,0,0,0,0,0,0,0,0,0,0,0,0,0,0,0,0,0,0,0,0,0,0,1,1,0,0,1,0,1,1,1,0,1,0,1,1,1,1,1
355,47,3556,19,2.0,11.0,43.0,18.0,0.0,0.0,30.0,41.0,14.0,8.0,0.0,106.0,4.0,16.0,4.0,9.0,4.0,17.0,0.0041666666666666,0.0229166666666666,0.0895833333333333,0.0375,0.0,0.0,0.0625,0.0854166666666666,0.0291666666666666,0.0166666666666666,0.0,0.2208333333333333,0.0083333333333333,0.0333333333333333,0.0083333333333333,0.01875,0.0083333333333333,0.0354166666666666,0,0,0,0,0,0,0,0,0,0,0,0,0,0,0,0,0,0,0,0,0,0,0,0,0,0,0,0,1,0,0,0,0,0,0,0,0,0,0,0,0,0,0,0,0,0,0,0,0,0,0,0,0,0,0,0,0,0,0,0,0,0,0,0,0,0,0,0,0,0,0,0,0,0,0,0,0,0,0,0,0,0,0,0,0,0,0,1,0,0,0,0,0,0,0,0,0,0,0,0,0,1,1,1,1,1,0,1,1,1,0,1,1,1,1,1,1,1
286,63,3156,34,25.0,8.0,2.0,16.0,9.0,0.0,0.0,38.0,2.0,4.0,0.0,74.0,2.0,33.0,5.0,6.0,3.0,3.0,0.0943396226415094,0.030188679245283,0.0075471698113207,0.060377358490566,0.0339622641509433,0.0,0.0,0.1433962264150943,0.0075471698113207,0.0150943396226415,0.0,0.2792452830188679,0.0075471698113207,0.1245283018867924,0.0188679245283018,0.0226415094339622,0.0113207547169811,0.0113207547169811,0,1,0,0,0,0,0,0,0,0,0,0,0,0,0,0,0,0,0,0,0,0,0,0,0,0,0,0,0,0,0,0,0,0,0,0,0,0,0,0,0,0,0,0,0,0,0,0,0,0,0,0,0,0,0,0,0,0,0,0,0,0,0,0,0,0,0,0,0,0,0,0,0,0,0,0,0,0,0,0,0,0,0,0,0,0,0,0,0,0,0,0,1,0,0,0,0,0,0,0,0,1,1,0,1,1,1,1,1,1,0,1,1,1,1,1,1,1
295,35,2667,30,49.0,20.0,15.0,27.0,9.0,0.0,0.0,31.0,4.0,3.0,2.0,0.0,11.0,22.0,5.0,0.0,1.0,5.0,0.1891891891891892,0.0772200772200772,0.0579150579150579,0.1042471042471042,0.0347490347490347,0.0,0.0,0.1196911196911196,0.0154440154440154,0.0115830115830115,0.0077220077220077,0.0,0.0424710424710424,0.0849420849420849,0.0193050193050193,0.0,0.0038610038610038,0.0193050193050193,0,0,0,0,1,0,0,0,0,0,0,0,0,0,0,0,0,0,0,0,0,0,0,0,0,0,0,0,0,0,0,0,0,0,0,0,0,0,0,0,0,0,0,0,0,0,0,0,0,0,0,0,0,0,0,0,0,0,0,0,0,0,0,0,0,1,0,0,0,0,0,0,0,0,0,0,0,0,0,0,0,0,0,0,0,0,0,0,0,0,0,0,0,0,0,0,0,0,0,0,0,1,1,1,1,1,1,1,1,1,1,0,1,1,1,0,1,1
508,102,5151,19,22.0,6.0,0.0,60.0,0.0,0.0,43.0,65.0,3.0,17.0,6.0,118.0,11.0,46.0,4.0,4.0,7.0,0.0,0.1189189189189189,0.0324324324324324,0.0,0.3243243243243243,0.0,0.0,0.2324324324324324,0.3513513513513513,0.0162162162162162,0.0918918918918919,0.0324324324324324,0.6378378378378379,0.0594594594594594,0.2486486486486486,0.0216216216216216,0.0216216216216216,0.0378378378378378,0.0,1,0,0,0,0,0,0,0,0,0,0,0,0,0,0,0,0,0,0,0,0,0,0,0,0,0,0,0,0,0,0,0,0,0,0,0,0,1,0,0,0,0,0,0,0,0,0,0,0,0,0,0,0,0,0,0,0,0,0,0,0,0,0,0,0,0,0,0,0,0,0,0,0,0,0,0,0,0,0,0,0,0,0,0,0,0,0,1,0,0,0,1,0,0,0,0,0,0,0,0,0,1,1,1,0,1,0,1,1,1,1,1,1,1,1,1,1,0
216,30,2218,16,3.0,4.0,6.0,22.0,0.0,0.0,12.0,25.0,0.0,5.0,0.0,70.0,0.0,33.0,2.0,0.0,4.0,7.0,0.0115830115830115,0.0154440154440154,0.0231660231660231,0.0849420849420849,0.0,0.0,0.0463320463320463,0.0965250965250965,0.0,0.0193050193050193,0.0,0.2702702702702703,0.0,0.1274131274131274,0.0077220077220077,0.0,0.0154440154440154,0.027027027027027,0,0,0,0,0,0,0,0,0,0,0,0,0,0,0,0,0,0,0,0,0,0,0,0,0,0,0,0,0,0,0,0,0,0,0,1,0,0,0,0,0,0,0,0,0,0,0,0,0,0,0,0,0,0,0,0,0,0,0,0,0,0,0,0,0,0,0,0,0,0,0,0,0,0,0,0,0,0,0,0,0,0,0,1,0,0,0,0,0,0,0,0,0,0,0,0,0,0,0,0,0,1,1,0,1,1,0,1,0,1,0,1,0,1,1,0,1,1
329,135,3483,25,24.0,12.0,3.0,16.0,12.0,6.0,0.0,18.0,3.0,11.0,6.0,116.0,6.0,20.0,18.0,3.0,7.0,5.0,0.0774193548387096,0.0387096774193548,0.0096774193548387,0.0516129032258064,0.0387096774193548,0.0193548387096774,0.0,0.0580645161290322,0.0096774193548387,0.0354838709677419,0.0193548387096774,0.3741935483870968,0.0193548387096774,0.064516129032258,0.0580645161290322,0.0096774193548387,0.0225806451612903,0.0161290322580645,0,0,0,0,0,0,0,0,0,0,0,0,0,0,0,0,0,0,0,0,0,0,0,0,0,0,0,0,0,0,0,0,0,0,0,0,0,0,0,0,0,0,0,0,0,0,0,1,0,0,0,0,0,0,0,0,0,0,0,0,0,0,0,0,0,0,0,0,0,0,0,0,0,0,0,0,1,0,0,0,0,0,0,0,0,0,0,0,0,0,0,0,0,0,0,0,0,0,0,0,0,1,1,1,1,1,1,1,1,1,1,1,1,1,1,1,1,1
501,62,5240,27,83.0,42.0,5.0,44.0,33.0,0.0,0.0,28.0,0.0,5.0,7.0,0.0,8.0,55.0,10.0,0.0,5.0,15.0,0.2577639751552795,0.1304347826086956,0.015527950310559,0.1366459627329192,0.1024844720496894,0.0,0.0,0.0869565217391304,0.0,0.015527950310559,0.0217391304347826,0.0,0.0248447204968944,0.170807453416149,0.031055900621118,0.0,0.015527950310559,0.046583850931677,0,0,0,0,0,0,0,0,0,0,0,0,0,0,0,0,0,0,0,0,0,0,0,0,0,0,0,0,0,0,0,0,0,1,0,0,0,0,0,0,0,0,0,0,0,0,0,0,0,0,0,0,0,0,0,0,0,0,0,0,0,0,0,0,0,0,0,0,0,0,0,0,0,0,0,1,0,0,0,0,0,0,0,0,0,0,0,0,0,0,0,0,0,0,0,0,0,0,0,0,0,1,1,1,1,1,1,1,0,1,1,0,1,1,1,0,1,1
346,39,3028,13,0.0,3.0,0.0,28.0,0.0,0.0,8.0,55.0,0.0,5.0,0.0,106.0,1.0,45.0,0.0,12.0,3.0,7.0,0.0,0.0086705202312138,0.0,0.0809248554913294,0.0,0.0,0.0231213872832369,0.1589595375722543,0.0,0.0144508670520231,0.0,0.3063583815028902,0.0028901734104046,0.130057803468208,0.0,0.0346820809248554,0.0086705202312138,0.0202312138728323,0,0,1,0,0,0,0,0,0,0,0,0,0,0,0,0,0,0,0,0,0,0,0,0,0,0,0,0,0,0,0,0,0,0,0,0,0,0,0,0,0,0,0,0,0,0,0,0,0,0,0,0,0,0,0,0,0,0,0,0,0,0,0,0,0,0,0,0,0,0,0,0,0,0,0,0,0,0,0,0,0,0,0,0,0,0,0,0,1,0,0,0,0,0,0,0,0,0,0,0,0,0,1,0,0,1,0,1,0,1,0,1,1,1,0,1,1,1
264,52,2740,25,0.0,4.0,1.0,23.0,0.0,0.0,0.0,17.0,6.0,5.0,2.0,77.0,1.0,21.0,0.0,10.0,6.0,13.0,0.0,0.0141342756183745,0.0035335689045936,0.0812720848056537,0.0,0.0,0.0,0.0600706713780918,0.0212014134275618,0.0176678445229682,0.0070671378091872,0.2720848056537102,0.0035335689045936,0.0742049469964664,0.0,0.0353356890459364,0.0212014134275618,0.0459363957597173,0,0,0,0,0,0,0,0,0,0,0,0,0,0,0,0,0,0,0,0,0,0,0,0,0,0,0,0,0,0,0,0,0,0,0,0,0,0,0,0,0,0,0,0,0,0,0,0,0,0,0,0,0,0,0,0,0,0,0,0,1,0,0,0,0,0,0,0,0,0,0,0,0,0,0,0,0,0,0,0,0,0,0,0,0,0,0,0,1,0,0,0,0,0,0,0,0,0,0,0,0,0,1,1,1,1,0,1,1,1,1,1,1,1,0,1,1,1
353,41,3297,19,57.0,0.0,0.0,50.0,7.0,0.0,0.0,14.0,0.0,17.0,3.0,122.0,18.0,5.0,1.0,4.0,0.0,3.0,0.173780487804878,0.0,0.0,0.1524390243902439,0.0213414634146341,0.0,0.0,0.0426829268292682,0.0,0.0518292682926829,0.0091463414634146,0.3719512195121951,0.0548780487804878,0.0152439024390243,0.0030487804878048,0.0121951219512195,0.0,0.0091463414634146,0,0,0,0,0,0,0,0,0,0,0,0,0,0,0,0,0,1,0,0,0,0,0,0,0,0,0,0,0,0,0,0,0,0,0,0,0,0,0,0,0,0,0,0,0,0,0,0,0,0,0,0,0,0,0,0,0,0,0,0,0,0,0,0,0,0,1,0,0,0,0,0,0,0,0,0,0,0,0,0,0,0,0,0,0,0,0,0,0,0,0,0,0,0,0,0,0,0,0,0,0,1,0,1,0,1,1,1,0,1,1,1,1,1,1,1,0,1
288,38,2865,20,28.0,3.0,0.0,56.0,8.0,0.0,0.0,48.0,0.0,1.0,0.0,0.0,1.0,23.0,1.0,0.0,1.0,7.0,0.0825958702064896,0.0088495575221238,0.0,0.1651917404129793,0.023598820058997,0.0,0.0,0.1415929203539823,0.0,0.0029498525073746,0.0,0.0,0.0029498525073746,0.0678466076696165,0.0029498525073746,0.0,0.0029498525073746,0.0206489675516224,0,0,0,0,0,0,0,0,0,0,0,0,0,0,0,1,0,0,0,0,0,0,0,0,0,0,0,0,0,0,0,0,0,0,0,0,0,0,0,0,0,0,0,0,0,0,0,0,0,0,0,0,0,0,0,0,0,0,0,0,0,0,0,0,0,0,0,0,0,0,0,0,0,0,0,0,0,1,0,0,0,0,0,0,0,0,0,0,0,0,0,0,0,0,0,0,0,0,0,0,1,1,1,1,0,1,1,1,0,1,0,0,1,1,1,0,1,1
295,44,2791,17,40.0,0.0,29.0,36.0,0.0,32.0,0.0,25.0,5.0,1.0,1.0,59.0,1.0,25.0,4.0,4.0,1.0,0.0,0.1388888888888889,0.0,0.1006944444444444,0.125,0.0,0.1111111111111111,0.0,0.0868055555555555,0.0173611111111111,0.0034722222222222,0.0034722222222222,0.2048611111111111,0.0034722222222222,0.0868055555555555,0.0138888888888888,0.0138888888888888,0.0034722222222222,0.0,0,0,0,0,0,0,0,0,0,0,0,0,0,0,0,0,0,1,0,0,0,0,0,0,0,0,0,0,0,0,0,0,0,0,0,0,0,0,0,0,0,0,0,0,0,0,0,0,0,0,0,0,0,0,0,0,0,0,0,0,0,0,0,0,1,0,0,0,0,0,0,0,0,0,0,0,0,0,0,0,0,0,0,0,0,0,0,0,0,0,0,0,0,0,0,0,0,0,0,0,0,1,0,1,1,1,0,1,1,1,1,1,1,1,1,1,1,0
318,55,2707,28,11.0,32.0,12.0,37.0,3.0,0.0,0.0,31.0,0.0,9.0,3.0,0.0,29.0,42.0,6.0,0.0,5.0,2.0,0.0434782608695652,0.1264822134387351,0.0474308300395256,0.1462450592885375,0.0118577075098814,0.0,0.0,0.1225296442687747,0.0,0.0355731225296442,0.0118577075098814,0.0,0.1146245059288537,0.1660079051383399,0.0237154150197628,0.0,0.0197628458498023,0.0079051383399209,0,0,0,0,0,0,0,0,0,0,0,0,0,0,0,0,0,0,0,0,0,0,0,0,0,0,0,0,0,1,0,0,0,0,0,0,0,0,0,0,0,0,0,0,0,0,0,0,0,0,0,0,0,0,0,0,0,0,0,0,0,0,0,0,0,0,0,0,0,0,0,0,0,0,0,0,0,0,0,0,0,0,0,0,0,0,0,0,0,0,0,0,0,0,0,0,0,0,0,1,0,1,1,0,1,1,1,1,0,1,1,0,1,1,1,0,1,1
367,78,3214,15,26.0,6.0,1.0,85.0,0.0,0.0,0.0,104.0,23.0,2.0,0.0,63.0,0.0,30.0,0.0,6.0,0.0,0.0,0.0815047021943573,0.018808777429467,0.0031347962382445,0.2664576802507837,0.0,0.0,0.0,0.3260188087774294,0.0721003134796238,0.006269592476489,0.0,0.1974921630094044,0.0,0.0940438871473354,0.0,0.018808777429467,0.0,0.0,0,0,0,0,0,0,0,0,0,0,0,0,0,0,0,0,0,0,0,0,0,0,0,0,0,0,0,0,0,0,0,0,0,0,0,0,0,0,0,0,0,0,0,0,0,0,0,0,0,0,0,0,0,0,0,0,1,0,0,0,0,0,0,0,0,0,0,0,0,0,0,0,0,0,0,0,0,0,0,0,0,0,0,0,0,0,1,0,0,0,0,0,0,0,0,0,0,0,0,0,0,1,1,0,1,1,0,1,1,1,0,1,0,1,0,1,0,0
213,33,2628,15,0.0,7.0,0.0,71.0,0.0,0.0,0.0,20.0,5.0,6.0,0.0,50.0,6.0,15.0,3.0,7.0,6.0,5.0,0.0,0.0267175572519083,0.0,0.2709923664122137,0.0,0.0,0.0,0.0763358778625954,0.0190839694656488,0.0229007633587786,0.0,0.1908396946564885,0.0229007633587786,0.0572519083969465,0.0114503816793893,0.0267175572519083,0.0229007633587786,0.0190839694656488,0,0,0,0,0,0,0,0,0,0,0,0,0,0,0,0,0,0,0,0,0,0,0,0,1,0,0,0,0,0,0,0,0,0,0,0,0,0,0,0,0,0,0,0,0,0,0,0,0,0,0,0,0,0,0,0,0,0,0,0,0,0,0,0,0,0,0,0,0,0,0,0,0,0,0,0,0,0,0,1,0,0,0,0,0,0,0,0,0,0,0,0,0,0,0,0,0,0,0,0,0,0,1,1,0,1,0,1,1,1,0,1,1,1,1,1,1,1
256,59,2812,20,0.0,1.0,1.0,32.0,0.0,0.0,9.0,32.0,7.0,1.0,0.0,96.0,2.0,41.0,10.0,2.0,8.0,0.0,0.0,0.00390625,0.00390625,0.125,0.0,0.0,0.03515625,0.125,0.02734375,0.00390625,0.0,0.375,0.0078125,0.16015625,0.0390625,0.0078125,0.03125,0.0,0,0,0,0,0,0,0,0,0,0,0,0,0,0,0,0,0,0,0,0,0,0,0,0,1,0,0,0,0,0,0,0,0,0,0,0,0,0,0,0,0,0,0,0,0,0,0,0,0,0,0,0,0,0,0,0,0,0,0,0,0,0,0,0,0,0,0,0,0,0,0,0,0,0,0,0,0,0,0,0,0,0,0,0,0,0,0,0,1,0,0,0,0,0,0,0,0,0,0,0,0,0,1,0,1,1,0,1,1,1,0,1,1,1,1,1,1,0
300,50,2735,20,0.0,4.0,0.0,31.0,0.0,0.0,0.0,35.0,9.0,15.0,3.0,86.0,14.0,32.0,11.0,0.0,2.0,0.0,0.0,0.0123839009287925,0.0,0.0959752321981424,0.0,0.0,0.0,0.1083591331269349,0.0278637770897832,0.0464396284829721,0.0092879256965944,0.2662538699690402,0.0433436532507739,0.0990712074303405,0.0340557275541795,0.0,0.0061919504643962,0.0,0,0,0,0,0,0,0,0,0,0,0,0,0,0,0,0,0,0,0,0,0,0,0,0,0,0,0,0,0,0,0,0,0,0,0,0,0,0,0,0,0,0,0,0,0,0,0,0,0,0,0,1,0,0,0,0,0,0,0,0,0,0,0,0,0,0,1,0,0,0,0,0,0,0,0,0,0,0,0,0,0,0,0,0,0,0,0,0,0,0,0,0,0,0,0,0,0,0,0,0,0,0,1,0,0,1,0,1,1,1,1,1,1,1,1,0,1,0
229,33,2334,17,49.0,16.0,11.0,17.0,19.0,0.0,0.0,19.0,2.0,0.0,1.0,43.0,1.0,17.0,4.0,0.0,2.0,0.0,0.1689655172413793,0.0551724137931034,0.0379310344827586,0.0586206896551724,0.0655172413793103,0.0,0.0,0.0655172413793103,0.0068965517241379,0.0,0.0034482758620689,0.1482758620689655,0.0034482758620689,0.0586206896551724,0.0137931034482758,0.0,0.0068965517241379,0.0,0,0,0,0,0,0,0,0,0,0,0,0,0,0,0,0,0,0,0,0,0,0,0,0,0,0,0,0,0,0,0,0,1,0,0,0,0,0,0,0,0,0,0,0,0,0,0,0,0,0,0,0,0,0,0,0,0,0,0,0,0,0,0,0,0,0,0,0,0,1,0,0,0,0,0,0,0,0,0,0,0,0,0,0,0,0,0,0,0,0,0,0,0,0,0,0,0,0,0,0,0,1,1,1,1,1,1,1,1,0,1,1,1,1,1,0,1,0
230,49,2437,18,0.0,3.0,15.0,25.0,0.0,0.0,0.0,21.0,0.0,1.0,0.0,104.0,2.0,14.0,4.0,8.0,3.0,0.0,0.0,0.0130434782608695,0.0652173913043478,0.108695652173913,0.0,0.0,0.0,0.0913043478260869,0.0,0.0043478260869565,0.0,0.4521739130434782,0.008695652173913,0.0608695652173913,0.017391304347826,0.0347826086956521,0.0130434782608695,0.0,0,0,0,0,0,0,0,0,0,0,0,0,0,0,0,0,0,0,0,0,0,0,0,0,1,0,0,0,0,0,0,0,0,0,0,0,0,0,0,0,0,0,0,0,0,0,0,0,0,0,0,0,0,0,0,0,0,0,0,0,0,0,0,0,0,0,0,0,0,0,0,0,0,0,0,0,1,0,0,0,0,0,0,0,0,0,0,0,0,0,0,0,0,0,0,0,0,0,0,0,0,0,1,0,1,1,0,1,0,1,0,1,1,1,1,1,1,0
257,45,2760,18,34.0,12.0,0.0,31.0,0.0,0.0,0.0,46.0,10.0,8.0,0.0,53.0,6.0,14.0,1.0,2.0,1.0,0.0,0.1642512077294686,0.0579710144927536,0.0,0.1497584541062802,0.0,0.0,0.0,0.2222222222222222,0.0483091787439613,0.038647342995169,0.0,0.2560386473429952,0.0289855072463768,0.0676328502415458,0.0048309178743961,0.0096618357487922,0.0048309178743961,0.0,0,0,0,0,0,0,0,0,0,0,0,0,0,0,0,0,0,0,0,0,0,0,0,0,0,0,0,0,0,0,0,0,0,0,0,0,0,0,0,0,0,0,0,0,0,0,0,0,0,0,0,1,0,0,0,0,0,0,0,0,0,0,0,0,0,0,1,0,0,0,0,0,0,0,0,0,0,0,0,0,0,0,0,1,0,0,0,0,0,0,0,0,0,0,0,0,0,0,0,0,0,1,1,1,0,1,0,1,1,1,0,1,1,1,1,1,1,0
240,42,2683,19,8.0,12.0,6.0,27.0,0.0,0.0,0.0,26.0,1.0,3.0,36.0,65.0,5.0,6.0,19.0,0.0,4.0,15.0,0.0296296296296296,0.0444444444444444,0.0222222222222222,0.1,0.0,0.0,0.0,0.0962962962962963,0.0037037037037037,0.0111111111111111,0.1333333333333333,0.2407407407407407,0.0185185185185185,0.0222222222222222,0.0703703703703703,0.0,0.0148148148148148,0.0555555555555555,0,0,0,0,0,0,0,0,0,0,0,0,0,0,0,0,0,0,0,0,0,0,0,0,0,0,0,0,0,0,0,0,0,0,0,0,0,0,0,0,0,0,0,0,0,0,0,1,0,0,0,0,0,0,0,0,0,0,0,0,0,0,0,0,0,0,0,0,0,0,0,0,0,0,0,0,0,0,0,0,0,0,0,1,0,0,0,0,0,0,0,0,0,0,0,0,0,0,0,0,0,1,1,1,1,1,0,1,1,1,1,1,1,1,1,0,1,1
264,39,2804,19,34.0,4.0,9.0,18.0,36.0,0.0,0.0,25.0,12.0,9.0,5.0,0.0,7.0,24.0,7.0,3.0,3.0,7.0,0.1107491856677524,0.013029315960912,0.0293159609120521,0.0586319218241042,0.1172638436482084,0.0,0.0,0.0814332247557003,0.0390879478827361,0.0293159609120521,0.01628664495114,0.0,0.022801302931596,0.0781758957654723,0.022801302931596,0.009771986970684,0.009771986970684,0.022801302931596,0,0,0,0,0,0,0,0,0,0,0,0,0,0,0,0,0,0,0,0,0,0,0,0,0,0,0,0,0,0,0,0,0,0,0,0,0,0,0,0,0,0,0,0,0,0,0,0,0,0,0,1,0,0,0,0,0,0,0,0,0,0,0,0,0,0,0,0,1,0,0,0,0,0,0,0,0,0,0,0,0,0,0,0,0,0,0,0,0,0,0,0,0,0,0,0,0,0,0,0,0,1,1,1,1,1,1,1,1,1,1,0,1,1,1,1,1,1
286,72,3348,16,10.0,11.0,0.0,42.0,0.0,0.0,11.0,31.0,4.0,11.0,5.0,80.0,0.0,35.0,12.0,5.0,0.0,7.0,0.0389105058365758,0.0428015564202334,0.0,0.1634241245136186,0.0,0.0,0.0428015564202334,0.1206225680933852,0.0155642023346303,0.0428015564202334,0.0194552529182879,0.311284046692607,0.0,0.1361867704280155,0.046692607003891,0.0194552529182879,0.0,0.0272373540856031,0,0,0,0,0,0,0,0,0,0,0,0,0,0,0,0,0,0,0,0,0,0,0,0,0,0,0,0,0,0,0,0,0,0,0,0,0,0,0,0,0,0,0,0,0,0,0,0,0,0,0,0,0,0,0,0,0,0,0,1,0,0,0,0,0,0,0,0,0,0,0,0,0,0,1,0,0,0,0,0,0,0,0,0,0,1,0,0,0,0,0,0,0,0,0,0,0,0,0,0,0,1,1,1,0,1,0,1,1,1,1,1,0,1,1,1,0,1
229,27,2757,15,0.0,1.0,0.0,29.0,0.0,0.0,12.0,36.0,0.0,1.0,0.0,81.0,3.0,41.0,2.0,8.0,5.0,0.0,0.0,0.0043668122270742,0.0,0.1266375545851528,0.0,0.0,0.0524017467248908,0.1572052401746725,0.0,0.0043668122270742,0.0,0.3537117903930131,0.0131004366812227,0.1790393013100436,0.0087336244541484,0.0349344978165938,0.0218340611353711,0.0,0,0,0,0,0,0,0,0,0,0,0,0,0,0,0,0,0,0,0,0,0,0,0,0,0,0,0,0,0,0,0,0,0,0,0,0,0,1,0,0,0,0,0,0,0,0,0,0,0,0,0,0,0,0,0,0,0,0,0,0,0,0,0,0,0,0,0,0,0,0,0,0,0,0,0,0,1,0,0,0,0,0,0,0,0,0,0,0,0,0,0,0,0,1,0,0,1,0,0,0,0,0,1,0,0,1,0,1,0,1,0,1,1,1,1,1,1,0
234,48,2564,27,39.0,16.0,10.0,21.0,16.0,0.0,0.0,17.0,0.0,10.0,0.0,0.0,2.0,22.0,0.0,0.0,2.0,7.0,0.1397849462365591,0.057347670250896,0.03584229390681,0.075268817204301,0.057347670250896,0.0,0.0,0.060931899641577,0.0,0.03584229390681,0.0,0.0,0.007168458781362,0.078853046594982,0.0,0.0,0.007168458781362,0.025089605734767,0,0,0,0,0,0,0,0,0,0,0,0,0,0,0,0,0,0,0,0,0,0,0,0,0,0,0,0,0,0,1,0,0,0,0,0,0,0,0,0,0,0,0,0,0,0,0,0,0,0,0,0,0,0,0,0,0,0,0,0,0,0,0,0,0,0,0,0,0,0,0,0,0,0,0,0,0,1,0,0,0,0,0,0,0,0,0,0,0,0,0,0,0,0,0,0,0,0,0,0,1,1,1,1,1,1,1,1,0,1,0,0,1,1,0,0,1,1
275,39,2585,19,0.0,13.0,0.0,34.0,0.0,0.0,0.0,53.0,1.0,8.0,0.0,80.0,6.0,38.0,4.0,2.0,2.0,0.0,0.0,0.0353260869565217,0.0,0.092391304347826,0.0,0.0,0.0,0.1440217391304347,0.0027173913043478,0.0217391304347826,0.0,0.217391304347826,0.0163043478260869,0.1032608695652173,0.0108695652173913,0.0054347826086956,0.0054347826086956,0.0,0,0,0,0,0,0,0,0,0,0,0,0,0,0,0,0,0,0,0,0,0,0,0,0,0,0,0,0,0,0,0,0,0,0,0,0,0,0,0,0,0,0,0,0,0,0,0,1,0,0,0,0,0,0,0,0,0,0,0,0,0,0,0,0,0,0,0,0,0,0,0,0,0,0,0,0,0,0,0,1,0,0,0,0,0,0,0,0,0,0,0,0,0,0,0,0,0,0,0,0,0,0,1,0,0,1,0,1,1,1,0,1,1,1,1,1,1,0
268,37,3192,21,7.0,3.0,15.0,32.0,3.0,0.0,0.0,19.0,3.0,1.0,6.0,72.0,7.0,24.0,2.0,5.0,2.0,26.0,0.0264150943396226,0.0113207547169811,0.0566037735849056,0.120754716981132,0.0113207547169811,0.0,0.0,0.0716981132075471,0.0113207547169811,0.0037735849056603,0.0226415094339622,0.2716981132075471,0.0264150943396226,0.090566037735849,0.0075471698113207,0.0188679245283018,0.0075471698113207,0.0981132075471698,0,0,0,0,0,0,0,0,0,0,0,0,0,0,0,0,0,0,0,0,0,0,0,0,0,0,0,0,0,0,0,0,0,0,0,0,0,0,0,0,0,0,0,0,0,0,0,0,0,0,0,1,0,0,0,0,0,0,0,0,0,1,0,0,0,0,0,0,0,0,0,0,0,0,0,0,0,0,0,0,0,0,0,0,0,0,0,0,0,0,0,0,0,0,0,0,0,0,0,0,0,1,1,1,1,1,1,1,1,1,1,1,1,1,1,1,1,1
256,38,2623,17,18.0,0.0,0.0,28.0,16.0,0.0,0.0,28.0,5.0,2.0,1.0,46.0,5.0,45.0,1.0,25.0,3.0,3.0,0.0759493670886076,0.0,0.0,0.1181434599156118,0.0675105485232067,0.0,0.0,0.1181434599156118,0.0210970464135021,0.0084388185654008,0.0042194092827004,0.1940928270042194,0.0210970464135021,0.189873417721519,0.0042194092827004,0.1054852320675105,0.0126582278481012,0.0126582278481012,0,0,0,0,0,0,0,0,0,0,0,0,0,0,0,0,0,0,0,0,0,0,1,0,0,0,0,0,0,0,0,0,0,0,0,0,0,0,0,0,1,0,0,0,0,0,0,0,0,0,0,0,0,0,0,0,0,0,0,0,0,0,0,0,0,0,0,0,0,0,0,0,0,0,0,0,0,0,0,0,0,0,0,1,0,0,0,0,0,0,0,0,0,0,0,0,0,0,0,0,0,1,0,1,0,1,1,1,1,1,1,1,1,1,1,1,1,1
207,39,1986,20,40.0,14.0,0.0,25.0,0.0,0.0,0.0,25.0,0.0,3.0,2.0,49.0,11.0,10.0,3.0,3.0,2.0,0.0,0.1526717557251908,0.0534351145038167,0.0,0.0954198473282442,0.0,0.0,0.0,0.0954198473282442,0.0,0.0114503816793893,0.0076335877862595,0.1870229007633587,0.0419847328244274,0.0381679389312977,0.0114503816793893,0.0114503816793893,0.0076335877862595,0.0,0,0,0,0,0,0,0,0,0,0,0,0,0,0,0,0,0,0,0,0,0,0,0,0,1,0,0,0,0,0,0,0,0,0,0,0,0,0,0,0,0,0,0,0,0,0,0,0,0,0,0,0,0,0,0,0,0,0,0,0,0,0,0,0,0,0,0,0,0,0,0,0,0,0,1,0,0,0,0,0,0,0,0,0,0,1,0,1,0,0,0,0,0,0,0,0,0,0,0,0,0,1,1,1,0,1,0,1,0,1,1,1,1,1,1,1,1,0
223,11,2534,16,0.0,1.0,3.0,22.0,0.0,0.0,0.0,29.0,4.0,0.0,3.0,75.0,1.0,17.0,4.0,2.0,8.0,0.0,0.0,0.0035587188612099,0.0106761565836298,0.0782918149466192,0.0,0.0,0.0,0.1032028469750889,0.0142348754448398,0.0,0.0106761565836298,0.2669039145907473,0.0035587188612099,0.0604982206405693,0.0142348754448398,0.0071174377224199,0.0284697508896797,0.0,0,0,0,0,0,0,0,0,0,0,0,0,0,0,0,0,0,0,0,0,0,0,0,0,0,0,0,0,0,0,0,0,0,0,0,0,0,1,0,0,0,0,0,0,0,0,0,0,0,0,0,0,0,0,0,0,0,0,0,0,0,0,0,0,0,0,0,0,0,0,0,0,0,0,0,0,1,0,0,0,0,0,0,0,0,0,0,0,0,0,0,0,0,0,0,0,0,0,0,0,0,0,1,0,1,1,0,1,1,0,1,1,1,1,1,1,1,0
243,48,2707,17,44.0,2.0,31.0,24.0,21.0,0.0,0.0,19.0,0.0,3.0,1.0,0.0,7.0,34.0,3.0,0.0,2.0,0.0,0.2018348623853211,0.0091743119266055,0.1422018348623853,0.110091743119266,0.0963302752293578,0.0,0.0,0.0871559633027523,0.0,0.0137614678899082,0.0045871559633027,0.0,0.0321100917431192,0.1559633027522936,0.0137614678899082,0.0,0.0091743119266055,0.0,0,0,0,0,0,0,0,0,0,0,0,0,0,0,0,0,0,1,0,0,0,0,0,0,0,0,0,0,0,0,0,0,0,0,0,0,0,0,0,0,0,0,0,0,0,0,0,0,0,0,0,0,0,0,0,0,0,0,0,0,0,0,0,0,0,0,0,0,0,0,0,0,0,1,0,0,0,0,0,0,0,1,0,0,0,0,0,0,0,0,0,0,0,0,0,0,0,0,0,0,0,1,1,0,1,1,1,1,0,1,1,0,1,1,1,0,1,0
273,30,2869,14,0.0,5.0,0.0,42.0,0.0,0.0,52.0,26.0,2.0,4.0,0.0,103.0,1.0,30.0,1.0,1.0,4.0,1.0,0.0,0.0194552529182879,0.0,0.1634241245136186,0.0,0.0,0.2023346303501945,0.1011673151750972,0.0077821011673151,0.0155642023346303,0.0,0.4007782101167315,0.0038910505836575,0.1167315175097276,0.0038910505836575,0.0038910505836575,0.0155642023346303,0.0038910505836575,0,0,0,0,0,0,0,0,0,0,0,0,0,0,0,0,0,0,0,0,0,0,0,0,0,0,0,0,0,0,0,0,0,0,0,0,0,0,0,0,0,0,0,0,0,0,0,1,0,0,0,0,0,0,0,0,0,0,0,0,0,0,0,0,0,0,0,0,0,0,0,0,0,0,0,0,0,0,0,0,0,0,0,0,1,0,0,0,0,0,0,0,0,0,0,0,0,0,0,0,0,0,1,1,0,1,0,1,1,1,0,1,1,1,1,1,1,1
319,41,2983,23,21.0,7.0,21.0,34.0,21.0,19.0,0.0,8.0,10.0,19.0,1.0,75.0,3.0,31.0,9.0,6.0,0.0,0.0,0.0654205607476635,0.0218068535825545,0.0654205607476635,0.1059190031152648,0.0654205607476635,0.0591900311526479,0.0,0.0249221183800623,0.0311526479750778,0.0591900311526479,0.0031152647975077,0.2336448598130841,0.0093457943925233,0.0965732087227414,0.02803738317757,0.0186915887850467,0.0,0.0,0,0,0,0,0,0,0,0,0,0,0,0,0,0,0,0,0,1,0,0,0,0,0,0,0,0,0,0,0,0,0,0,0,0,0,0,0,0,0,0,0,0,0,0,0,0,0,0,0,0,0,0,0,0,0,0,0,0,0,0,0,0,0,0,0,0,0,0,1,0,0,0,0,0,0,0,0,0,0,0,0,0,0,0,0,0,0,0,0,0,0,0,0,0,0,0,0,0,0,0,0,1,1,1,1,1,1,1,1,1,1,1,1,1,1,1,0,0
226,31,2609,16,50.0,6.0,4.0,28.0,9.0,0.0,0.0,33.0,5.0,8.0,5.0,0.0,4.0,23.0,10.0,1.0,8.0,1.0,0.2212389380530973,0.0265486725663716,0.0176991150442477,0.1238938053097345,0.0398230088495575,0.0,0.0,0.1460176991150442,0.0221238938053097,0.0353982300884955,0.0221238938053097,0.0,0.0176991150442477,0.1017699115044247,0.0442477876106194,0.0044247787610619,0.0353982300884955,0.0044247787610619,0,0,0,0,1,0,0,0,0,0,0,0,0,0,0,0,0,0,0,0,0,0,0,0,0,0,0,0,0,0,0,0,0,0,0,0,0,0,0,0,0,0,0,0,0,0,0,0,0,0,0,0,0,0,0,0,0,0,0,0,0,0,0,0,0,1,0,0,0,0,0,0,0,0,0,0,0,0,0,0,0,0,0,0,0,0,0,0,0,0,0,0,0,0,0,0,0,0,0,0,0,1,1,0,1,1,1,1,1,1,1,0,1,1,1,1,1,1
243,24,2939,14,0.0,7.0,0.0,47.0,0.0,0.0,0.0,49.0,0.0,3.0,10.0,68.0,14.0,22.0,5.0,4.0,2.0,4.0,0.0,0.0288065843621399,0.0,0.1934156378600823,0.0,0.0,0.0,0.2016460905349794,0.0,0.0123456790123456,0.0411522633744856,0.279835390946502,0.0576131687242798,0.0905349794238683,0.0205761316872428,0.0164609053497942,0.0082304526748971,0.0164609053497942,0,0,0,0,0,0,0,0,1,0,0,0,0,0,0,0,0,0,0,0,0,0,0,0,0,0,0,0,0,0,0,0,0,0,0,0,0,0,0,0,0,0,0,0,0,0,0,0,0,0,0,0,0,0,0,0,0,0,0,0,0,0,0,0,0,0,0,0,0,0,0,0,0,0,0,0,0,0,0,0,0,0,0,0,0,0,0,1,0,0,0,0,0,0,0,0,0,0,0,0,0,0,1,0,0,1,0,1,0,1,1,1,1,1,1,1,1,1
281,20,3063,21,0.0,5.0,27.0,12.0,0.0,0.0,55.0,22.0,9.0,4.0,5.0,76.0,0.0,26.0,9.0,2.0,1.0,0.0,0.0,0.0196850393700787,0.1062992125984252,0.0472440944881889,0.0,0.0,0.2165354330708661,0.0866141732283464,0.0354330708661417,0.0157480314960629,0.0196850393700787,0.2992125984251969,0.0,0.1023622047244094,0.0354330708661417,0.0078740157480314,0.0039370078740157,0.0,0,0,0,0,0,0,0,0,0,0,0,0,0,0,0,0,0,0,0,1,0,0,0,0,0,0,0,0,0,0,0,0,0,0,0,0,0,0,0,0,0,0,0,0,0,0,0,0,0,0,0,0,0,0,0,0,0,0,0,0,0,0,0,0,0,1,0,0,0,0,0,0,0,0,0,0,0,0,0,0,0,0,0,0,0,0,0,0,0,0,0,0,0,0,0,0,0,0,0,0,0,0,1,0,1,1,0,1,1,1,1,1,0,1,1,1,1,0
198,50,2482,18,0.0,4.0,0.0,19.0,0.0,0.0,16.0,16.0,13.0,5.0,2.0,45.0,2.0,23.0,3.0,4.0,0.0,0.0,0.0,0.0146520146520146,0.0,0.0695970695970696,0.0,0.0,0.0586080586080586,0.0586080586080586,0.0476190476190476,0.0183150183150183,0.0073260073260073,0.1648351648351648,0.0073260073260073,0.0842490842490842,0.0109890109890109,0.0146520146520146,0.0,0.0,0,0,0,0,0,0,0,0,0,0,0,0,0,0,0,0,0,0,0,0,0,0,0,0,1,0,0,0,0,0,0,0,0,0,0,0,0,0,0,0,0,0,0,0,0,0,0,0,0,0,0,0,0,0,0,0,0,0,0,0,0,0,0,0,0,0,0,0,0,0,0,0,0,0,0,0,0,0,0,0,0,0,0,0,0,0,0,1,0,0,0,0,0,0,0,0,0,0,0,0,0,0,1,0,0,1,0,1,1,1,1,1,1,1,1,1,0,0
282,51,2805,15,10.0,12.0,0.0,16.0,0.0,0.0,73.0,38.0,0.0,0.0,0.0,89.0,0.0,28.0,1.0,0.0,1.0,0.0,0.048076923076923,0.0576923076923076,0.0,0.0769230769230769,0.0,0.0,0.3509615384615384,0.1826923076923076,0.0,0.0,0.0,0.4278846153846153,0.0,0.1346153846153846,0.0048076923076923,0.0,0.0048076923076923,0.0,0,0,0,0,0,0,0,0,0,0,0,0,0,0,0,0,0,0,0,0,0,0,0,0,0,0,0,0,0,0,0,0,0,0,0,0,0,0,0,0,0,0,0,0,0,0,0,1,0,0,0,0,0,0,0,0,0,0,0,0,0,0,0,0,0,0,0,0,0,0,0,0,0,0,1,0,0,0,0,0,0,0,0,0,0,1,0,0,0,0,0,0,0,0,0,0,0,0,0,0,0,1,1,0,0,1,0,1,0,0,0,1,0,1,1,0,1,0
260,63,3047,25,0.0,15.0,35.0,37.0,10.0,0.0,0.0,30.0,0.0,6.0,1.0,0.0,12.0,57.0,1.0,0.0,0.0,3.0,0.0,0.0530035335689045,0.1236749116607773,0.1307420494699646,0.0353356890459364,0.0,0.0,0.1060070671378091,0.0,0.0212014134275618,0.0035335689045936,0.0,0.0424028268551236,0.2014134275618374,0.0035335689045936,0.0,0.0,0.0106007067137809,0,0,0,0,0,0,0,0,0,0,0,0,0,0,0,0,0,0,0,0,0,0,0,0,0,0,0,0,0,0,0,0,0,0,0,0,0,0,0,0,0,1,0,0,0,0,0,0,0,0,0,0,0,0,0,0,0,0,0,0,0,0,0,0,0,0,0,0,0,0,0,0,0,0,0,0,0,0,0,0,0,0,0,0,0,0,0,0,0,0,1,0,0,0,0,0,0,0,0,0,0,0,1,1,1,1,1,1,0,1,1,0,1,1,1,0,0,1
267,46,3064,27,14.0,0.0,0.0,26.0,3.0,0.0,0.0,37.0,0.0,4.0,1.0,71.0,18.0,12.0,7.0,18.0,4.0,0.0,0.0460526315789473,0.0,0.0,0.0855263157894736,0.0098684210526315,0.0,0.0,0.1217105263157894,0.0,0.0131578947368421,0.0032894736842105,0.2335526315789473,0.0592105263157894,0.0394736842105263,0.0230263157894736,0.0592105263157894,0.0131578947368421,0.0,0,0,0,0,0,0,0,0,0,0,1,0,0,0,0,0,0,0,0,0,0,0,0,0,0,0,0,0,0,0,0,0,0,0,0,0,0,0,0,0,0,0,0,0,0,0,0,0,0,0,0,0,0,0,0,0,0,0,0,0,0,0,0,0,0,0,0,0,0,0,0,0,0,0,0,0,0,0,0,0,0,0,0,1,0,0,0,0,0,0,0,0,0,0,0,0,0,0,0,0,0,1,0,1,0,1,1,1,0,1,1,1,1,1,1,1,1,0
281,78,2846,18,15.0,6.0,9.0,43.0,7.0,0.0,0.0,51.0,8.0,8.0,3.0,85.0,1.0,3.0,18.0,3.0,11.0,2.0,0.0449101796407185,0.0179640718562874,0.0269461077844311,0.1287425149700598,0.0209580838323353,0.0,0.0,0.1526946107784431,0.0239520958083832,0.0239520958083832,0.0089820359281437,0.2544910179640718,0.0029940119760479,0.0089820359281437,0.0538922155688622,0.0089820359281437,0.0329341317365269,0.0059880239520958,0,0,0,0,0,1,0,0,0,0,0,0,0,0,0,0,0,0,0,0,0,0,0,0,0,0,0,0,0,0,0,0,0,0,0,0,0,0,0,0,0,0,0,0,0,0,0,0,0,0,0,0,0,0,0,0,0,0,0,0,0,0,0,0,0,0,1,0,0,0,0,0,0,0,0,0,0,0,0,0,0,0,0,0,0,0,0,0,0,0,0,0,0,0,0,0,0,0,0,0,0,1,1,0,1,1,1,1,1,1,1,1,1,1,1,1,1,1
245,52,2991,21,22.0,0.0,4.0,63.0,21.0,0.0,0.0,32.0,3.0,2.0,2.0,0.0,1.0,10.0,0.0,9.0,13.0,0.0,0.0685358255451713,0.0,0.0124610591900311,0.1962616822429906,0.0654205607476635,0.0,0.0,0.0996884735202492,0.0093457943925233,0.0062305295950155,0.0062305295950155,0.0,0.0031152647975077,0.0311526479750778,0.0,0.02803738317757,0.0404984423676012,0.0,0,0,0,0,0,0,0,0,0,0,0,0,0,0,0,0,0,0,0,0,0,0,0,0,0,0,0,0,0,0,0,0,0,0,0,0,0,0,0,0,0,0,0,1,0,0,0,0,0,0,0,0,0,0,0,0,0,0,0,0,0,0,0,0,0,0,0,0,0,0,0,0,1,0,0,0,0,0,0,0,0,0,0,0,0,0,0,0,0,0,0,0,0,0,0,0,0,0,0,0,0,1,0,1,1,1,1,1,1,1,1,0,1,1,0,1,1,0
288,48,3243,21,63.0,3.0,49.0,31.0,8.0,0.0,0.0,43.0,6.0,14.0,4.0,0.0,18.0,23.0,6.0,5.0,0.0,1.0,0.2386363636363636,0.0113636363636363,0.1856060606060606,0.1174242424242424,0.0303030303030303,0.0,0.0,0.1628787878787878,0.0227272727272727,0.053030303030303,0.0151515151515151,0.0,0.0681818181818181,0.0871212121212121,0.0227272727272727,0.0189393939393939,0.0,0.0037878787878787,0,0,0,0,0,0,0,0,0,0,0,0,0,0,0,0,0,0,0,0,0,0,0,0,0,0,0,0,0,0,0,1,0,0,0,0,0,0,0,0,0,0,0,0,0,0,0,0,0,0,0,0,0,0,0,0,0,0,0,0,0,0,0,0,0,0,0,0,0,1,0,0,0,0,0,0,0,0,0,0,0,0,0,0,0,0,0,0,0,0,0,0,0,0,0,0,0,0,0,0,0,1,1,1,1,1,1,1,1,1,1,0,1,1,1,1,0,1
244,21,2769,13,0.0,5.0,0.0,62.0,0.0,0.0,18.0,42.0,0.0,6.0,3.0,56.0,9.0,32.0,0.0,1.0,6.0,0.0,0.0,0.0204918032786885,0.0,0.2540983606557377,0.0,0.0,0.0737704918032786,0.1721311475409836,0.0,0.0245901639344262,0.0122950819672131,0.2295081967213114,0.0368852459016393,0.1311475409836065,0.0,0.0040983606557377,0.0245901639344262,0.0,0,0,0,0,0,0,0,0,0,0,0,0,0,0,0,0,0,0,0,0,0,0,0,0,0,0,0,0,0,0,0,0,0,0,0,0,0,0,1,0,0,0,0,0,0,0,0,0,0,0,0,0,0,0,0,0,0,0,0,0,0,0,0,0,0,0,0,0,0,0,0,0,0,0,0,0,0,0,0,0,0,0,0,0,0,0,0,0,0,0,0,1,0,0,0,0,0,0,0,0,0,0,1,0,0,1,0,1,0,1,1,1,1,1,0,1,1,0
332,124,2997,21,38.0,5.0,0.0,20.0,7.0,0.0,0.0,42.0,9.0,14.0,4.0,95.0,10.0,27.0,7.0,1.0,12.0,1.0,0.1144578313253012,0.0150602409638554,0.0,0.0602409638554216,0.0210843373493975,0.0,0.0,0.1265060240963855,0.0271084337349397,0.0421686746987951,0.0120481927710843,0.286144578313253,0.0301204819277108,0.0813253012048192,0.0210843373493975,0.003012048192771,0.036144578313253,0.003012048192771,0,0,0,0,0,0,0,0,0,0,0,0,0,0,0,0,0,0,0,0,0,0,0,0,0,0,0,0,0,0,0,0,0,0,0,0,0,0,0,0,0,0,0,0,0,0,0,0,1,0,0,0,0,0,0,0,0,0,0,0,0,0,0,0,0,0,0,0,0,0,0,0,0,0,0,0,0,0,0,0,0,0,0,0,0,0,0,0,0,0,0,1,0,0,0,0,0,0,0,0,0,1,1,1,0,1,1,1,1,1,1,1,1,1,1,1,1,1
253,52,2925,21,0.0,16.0,15.0,18.0,26.0,0.0,0.0,28.0,0.0,14.0,22.0,0.0,10.0,44.0,8.0,0.0,4.0,0.0,0.0,0.054054054054054,0.0506756756756756,0.0608108108108108,0.0878378378378378,0.0,0.0,0.0945945945945946,0.0,0.0472972972972973,0.0743243243243243,0.0,0.0337837837837837,0.1486486486486486,0.027027027027027,0.0,0.0135135135135135,0.0,0,0,0,0,0,0,0,0,0,0,0,0,0,0,0,0,0,0,0,0,0,0,0,0,0,0,0,0,0,0,0,0,0,0,0,0,0,0,0,0,0,0,0,0,0,0,0,0,0,0,0,0,0,1,0,0,0,0,0,0,0,0,0,0,0,0,0,0,0,0,0,0,0,0,0,0,0,0,0,0,0,0,0,0,0,0,0,0,0,1,0,0,0,0,0,0,0,0,0,0,0,0,1,1,1,1,1,1,0,1,1,0,1,1,1,0,1,0
328,64,3229,19,3.0,3.0,4.0,45.0,9.0,0.0,0.0,37.0,28.0,8.0,0.0,86.0,9.0,27.0,4.0,4.0,2.0,0.0,0.0101694915254237,0.0101694915254237,0.0135593220338983,0.1525423728813559,0.0305084745762711,0.0,0.0,0.1254237288135593,0.0949152542372881,0.0271186440677966,0.0,0.2915254237288135,0.0305084745762711,0.0915254237288135,0.0135593220338983,0.0135593220338983,0.0067796610169491,0.0,0,0,0,0,0,0,0,0,0,0,0,0,0,0,0,0,0,0,0,0,0,0,0,0,0,0,0,0,0,0,0,0,0,0,0,0,0,0,0,0,0,0,0,0,0,0,1,0,0,0,0,0,0,0,0,0,0,0,0,0,0,0,0,0,0,0,0,0,0,0,0,0,0,0,0,0,0,0,0,0,0,0,0,1,0,0,0,0,0,0,0,0,0,0,0,0,0,0,0,0,0,1,1,1,1,1,1,1,1,1,0,1,1,1,1,1,1,0
507,91,5280,24,29.0,26.0,10.0,49.0,0.0,55.0,5.0,63.0,12.0,14.0,4.0,115.0,18.0,36.0,16.0,20.0,8.0,1.0,0.0571992110453648,0.0512820512820512,0.019723865877712,0.0966469428007889,0.0,0.1084812623274161,0.009861932938856,0.1242603550295858,0.0236686390532544,0.0276134122287968,0.0078895463510848,0.2268244575936883,0.0355029585798816,0.0710059171597633,0.0315581854043392,0.039447731755424,0.0157790927021696,0.0019723865877712,1,0,0,0,0,0,0,0,0,0,0,0,0,0,0,0,0,0,0,0,0,0,0,0,0,0,0,0,0,0,0,0,0,0,0,0,0,0,0,0,0,0,0,0,0,0,0,1,0,0,0,0,0,0,0,0,0,0,0,0,0,0,0,0,0,0,0,0,0,0,0,0,0,0,1,0,0,0,0,0,0,0,0,0,0,1,0,0,0,0,0,0,0,0,0,0,0,0,0,0,0,1,1,1,1,1,0,1,1,1,1,1,1,1,1,1,1,1
283,35,3064,26,0.0,2.0,9.0,11.0,0.0,0.0,11.0,16.0,0.0,6.0,1.0,100.0,0.0,27.0,6.0,1.0,1.0,26.0,0.0,0.0055401662049861,0.0249307479224376,0.0304709141274238,0.0,0.0,0.0304709141274238,0.0443213296398892,0.0,0.0166204986149584,0.002770083102493,0.2770083102493075,0.0,0.074792243767313,0.0166204986149584,0.002770083102493,0.002770083102493,0.0720221606648199,0,0,0,0,0,0,0,0,0,0,0,0,0,0,0,0,0,0,0,0,0,0,0,0,0,0,0,0,0,0,0,0,0,0,0,0,0,1,0,0,0,0,0,0,0,0,0,0,0,0,0,0,0,0,0,0,0,0,0,0,0,0,0,0,0,1,0,0,0,0,0,0,0,0,0,0,0,0,0,0,0,0,0,0,0,0,0,0,0,0,0,0,0,0,0,0,0,0,0,0,0,0,1,0,1,1,0,1,0,1,1,1,0,1,1,1,1,1
322,42,2890,19,0.0,52.0,6.0,57.0,6.0,0.0,0.0,29.0,0.0,16.0,8.0,0.0,22.0,17.0,12.0,0.0,14.0,8.0,0.0,0.1037924151696606,0.0119760479041916,0.1137724550898203,0.0119760479041916,0.0,0.0,0.0578842315369261,0.0,0.0319361277445109,0.0159680638722554,0.0,0.0439121756487025,0.0339321357285429,0.0239520958083832,0.0,0.0279441117764471,0.0159680638722554,0,0,0,0,0,1,0,0,0,0,0,0,0,0,0,0,0,0,0,0,0,0,0,0,0,0,0,0,0,0,0,0,0,0,0,0,0,0,0,0,0,0,0,0,0,0,0,0,0,0,0,0,0,0,0,0,0,0,0,0,0,0,0,0,0,0,0,0,0,0,0,0,0,0,0,1,0,0,0,0,0,0,0,0,0,0,0,0,0,0,0,0,0,0,0,0,0,0,0,0,0,0,1,1,1,1,1,1,0,1,1,0,1,1,1,0,1,1
239,31,2859,21,41.0,4.0,14.0,15.0,7.0,0.0,0.0,24.0,0.0,18.0,2.0,0.0,16.0,22.0,1.0,17.0,1.0,0.0,0.1673469387755102,0.0163265306122449,0.0571428571428571,0.0612244897959183,0.0285714285714285,0.0,0.0,0.0979591836734693,0.0,0.073469387755102,0.0081632653061224,0.0,0.0653061224489796,0.0897959183673469,0.0040816326530612,0.0693877551020408,0.0040816326530612,0.0,0,0,0,0,0,0,0,0,0,0,0,0,0,0,0,0,0,1,0,0,0,0,0,0,0,0,0,0,0,0,0,0,0,0,0,0,0,0,0,0,0,0,0,0,0,0,0,0,0,0,0,0,0,0,0,0,0,0,0,0,0,0,0,0,0,0,0,0,0,0,0,0,0,0,0,0,0,0,0,0,0,0,0,0,0,0,0,0,0,0,1,0,0,0,0,0,0,0,0,0,0,1,1,1,1,1,1,1,0,1,1,0,1,1,1,1,1,0
390,47,3405,19,38.0,2.0,23.0,56.0,2.0,0.0,0.0,59.0,3.0,12.0,15.0,85.0,16.0,10.0,8.0,3.0,5.0,0.0,0.1450381679389313,0.0076335877862595,0.0877862595419847,0.2137404580152671,0.0076335877862595,0.0,0.0,0.2251908396946564,0.0114503816793893,0.0458015267175572,0.0572519083969465,0.3244274809160305,0.0610687022900763,0.0381679389312977,0.0305343511450381,0.0114503816793893,0.0190839694656488,0.0,0,0,0,0,0,0,0,0,0,0,0,0,0,0,0,0,0,0,0,0,0,0,0,0,0,0,0,0,0,0,0,0,0,0,0,0,0,0,0,0,0,0,0,0,0,0,0,0,0,0,0,1,0,0,0,0,0,0,0,0,0,0,0,0,0,0,0,0,0,0,0,0,0,0,0,0,0,0,0,0,0,0,0,0,0,0,0,0,1,0,0,0,0,0,0,0,0,0,0,0,0,1,1,1,1,1,1,1,1,1,1,1,1,1,1,1,1,0
180,20,2015,21,0.0,3.0,0.0,25.0,0.0,0.0,0.0,19.0,6.0,4.0,1.0,49.0,0.0,15.0,15.0,0.0,2.0,2.0,0.0,0.0115384615384615,0.0,0.0961538461538461,0.0,0.0,0.0,0.073076923076923,0.023076923076923,0.0153846153846153,0.0038461538461538,0.1884615384615384,0.0,0.0576923076923076,0.0576923076923076,0.0,0.0076923076923076,0.0076923076923076,0,0,0,0,0,0,0,0,0,0,0,0,0,0,0,0,0,0,0,0,0,0,0,0,0,0,0,0,0,0,0,0,0,0,0,0,0,0,1,0,0,0,0,0,0,0,0,0,0,0,0,0,0,0,0,0,0,0,0,0,0,0,0,0,0,0,0,1,0,0,0,0,0,0,0,0,0,0,0,0,0,0,0,0,0,0,0,0,0,0,0,0,0,0,0,0,0,0,0,0,0,0,1,0,0,1,0,1,1,1,1,1,0,1,1,0,1,1
238,30,3051,25,45.0,1.0,11.0,26.0,13.0,0.0,0.0,16.0,4.0,15.0,1.0,0.0,18.0,18.0,6.0,11.0,4.0,0.0,0.15625,0.0034722222222222,0.0381944444444444,0.0902777777777777,0.0451388888888888,0.0,0.0,0.0555555555555555,0.0138888888888888,0.0520833333333333,0.0034722222222222,0.0,0.0625,0.0625,0.0208333333333333,0.0381944444444444,0.0138888888888888,0.0,0,0,0,0,0,0,0,0,0,0,0,0,0,0,0,0,0,0,0,0,0,0,0,0,0,0,0,0,1,0,0,0,0,0,0,0,0,0,0,0,0,0,0,0,0,0,0,0,0,0,0,0,0,0,0,0,0,0,0,0,0,0,0,0,0,0,0,0,0,0,0,0,0,0,0,0,0,0,0,0,0,0,0,0,0,0,0,0,0,0,0,0,0,0,1,0,0,0,0,0,0,1,1,0,1,1,1,1,1,1,1,0,1,1,1,1,1,0
262,21,2494,16,0.0,5.0,0.0,38.0,0.0,0.0,0.0,50.0,5.0,8.0,0.0,92.0,9.0,27.0,0.0,7.0,3.0,3.0,0.0,0.0185873605947955,0.0,0.1412639405204461,0.0,0.0,0.0,0.1858736059479553,0.0185873605947955,0.0297397769516728,0.0,0.3420074349442379,0.0334572490706319,0.1003717472118959,0.0,0.0260223048327137,0.0111524163568773,0.0111524163568773,0,0,0,0,0,0,0,0,0,0,0,0,0,0,0,0,0,0,0,1,0,0,0,0,0,0,0,0,0,0,0,0,0,0,0,0,0,0,0,0,0,0,0,0,0,0,0,0,0,0,0,0,0,0,0,0,0,0,0,0,0,0,0,0,0,0,0,0,0,0,0,0,0,0,1,0,0,0,0,0,0,0,0,0,0,1,0,0,0,0,0,0,0,0,0,0,0,0,0,0,0,0,1,1,0,1,0,1,1,1,0,1,1,1,0,1,1,1
290,36,3205,21,45.0,8.0,23.0,67.0,15.0,0.0,0.0,30.0,8.0,5.0,2.0,0.0,4.0,29.0,2.0,12.0,7.0,2.0,0.1530612244897959,0.0272108843537414,0.0782312925170068,0.227891156462585,0.0510204081632653,0.0,0.0,0.1020408163265306,0.0272108843537414,0.0170068027210884,0.0068027210884353,0.0,0.0136054421768707,0.0986394557823129,0.0068027210884353,0.0408163265306122,0.0238095238095238,0.0068027210884353,0,0,0,0,0,0,0,0,0,0,0,0,0,0,0,0,0,1,0,0,0,0,0,0,0,0,0,0,0,0,0,0,0,0,0,0,0,0,0,0,0,0,0,0,0,0,0,0,0,0,0,0,0,0,0,0,0,0,0,0,0,0,0,1,0,0,0,0,0,0,0,0,0,0,0,0,0,0,0,0,0,0,0,0,0,0,0,0,0,0,0,0,0,0,0,0,0,0,0,0,0,1,1,1,1,1,1,1,1,1,1,0,1,1,1,1,1,1
273,59,2965,24,31.0,4.0,0.0,61.0,10.0,0.0,0.0,15.0,0.0,5.0,2.0,0.0,7.0,9.0,5.0,0.0,21.0,15.0,0.1156716417910447,0.0149253731343283,0.0,0.2276119402985074,0.0373134328358208,0.0,0.0,0.0559701492537313,0.0,0.0186567164179104,0.0074626865671641,0.0,0.0261194029850746,0.0335820895522388,0.0186567164179104,0.0,0.0783582089552238,0.0559701492537313,0,0,0,0,0,0,0,0,0,0,0,0,0,0,0,0,0,0,0,0,0,0,0,0,0,0,0,0,0,0,0,0,0,0,0,0,0,0,0,0,0,0,0,1,0,0,0,0,0,0,0,0,0,0,0,0,0,0,0,0,0,0,0,0,0,0,0,0,0,0,0,1,0,0,0,0,0,0,0,0,0,0,0,0,0,0,0,0,0,0,0,0,0,0,0,0,0,0,0,0,0,1,1,1,0,1,1,1,0,1,1,0,1,1,1,0,1,1
310,49,2885,19,75.0,2.0,10.0,23.0,37.0,0.0,0.0,40.0,10.0,9.0,14.0,0.0,9.0,0.0,7.0,6.0,5.0,6.0,0.2586206896551724,0.0068965517241379,0.0344827586206896,0.0793103448275862,0.1275862068965517,0.0,0.0,0.1379310344827586,0.0344827586206896,0.0310344827586206,0.0482758620689655,0.0,0.0310344827586206,0.0,0.0241379310344827,0.0206896551724137,0.0172413793103448,0.0206896551724137,0,0,0,0,0,0,0,0,0,0,0,0,0,0,0,0,0,0,0,0,1,0,0,0,0,0,0,0,0,0,0,0,0,0,0,0,0,0,0,0,0,0,0,0,0,0,0,0,0,0,0,0,0,0,0,0,0,0,0,0,0,0,0,0,0,0,0,0,0,0,0,0,0,0,0,0,0,0,0,0,0,0,0,0,0,0,0,0,1,0,0,0,0,0,0,0,0,0,0,0,0,1,1,1,1,1,1,1,1,1,1,0,1,0,1,1,1,1
248,47,2331,19,0.0,12.0,0.0,43.0,0.0,0.0,5.0,22.0,4.0,14.0,1.0,87.0,7.0,26.0,2.0,3.0,3.0,8.0,0.0,0.0538116591928251,0.0,0.1928251121076233,0.0,0.0,0.0224215246636771,0.0986547085201793,0.0179372197309417,0.0627802690582959,0.0044843049327354,0.3901345291479821,0.0313901345291479,0.116591928251121,0.0089686098654708,0.0134529147982062,0.0134529147982062,0.0358744394618834,0,0,0,0,0,0,0,0,0,0,0,0,0,0,0,0,0,0,0,0,0,0,0,0,0,0,0,0,0,0,0,0,0,0,0,0,0,0,0,1,0,0,0,0,0,0,0,0,0,0,0,0,0,0,0,0,0,0,0,0,0,0,0,0,0,0,0,0,0,0,0,0,0,0,1,0,0,0,0,0,0,0,0,0,0,1,0,0,0,0,0,0,0,0,0,0,0,0,0,0,0,0,1,0,0,1,0,1,1,1,1,1,1,1,1,1,1,1
268,65,3090,24,0.0,13.0,19.0,41.0,11.0,0.0,0.0,18.0,0.0,19.0,6.0,0.0,19.0,23.0,6.0,0.0,4.0,0.0,0.0,0.0534979423868312,0.0781893004115226,0.1687242798353909,0.0452674897119341,0.0,0.0,0.074074074074074,0.0,0.0781893004115226,0.0246913580246913,0.0,0.0781893004115226,0.0946502057613168,0.0246913580246913,0.0,0.0164609053497942,0.0,0,0,0,0,0,0,0,0,0,0,0,0,0,0,0,0,0,0,0,0,0,0,0,0,0,0,0,0,0,0,0,0,0,0,0,0,0,0,0,0,0,0,0,1,0,0,0,0,0,0,0,0,0,0,0,0,0,0,0,0,0,0,0,0,0,0,0,0,0,0,1,0,0,0,0,0,0,0,0,0,0,0,0,0,0,0,0,0,0,0,0,0,0,0,0,0,0,0,0,0,0,0,1,1,1,1,1,1,0,1,1,0,1,1,1,0,1,0
244,44,2804,20,0.0,0.0,3.0,5.0,0.0,0.0,28.0,14.0,15.0,4.0,1.0,79.0,1.0,21.0,0.0,10.0,0.0,4.0,0.0,0.0,0.0066371681415929,0.0110619469026548,0.0,0.0,0.0619469026548672,0.0309734513274336,0.0331858407079646,0.0088495575221238,0.0022123893805309,0.1747787610619469,0.0022123893805309,0.0464601769911504,0.0,0.0221238938053097,0.0,0.0088495575221238,0,0,0,0,0,0,0,0,0,0,0,0,0,0,0,0,0,0,0,0,0,0,0,0,0,0,0,0,0,0,0,0,0,0,0,1,0,0,0,0,0,0,0,0,0,0,0,0,0,0,0,0,0,0,0,0,0,0,0,0,0,0,0,0,0,0,0,0,0,0,0,0,0,0,0,0,0,0,0,0,0,0,0,0,0,0,1,0,0,0,0,0,0,0,0,0,0,0,0,0,0,0,0,0,1,1,0,1,1,1,1,1,1,1,0,1,0,1
296,95,2908,20,33.0,7.0,11.0,31.0,31.0,0.0,0.0,39.0,0.0,10.0,1.0,0.0,5.0,34.0,1.0,0.0,1.0,5.0,0.1166077738515901,0.0247349823321554,0.03886925795053,0.1095406360424028,0.1095406360424028,0.0,0.0,0.1378091872791519,0.0,0.0353356890459364,0.0035335689045936,0.0,0.0176678445229682,0.1201413427561837,0.0035335689045936,0.0,0.0035335689045936,0.0176678445229682,0,0,0,0,0,0,0,0,0,0,0,0,0,0,0,0,0,0,0,0,0,0,0,0,0,0,0,0,0,0,0,0,0,0,0,0,0,0,0,0,0,0,0,1,0,0,0,0,0,0,0,0,0,0,0,0,0,0,0,0,0,0,1,0,0,0,0,0,0,0,0,0,0,0,0,0,0,0,0,0,0,0,0,0,0,0,0,0,0,0,0,0,0,0,0,0,0,0,0,0,0,1,1,1,1,1,1,1,0,1,1,0,1,1,1,0,1,1
416,93,4855,26,23.0,16.0,6.0,73.0,0.0,0.0,0.0,35.0,3.0,8.0,3.0,118.0,11.0,32.0,11.0,0.0,28.0,0.0,0.0626702997275204,0.0435967302452316,0.0163487738419618,0.1989100817438692,0.0,0.0,0.0,0.0953678474114441,0.0081743869209809,0.0217983651226158,0.0081743869209809,0.3215258855585831,0.0299727520435967,0.0871934604904632,0.0299727520435967,0.0,0.0762942779291553,0.0,1,0,0,0,0,0,0,0,0,0,0,0,0,0,0,0,0,0,0,0,0,0,0,0,0,0,0,0,1,0,0,0,0,0,0,0,0,0,0,0,0,0,0,0,0,0,0,0,0,0,0,0,0,0,0,0,0,0,0,0,0,0,0,0,0,0,0,0,0,0,0,0,0,0,0,0,0,0,0,0,0,0,0,0,0,0,0,0,0,0,0,1,0,0,0,0,0,0,0,0,0,1,1,1,1,1,0,1,1,1,1,1,1,1,1,0,1,0
329,44,3177,23,41.0,31.0,5.0,57.0,12.0,0.0,0.0,59.0,2.0,12.0,2.0,0.0,24.0,24.0,11.0,2.0,4.0,5.0,0.1553030303030303,0.1174242424242424,0.0189393939393939,0.2159090909090909,0.0454545454545454,0.0,0.0,0.2234848484848484,0.0075757575757575,0.0454545454545454,0.0075757575757575,0.0,0.0909090909090909,0.0909090909090909,0.0416666666666666,0.0075757575757575,0.0151515151515151,0.0189393939393939,0,0,0,0,0,0,0,0,0,0,0,0,0,0,0,0,0,0,0,0,0,1,0,0,0,0,0,0,0,0,0,0,0,0,0,0,0,0,0,0,0,0,0,0,0,0,0,0,0,0,0,0,0,0,0,0,0,0,0,0,0,1,0,0,0,0,0,0,0,0,0,0,0,0,0,0,0,0,0,0,0,0,0,0,0,0,0,0,0,0,0,0,0,0,0,0,0,0,0,0,0,1,1,1,1,1,1,1,1,1,1,0,1,1,1,1,1,1
551,108,5567,20,14.0,23.0,0.0,67.0,0.0,0.0,16.0,41.0,20.0,13.0,0.0,139.0,3.0,50.0,13.0,78.0,5.0,18.0,0.0454545454545454,0.0746753246753246,0.0,0.2175324675324675,0.0,0.0,0.0519480519480519,0.1331168831168831,0.0649350649350649,0.0422077922077922,0.0,0.4512987012987013,0.0097402597402597,0.1623376623376623,0.0422077922077922,0.2532467532467532,0.0162337662337662,0.0584415584415584,1,0,0,0,0,0,0,0,0,0,0,0,0,0,1,0,0,0,0,0,0,0,0,0,0,0,0,0,0,0,0,0,0,0,0,0,0,0,0,0,0,0,0,0,0,0,0,0,0,0,0,0,0,0,0,0,0,0,0,0,0,0,0,0,0,0,0,0,0,0,0,0,0,0,0,0,0,0,0,0,0,0,0,0,0,0,0,1,0,0,0,0,0,0,0,0,0,0,0,0,0,1,1,1,0,1,0,1,1,1,0,1,1,1,1,1,1,1
290,20,2507,22,0.0,1.0,0.0,32.0,0.0,0.0,46.0,21.0,1.0,8.0,0.0,84.0,0.0,22.0,0.0,3.0,0.0,3.0,0.0,0.0052356020942408,0.0,0.1675392670157068,0.0,0.0,0.2408376963350785,0.1099476439790576,0.0052356020942408,0.0418848167539267,0.0,0.4397905759162304,0.0,0.1151832460732984,0.0,0.0157068062827225,0.0,0.0157068062827225,0,0,0,0,0,0,0,0,0,0,0,0,0,0,0,0,0,0,0,0,0,0,0,0,0,0,1,0,0,0,0,0,0,0,0,0,0,0,0,0,0,0,0,0,0,0,0,0,0,0,0,0,0,0,0,0,0,0,0,0,0,0,0,0,0,0,0,0,0,0,0,0,0,0,0,0,0,0,0,0,0,0,0,0,0,0,0,0,0,0,0,1,0,0,0,0,0,0,0,0,0,0,1,1,0,1,0,1,1,1,0,1,0,1,0,1,0,1
279,52,2947,25,24.0,3.0,0.0,29.0,20.0,0.0,0.0,40.0,3.0,3.0,4.0,52.0,4.0,1.0,1.0,3.0,1.0,0.0,0.0898876404494382,0.0112359550561797,0.0,0.1086142322097378,0.0749063670411985,0.0,0.0,0.149812734082397,0.0112359550561797,0.0112359550561797,0.0149812734082397,0.1947565543071161,0.0149812734082397,0.0037453183520599,0.0037453183520599,0.0112359550561797,0.0037453183520599,0.0,0,0,0,0,0,0,0,0,0,0,0,0,0,0,0,0,0,0,0,0,0,0,0,0,0,0,0,0,0,0,0,0,0,0,0,0,0,0,0,0,0,0,0,0,0,0,0,0,0,0,0,1,0,0,0,0,0,0,0,0,0,0,0,0,0,0,0,0,0,0,0,0,0,0,0,0,0,0,0,0,0,0,1,0,0,0,0,0,0,0,0,0,0,0,0,0,0,0,0,0,0,1,1,1,0,1,1,1,1,1,1,1,1,1,1,1,1,0
220,61,2680,20,14.0,1.0,0.0,17.0,0.0,0.0,0.0,21.0,0.0,20.0,0.0,72.0,2.0,35.0,9.0,0.0,1.0,0.0,0.0498220640569395,0.0035587188612099,0.0,0.0604982206405693,0.0,0.0,0.0,0.0747330960854092,0.0,0.0711743772241993,0.0,0.2562277580071174,0.0071174377224199,0.1245551601423487,0.0320284697508896,0.0,0.0035587188612099,0.0,0,0,0,0,0,0,0,0,0,0,0,0,0,0,0,0,0,0,0,0,0,0,0,0,0,0,0,0,1,0,0,0,0,0,0,0,0,0,0,0,0,0,0,0,0,0,0,0,0,0,0,0,0,0,0,0,0,0,0,0,0,0,0,0,0,1,0,0,0,0,0,0,0,0,0,0,0,0,0,0,0,0,0,0,0,0,0,0,0,0,0,0,0,0,0,0,0,0,0,0,0,1,1,1,0,1,0,1,0,1,0,1,1,1,1,0,1,0
290,46,2815,18,72.0,14.0,7.0,21.0,12.0,0.0,0.0,39.0,3.0,24.0,5.0,0.0,7.0,33.0,7.0,4.0,5.0,0.0,0.2637362637362637,0.0512820512820512,0.0256410256410256,0.0769230769230769,0.0439560439560439,0.0,0.0,0.1428571428571428,0.0109890109890109,0.0879120879120879,0.0183150183150183,0.0,0.0256410256410256,0.1208791208791208,0.0256410256410256,0.0146520146520146,0.0183150183150183,0.0,0,0,0,0,0,0,0,0,0,0,1,0,0,0,0,0,0,0,0,0,0,0,0,0,0,0,0,0,0,0,0,0,0,0,0,0,0,0,0,0,0,0,0,0,0,0,0,0,0,0,0,0,0,0,0,0,0,0,0,0,0,0,0,0,0,0,0,0,0,0,0,0,0,0,0,0,0,0,0,0,0,0,0,0,0,0,0,0,0,0,0,1,0,0,0,0,0,0,0,0,0,1,1,0,1,1,1,1,1,1,1,0,1,1,1,1,1,0
273,72,2512,25,12.0,3.0,0.0,41.0,3.0,38.0,0.0,24.0,0.0,5.0,2.0,55.0,2.0,25.0,4.0,0.0,2.0,2.0,0.0449438202247191,0.0112359550561797,0.0,0.1535580524344569,0.0112359550561797,0.1423220973782771,0.0,0.0898876404494382,0.0,0.0187265917602996,0.0074906367041198,0.2059925093632958,0.0074906367041198,0.0936329588014981,0.0149812734082397,0.0,0.0074906367041198,0.0074906367041198,0,0,0,0,0,0,0,0,0,0,0,0,0,0,0,0,0,0,0,0,0,0,0,0,0,0,0,0,0,0,0,0,0,0,0,0,0,1,0,0,0,0,0,0,0,0,0,0,0,0,0,0,0,0,0,0,0,0,0,0,0,0,0,0,0,0,0,0,0,0,0,0,0,0,0,0,0,0,0,1,0,0,0,0,0,0,0,0,0,0,0,1,0,0,0,0,0,0,0,0,0,1,1,0,0,1,1,1,0,1,1,1,1,1,1,0,1,1
281,55,3469,18,18.0,8.0,0.0,38.0,0.0,0.0,0.0,22.0,9.0,5.0,2.0,105.0,5.0,23.0,1.0,3.0,12.0,4.0,0.1,0.0444444444444444,0.0,0.2111111111111111,0.0,0.0,0.0,0.1222222222222222,0.05,0.0277777777777777,0.0111111111111111,0.5833333333333334,0.0277777777777777,0.1277777777777777,0.0055555555555555,0.0166666666666666,0.0666666666666666,0.0222222222222222,0,0,0,0,0,0,0,0,0,0,0,0,0,0,0,0,0,0,0,0,0,0,0,0,0,1,0,0,0,0,0,0,0,0,0,0,0,0,0,0,0,0,0,0,0,0,0,0,0,0,0,0,0,0,0,0,0,0,0,0,0,0,0,0,0,0,0,0,0,0,0,0,0,0,0,0,1,0,0,1,0,0,0,0,0,0,0,0,0,0,0,0,0,0,0,0,0,0,0,0,0,1,1,1,0,1,0,1,1,1,1,1,1,1,1,1,1,1
309,55,2885,21,16.0,3.0,0.0,17.0,0.0,0.0,0.0,35.0,1.0,10.0,0.0,78.0,1.0,65.0,2.0,11.0,4.0,0.0,0.0384615384615384,0.0072115384615384,0.0,0.0408653846153846,0.0,0.0,0.0,0.0841346153846153,0.0024038461538461,0.0240384615384615,0.0,0.1875,0.0024038461538461,0.15625,0.0048076923076923,0.0264423076923076,0.0096153846153846,0.0,0,0,0,0,0,0,0,0,0,0,0,0,0,0,0,0,0,0,0,0,0,0,0,0,0,0,0,0,0,0,0,0,0,0,0,0,0,0,0,0,0,0,0,0,0,0,0,1,0,0,0,0,0,0,0,0,0,0,0,0,0,0,0,0,0,1,0,0,0,0,0,0,0,0,0,0,0,0,0,0,0,0,0,0,0,0,0,0,0,0,0,0,0,0,0,0,0,0,0,0,0,1,1,1,0,1,0,1,1,1,0,1,1,1,1,1,1,0
185,18,2108,23,0.0,2.0,0.0,22.0,0.0,0.0,0.0,11.0,9.0,6.0,3.0,45.0,4.0,26.0,0.0,15.0,1.0,3.0,0.0,0.0042194092827004,0.0,0.0464135021097046,0.0,0.0,0.0,0.0232067510548523,0.0189873417721519,0.0126582278481012,0.0063291139240506,0.0949367088607595,0.0084388185654008,0.0548523206751054,0.0,0.0316455696202531,0.0021097046413502,0.0063291139240506,0,0,0,0,0,0,0,0,0,0,0,0,0,0,0,0,0,0,0,0,0,0,0,0,0,0,0,0,0,0,0,0,0,0,1,0,0,0,0,0,0,0,0,0,0,0,0,0,0,0,0,0,0,0,0,0,0,0,0,0,0,0,0,0,0,0,1,0,0,0,0,0,0,0,0,0,0,0,0,0,0,0,0,0,0,0,0,0,0,0,0,0,0,0,0,0,0,0,0,0,0,0,1,1,0,1,0,1,1,1,1,1,1,1,0,1,1,1
255,26,2816,15,23.0,3.0,13.0,32.0,0.0,0.0,0.0,23.0,1.0,8.0,0.0,87.0,2.0,16.0,7.0,6.0,23.0,10.0,0.0942622950819672,0.0122950819672131,0.0532786885245901,0.1311475409836065,0.0,0.0,0.0,0.0942622950819672,0.0040983606557377,0.0327868852459016,0.0,0.3565573770491803,0.0081967213114754,0.0655737704918032,0.0286885245901639,0.0245901639344262,0.0942622950819672,0.040983606557377,0,0,0,0,0,0,0,0,0,0,0,0,0,0,0,0,0,0,0,0,0,0,0,0,0,0,0,0,0,0,0,0,0,0,0,0,0,0,0,0,0,0,0,0,0,0,0,0,0,0,0,1,0,0,0,0,0,0,0,0,0,0,0,0,0,0,1,0,0,0,0,0,0,0,0,0,0,0,0,0,0,0,0,1,0,0,0,0,0,0,0,0,0,0,0,0,0,0,0,0,0,1,1,1,1,1,0,1,1,1,0,1,1,1,1,1,1,1
194,81,2245,28,2.0,0.0,0.0,4.0,1.0,15.0,4.0,6.0,1.0,4.0,0.0,75.0,2.0,8.0,0.0,2.0,0.0,0.0,0.0071942446043165,0.0,0.0,0.014388489208633,0.0035971223021582,0.0539568345323741,0.014388489208633,0.0215827338129496,0.0035971223021582,0.014388489208633,0.0,0.2697841726618705,0.0071942446043165,0.0287769784172661,0.0,0.0071942446043165,0.0,0.0,0,0,0,0,0,0,0,0,0,0,0,0,0,0,0,0,0,0,0,0,0,0,0,0,0,0,0,0,0,0,0,0,0,0,0,0,0,0,0,0,0,0,0,0,0,0,0,0,0,0,0,0,0,0,0,0,0,0,0,1,0,0,0,0,0,1,0,0,0,0,0,0,0,0,0,0,0,0,0,0,0,0,0,0,0,0,0,0,0,0,0,0,0,0,0,0,0,0,0,0,0,1,0,1,0,1,1,1,1,1,0,1,1,1,0,1,0,0
295,43,3183,17,24.0,1.0,0.0,39.0,23.0,0.0,0.0,33.0,11.0,5.0,4.0,68.0,6.0,5.0,4.0,19.0,0.0,0.0,0.0653950953678474,0.0027247956403269,0.0,0.106267029972752,0.0626702997275204,0.0,0.0,0.0899182561307901,0.0299727520435967,0.0136239782016348,0.0108991825613079,0.1852861035422343,0.0163487738419618,0.0136239782016348,0.0108991825613079,0.0517711171662125,0.0,0.0,0,0,0,0,0,0,0,0,0,0,0,0,0,0,0,0,0,0,0,0,0,0,0,0,0,0,0,0,0,0,0,0,0,0,0,0,0,0,0,0,0,0,1,0,0,0,0,0,0,0,0,0,0,0,0,0,0,0,0,0,0,0,0,0,0,0,0,0,0,0,0,0,0,0,0,0,0,0,0,0,0,0,0,0,0,0,0,0,1,0,0,0,0,0,0,0,0,0,0,0,0,1,1,0,0,1,1,1,1,1,1,1,1,1,1,1,0,0
298,41,2876,20,6.0,2.0,0.0,38.0,0.0,0.0,0.0,31.0,10.0,2.0,2.0,90.0,3.0,26.0,3.0,18.0,0.0,29.0,0.0219780219780219,0.0073260073260073,0.0,0.1391941391941392,0.0,0.0,0.0,0.1135531135531135,0.0366300366300366,0.0073260073260073,0.0073260073260073,0.3296703296703296,0.0109890109890109,0.0952380952380952,0.0109890109890109,0.0659340659340659,0.0,0.1062271062271062,0,0,0,0,0,0,0,0,0,0,0,0,0,0,0,0,0,0,0,0,0,0,0,0,0,0,0,1,0,0,0,0,0,0,0,0,0,0,0,0,0,0,0,0,0,0,0,0,0,0,0,0,0,0,0,0,0,0,0,0,0,0,0,0,0,0,0,0,0,0,0,0,0,0,0,0,0,0,0,0,0,0,0,0,0,0,0,0,1,0,0,0,0,0,0,0,0,0,0,0,0,1,1,1,0,1,0,1,1,1,1,1,1,1,1,1,0,1
247,55,3038,18,24.0,6.0,0.0,30.0,15.0,0.0,0.0,47.0,1.0,11.0,4.0,67.0,8.0,12.0,5.0,1.0,6.0,0.0,0.0895522388059701,0.0223880597014925,0.0,0.1119402985074626,0.0559701492537313,0.0,0.0,0.1753731343283582,0.003731343283582,0.0410447761194029,0.0149253731343283,0.25,0.0298507462686567,0.044776119402985,0.0186567164179104,0.003731343283582,0.0223880597014925,0.0,0,0,0,0,0,0,0,0,0,0,0,0,0,0,0,0,0,0,0,0,0,0,0,0,1,0,0,0,0,0,0,0,0,0,0,0,0,0,0,0,0,0,0,0,0,0,0,0,0,0,0,0,0,0,0,0,0,0,0,0,0,0,0,0,0,0,0,0,0,0,0,0,1,0,0,0,0,0,0,0,0,0,0,0,0,0,0,0,0,0,0,0,0,0,0,0,0,0,0,0,0,1,1,1,0,1,1,1,1,1,1,1,1,1,1,1,1,0
236,52,2737,19,4.0,6.0,0.0,36.0,0.0,0.0,12.0,15.0,5.0,2.0,1.0,83.0,0.0,25.0,3.0,6.0,5.0,3.0,0.0112676056338028,0.0169014084507042,0.0,0.1014084507042253,0.0,0.0,0.0338028169014084,0.0422535211267605,0.0140845070422535,0.0056338028169014,0.0028169014084507,0.2338028169014084,0.0,0.0704225352112676,0.0084507042253521,0.0169014084507042,0.0140845070422535,0.0084507042253521,0,0,0,0,0,0,0,0,0,0,0,0,0,0,0,0,0,0,0,0,0,0,0,0,0,0,0,0,0,0,0,0,0,0,0,0,0,0,0,0,0,0,0,0,0,0,0,0,0,0,0,0,0,0,1,0,0,0,0,0,0,0,0,0,0,0,0,0,0,0,0,0,0,0,0,0,0,0,0,1,0,0,0,0,0,0,0,0,0,0,0,0,0,0,0,0,0,0,0,0,0,1,1,1,0,1,0,1,1,1,1,1,0,1,1,1,1,1
339,52,3011,20,20.0,11.0,14.0,60.0,19.0,0.0,0.0,55.0,8.0,4.0,0.0,0.0,10.0,15.0,4.0,20.0,6.0,0.0,0.0840336134453781,0.0462184873949579,0.0588235294117647,0.2521008403361344,0.0798319327731092,0.0,0.0,0.2310924369747899,0.0336134453781512,0.0168067226890756,0.0,0.0,0.042016806722689,0.0630252100840336,0.0168067226890756,0.0840336134453781,0.0252100840336134,0.0,0,0,0,0,0,0,1,0,0,0,0,0,0,0,0,0,0,0,0,0,0,0,0,0,0,0,0,0,0,0,0,0,0,0,0,0,0,0,0,0,0,0,0,0,0,0,0,0,0,0,0,0,0,0,0,0,0,0,0,0,0,0,0,0,0,0,0,0,0,0,0,0,0,0,0,0,0,1,0,0,0,0,0,0,0,0,0,0,0,0,0,0,0,0,0,0,0,0,0,0,1,1,1,0,1,1,1,1,1,1,0,0,1,1,1,1,1,0
241,29,2617,23,61.0,7.0,9.0,26.0,5.0,0.0,0.0,22.0,3.0,4.0,5.0,0.0,9.0,10.0,3.0,7.0,1.0,6.0,0.2337164750957854,0.0268199233716475,0.0344827586206896,0.0996168582375478,0.0191570881226053,0.0,0.0,0.0842911877394636,0.0114942528735632,0.0153256704980842,0.0191570881226053,0.0,0.0344827586206896,0.0383141762452107,0.0114942528735632,0.0268199233716475,0.003831417624521,0.0229885057471264,0,0,0,0,0,0,0,0,0,0,0,0,0,0,0,0,0,1,0,0,0,0,0,0,0,0,0,0,0,0,0,0,0,0,0,0,0,0,0,0,0,0,0,0,0,0,0,0,0,0,0,0,0,0,0,0,0,0,0,0,0,0,0,0,0,0,0,0,0,0,0,0,0,0,0,0,0,0,0,0,0,0,0,1,0,0,0,0,0,0,0,0,0,0,0,0,0,0,0,0,0,1,1,0,1,1,1,1,1,1,1,0,1,1,1,1,1,1
283,39,2999,33,0.0,6.0,24.0,44.0,18.0,0.0,0.0,37.0,0.0,10.0,2.0,0.0,8.0,48.0,3.0,0.0,1.0,7.0,0.0,0.01875,0.075,0.1375,0.05625,0.0,0.0,0.115625,0.0,0.03125,0.00625,0.0,0.025,0.15,0.009375,0.0,0.003125,0.021875,0,0,0,0,0,0,0,0,0,0,0,0,0,0,0,0,0,0,0,0,0,0,0,0,0,0,0,0,0,0,0,0,0,0,0,0,1,0,0,0,0,0,0,0,0,0,0,0,0,0,0,0,0,0,0,0,0,0,0,0,0,0,0,0,0,0,0,0,0,0,0,0,0,1,0,0,0,0,0,0,0,1,0,0,0,0,0,0,0,0,0,0,0,0,0,0,0,0,0,0,0,0,1,1,1,1,1,1,0,1,1,0,1,1,1,0,1,1
308,40,2819,25,4.0,4.0,0.0,42.0,0.0,0.0,0.0,37.0,3.0,3.0,1.0,87.0,7.0,13.0,3.0,60.0,4.0,8.0,0.0171673819742489,0.0171673819742489,0.0,0.1802575107296137,0.0,0.0,0.0,0.1587982832618025,0.0128755364806866,0.0128755364806866,0.0042918454935622,0.3733905579399141,0.0300429184549356,0.055793991416309,0.0128755364806866,0.2575107296137339,0.0171673819742489,0.0343347639484978,0,0,0,0,0,0,0,0,0,0,0,0,0,0,0,0,0,0,0,0,0,0,0,0,0,0,0,0,0,0,0,0,0,0,0,0,0,0,1,0,0,0,0,0,0,0,0,0,0,0,0,0,0,0,0,0,0,0,0,0,0,0,0,0,0,0,0,0,0,0,0,0,0,0,0,0,0,0,0,0,0,0,0,0,0,0,0,0,1,0,0,0,0,0,0,0,0,0,0,0,0,1,1,1,0,1,0,1,1,1,1,1,1,1,1,1,1,1
315,84,2862,17,9.0,5.0,0.0,30.0,12.0,0.0,0.0,60.0,10.0,6.0,4.0,85.0,6.0,60.0,2.0,8.0,1.0,15.0,0.0292207792207792,0.0162337662337662,0.0,0.0974025974025974,0.0389610389610389,0.0,0.0,0.1948051948051948,0.0324675324675324,0.0194805194805194,0.0129870129870129,0.275974025974026,0.0194805194805194,0.1948051948051948,0.0064935064935064,0.0259740259740259,0.0032467532467532,0.0487012987012987,0,0,0,0,0,0,0,0,0,0,0,0,0,0,0,0,0,0,0,0,0,0,1,0,0,0,0,0,0,0,0,0,0,0,0,0,0,0,0,0,1,0,0,0,0,0,0,0,0,0,0,0,0,0,0,0,0,0,0,0,0,0,0,0,0,0,0,0,0,0,0,0,0,0,1,0,0,0,0,0,0,0,0,0,0,1,0,0,0,0,0,0,0,0,0,0,0,0,0,0,0,1,1,1,0,1,1,1,1,1,1,1,1,1,1,1,1,1
474,52,3984,21,41.0,4.0,0.0,73.0,0.0,0.0,6.0,66.0,6.0,7.0,2.0,125.0,0.0,36.0,8.0,9.0,4.0,16.0,0.1459074733096085,0.0142348754448398,0.0,0.2597864768683274,0.0,0.0,0.0213523131672597,0.2348754448398576,0.0213523131672597,0.0249110320284697,0.0071174377224199,0.4448398576512455,0.0,0.1281138790035587,0.0284697508896797,0.0320284697508896,0.0142348754448398,0.0569395017793594,0,0,0,0,0,0,0,0,0,0,0,0,0,0,0,0,0,0,0,0,0,0,0,0,0,0,0,0,0,0,0,0,0,0,0,0,0,0,1,0,0,0,0,0,0,0,0,0,0,0,0,0,0,0,0,0,0,0,0,0,0,0,0,0,0,0,1,0,0,0,0,0,0,0,0,0,0,0,0,0,0,0,0,0,0,0,0,0,0,0,0,0,0,0,0,0,0,0,0,0,0,1,1,1,0,1,0,1,1,1,1,1,0,1,1,1,1,1
245,34,3209,23,17.0,4.0,6.0,19.0,4.0,0.0,0.0,13.0,5.0,7.0,0.0,67.0,2.0,17.0,5.0,2.0,2.0,7.0,0.0604982206405693,0.0142348754448398,0.0213523131672597,0.0676156583629893,0.0142348754448398,0.0,0.0,0.0462633451957295,0.0177935943060498,0.0249110320284697,0.0,0.2384341637010676,0.0071174377224199,0.0604982206405693,0.0177935943060498,0.0071174377224199,0.0071174377224199,0.0249110320284697,0,0,0,0,0,0,0,0,0,0,0,0,0,0,0,0,0,0,0,0,0,0,0,0,0,0,0,0,0,0,0,0,0,0,0,0,0,0,0,0,0,0,0,0,0,0,0,0,1,0,0,0,0,0,0,0,0,0,0,0,0,0,0,0,0,0,0,0,0,0,0,0,0,0,0,0,0,1,0,0,0,0,0,0,0,0,0,0,0,0,0,0,0,0,0,0,0,0,0,0,1,1,1,1,1,1,1,1,1,1,0,1,1,1,1,1,1,1
452,53,4902,28,11.0,4.0,10.0,39.0,0.0,0.0,31.0,41.0,13.0,10.0,1.0,136.0,25.0,50.0,2.0,21.0,7.0,2.0,0.0585106382978723,0.0212765957446808,0.0531914893617021,0.2074468085106383,0.0,0.0,0.1648936170212765,0.2180851063829787,0.0691489361702127,0.0531914893617021,0.0053191489361702,0.723404255319149,0.1329787234042553,0.2659574468085106,0.0106382978723404,0.1117021276595744,0.0372340425531914,0.0106382978723404,1,0,0,0,0,0,0,0,0,0,0,0,0,0,0,0,0,0,0,0,0,0,0,0,0,0,0,0,0,0,0,0,0,0,0,0,0,0,0,0,0,0,0,0,0,0,0,0,0,1,0,0,0,0,0,0,0,0,0,0,0,0,0,0,0,0,0,0,0,0,0,0,0,0,0,0,0,0,0,0,0,0,0,0,0,0,0,0,0,0,0,1,0,0,0,0,0,0,0,0,0,1,1,1,1,1,0,1,1,1,1,1,1,1,1,1,1,1
225,24,2638,23,33.0,16.0,3.0,42.0,4.0,0.0,0.0,21.0,2.0,7.0,2.0,0.0,9.0,19.0,1.0,1.0,3.0,11.0,0.1466666666666666,0.0711111111111111,0.0133333333333333,0.1866666666666666,0.0177777777777777,0.0,0.0,0.0933333333333333,0.0088888888888888,0.0311111111111111,0.0088888888888888,0.0,0.04,0.0844444444444444,0.0044444444444444,0.0044444444444444,0.0133333333333333,0.0488888888888888,0,0,0,0,0,0,0,0,0,0,0,0,0,0,0,0,0,0,0,0,0,0,0,0,1,0,0,0,0,0,0,0,0,0,0,0,0,0,0,0,0,0,0,0,0,0,0,0,0,0,0,0,0,0,0,0,0,0,0,0,0,0,0,0,0,0,0,0,0,0,0,0,0,0,0,0,1,0,0,0,0,0,0,0,0,0,0,0,0,0,0,0,0,0,0,0,0,0,0,0,0,1,1,1,1,1,1,1,1,1,1,0,1,1,1,1,1,1
304,42,3289,16,3.0,5.0,0.0,29.0,3.0,0.0,0.0,91.0,4.0,14.0,9.0,86.0,12.0,18.0,13.0,5.0,3.0,0.0,0.0083565459610027,0.0139275766016713,0.0,0.0807799442896936,0.0083565459610027,0.0,0.0,0.2534818941504178,0.011142061281337,0.0389972144846796,0.0250696378830083,0.2395543175487465,0.0334261838440111,0.0501392757660167,0.0362116991643454,0.0139275766016713,0.0083565459610027,0.0,0,0,0,0,0,0,0,0,0,0,0,0,0,0,0,0,0,0,0,0,0,0,0,0,0,0,0,0,0,1,0,0,0,0,0,0,0,0,0,0,0,0,0,0,0,0,0,0,0,0,0,0,0,0,0,0,0,0,0,0,0,0,0,0,0,0,0,0,0,0,0,0,0,0,0,0,0,0,0,1,0,0,0,0,0,0,0,0,0,0,0,0,0,0,0,0,0,0,0,0,0,1,1,1,0,1,1,1,1,1,1,1,1,1,1,1,1,0
480,142,4672,29,28.0,37.0,3.0,61.0,0.0,0.0,0.0,44.0,5.0,14.0,3.0,108.0,1.0,57.0,12.0,8.0,3.0,8.0,0.0936454849498327,0.1237458193979933,0.0100334448160535,0.2040133779264214,0.0,0.0,0.0,0.1471571906354515,0.0167224080267558,0.0468227424749163,0.0100334448160535,0.3612040133779264,0.0033444816053511,0.1906354515050167,0.040133779264214,0.0267558528428093,0.0100334448160535,0.0267558528428093,1,0,0,0,0,0,0,0,0,0,0,0,0,0,0,0,0,0,0,0,0,0,0,0,0,1,0,0,0,0,0,0,0,0,0,0,0,0,0,0,0,0,0,0,0,0,0,0,0,0,0,0,0,0,0,0,0,0,0,0,0,0,0,0,0,0,0,0,0,0,0,0,0,0,0,0,0,0,0,1,0,0,0,0,0,0,0,0,0,0,0,0,0,0,0,0,0,0,0,0,0,1,1,1,1,1,0,1,1,1,1,1,1,1,1,1,1,1
208,37,2648,22,21.0,2.0,10.0,10.0,0.0,0.0,0.0,28.0,0.0,3.0,3.0,61.0,1.0,18.0,7.0,8.0,1.0,0.0,0.0406976744186046,0.003875968992248,0.0193798449612403,0.0193798449612403,0.0,0.0,0.0,0.0542635658914728,0.0,0.005813953488372,0.005813953488372,0.1182170542635659,0.001937984496124,0.0348837209302325,0.0135658914728682,0.0155038759689922,0.001937984496124,0.0,0,0,0,0,0,0,0,0,0,0,0,0,0,0,0,0,0,0,0,0,0,0,0,0,0,0,0,1,0,0,0,0,0,0,0,0,0,0,0,0,0,0,0,0,0,0,0,0,0,0,0,0,0,0,0,0,0,0,0,0,0,0,0,0,0,1,0,0,0,0,0,0,0,0,0,0,0,0,0,0,0,0,0,0,0,0,0,0,0,0,0,0,0,0,0,0,0,0,0,0,0,1,1,1,1,1,0,1,1,1,1,1,1,1,1,1,1,0
299,11,2563,21,0.0,9.0,0.0,37.0,0.0,0.0,12.0,32.0,8.0,3.0,1.0,108.0,0.0,30.0,2.0,3.0,1.0,6.0,0.0,0.0416666666666666,0.0,0.1712962962962963,0.0,0.0,0.0555555555555555,0.1481481481481481,0.037037037037037,0.0138888888888888,0.0046296296296296,0.5,0.0,0.1388888888888889,0.0092592592592592,0.0138888888888888,0.0046296296296296,0.0277777777777777,0,0,0,0,0,0,0,0,0,0,0,0,0,0,0,0,0,0,0,0,0,0,0,0,0,0,0,0,0,0,0,0,0,0,0,0,0,0,1,0,0,0,0,0,0,0,0,0,0,0,0,0,0,0,0,0,0,0,0,0,0,0,0,0,0,0,0,0,0,0,0,0,0,0,1,0,0,0,0,0,0,0,0,0,0,1,0,0,0,0,0,0,0,0,0,0,0,0,0,0,0,0,1,1,0,1,0,1,1,1,1,1,0,1,1,1,1,1
284,46,2833,25,51.0,0.0,3.0,19.0,25.0,12.0,0.0,24.0,12.0,9.0,0.0,37.0,14.0,18.0,3.0,8.0,2.0,0.0,0.1307692307692307,0.0,0.0076923076923076,0.0487179487179487,0.0641025641025641,0.0307692307692307,0.0,0.0615384615384615,0.0307692307692307,0.023076923076923,0.0,0.0948717948717948,0.0358974358974358,0.0461538461538461,0.0076923076923076,0.0205128205128205,0.0051282051282051,0.0,0,0,0,0,1,0,0,0,0,0,0,0,0,0,0,0,0,0,0,0,0,0,0,0,0,0,0,0,0,0,0,0,0,0,0,0,0,0,0,0,0,0,0,0,0,0,0,0,0,0,0,0,0,0,0,0,0,0,0,0,0,0,0,0,0,0,0,0,0,0,0,0,0,0,0,0,0,0,0,0,0,0,0,0,0,0,0,0,0,0,0,0,0,0,0,0,0,0,1,0,0,1,0,1,1,1,1,1,1,1,0,1,1,1,1,1,1,0
264,18,2813,20,29.0,17.0,0.0,33.0,0.0,0.0,1.0,39.0,2.0,7.0,0.0,48.0,0.0,26.0,10.0,8.0,8.0,0.0,0.1228813559322034,0.0720338983050847,0.0,0.1398305084745762,0.0,0.0,0.0042372881355932,0.1652542372881356,0.0084745762711864,0.0296610169491525,0.0,0.2033898305084746,0.0,0.1101694915254237,0.0423728813559322,0.0338983050847457,0.0338983050847457,0.0,0,0,0,0,0,0,0,0,0,0,0,0,0,0,0,0,0,0,0,0,0,0,0,0,1,0,0,0,0,0,0,0,0,0,0,0,0,0,0,0,0,0,0,0,0,0,0,0,0,0,0,0,0,0,0,0,0,0,0,0,0,0,0,0,0,0,0,0,0,0,0,0,0,0,1,0,0,0,0,0,0,0,0,0,0,1,0,1,0,0,0,0,0,0,0,0,0,0,0,0,0,1,1,0,0,1,0,1,1,1,0,1,0,1,1,1,1,0
264,106,2957,23,20.0,3.0,26.0,45.0,15.0,0.0,0.0,45.0,3.0,19.0,1.0,0.0,4.0,10.0,6.0,2.0,2.0,16.0,0.064516129032258,0.0096774193548387,0.0838709677419354,0.1451612903225806,0.0483870967741935,0.0,0.0,0.1451612903225806,0.0096774193548387,0.0612903225806451,0.0032258064516129,0.0,0.0129032258064516,0.032258064516129,0.0193548387096774,0.0064516129032258,0.0064516129032258,0.0516129032258064,0,0,0,0,0,0,0,0,0,0,0,0,0,0,0,0,0,0,0,0,0,0,0,0,0,0,0,0,0,0,0,0,0,0,0,0,0,0,0,0,0,0,0,1,0,0,0,0,0,0,0,0,0,0,0,0,0,0,0,0,0,0,0,0,0,0,0,0,0,0,0,0,0,0,0,0,0,0,0,0,0,0,0,0,0,0,0,0,0,0,0,0,0,0,1,0,0,0,0,0,0,1,1,1,1,1,1,1,1,1,1,0,1,1,1,1,1,1
